{
	"editor": {
		"allAngles": false,
		"singleTexture": false
	},
	"textureWidth": 16,
	"textureHeight": 16,
	"textures": {
		"acornbreadblueberry": "item/food/grain/acornbreadblueberry"
	},
	"elements": [
		{
			"name": "acornbreadblueberry 19",
			"from": [ 6.5, 0.0, 5.0 ], 
			"to": [ 9.5, 2.0, 11.0 ], 
			"rotationOrigin": [ 8.0, 0.0, 8.0 ],
			"faces": {
				"north": { "texture": "#acornbreadblueberry", "uv": [ 2.0, 6.0, 5.0, 8.0 ] },
				"east": { "texture": "#acornbreadblueberry", "uv": [ 0.0, 6.0, 6.0, 8.0 ] },
				"south": { "texture": "#acornbreadblueberry", "uv": [ 0.5, 6.0, 3.5, 8.0 ] },
				"west": { "texture": "#acornbreadblueberry", "uv": [ 0.0, 6.0, 6.0, 8.0 ] },
				"up": { "texture": "#acornbreadblueberry", "uv": [ 0.5, 1.0, 3.5, 7.0 ], "autoUv": false },
				"down": { "texture": "#acornbreadblueberry", "uv": [ 4.0, 0.0, 7.0, 6.0 ] }
			},
			"children": [
				{
					"name": "acornbreadblueberry 1 top20",
					"from": [ 0.5, 2.0, 0.5 ], 
					"to": [ 2.5, 2.5, 5.5 ], 
					"faces": {
						"north": { "texture": "#acornbreadblueberry", "uv": [ 1.0, 1.5, 3.0, 2.0 ] },
						"east": { "texture": "#acornbreadblueberry", "uv": [ 0.5, 1.0, 1.0, 6.0 ], "rotation": 90 },
						"south": { "texture": "#acornbreadblueberry", "uv": [ 1.0, 5.5, 3.0, 6.0 ] },
						"west": { "texture": "#acornbreadblueberry", "uv": [ 3.5, 1.0, 4.0, 6.0 ], "rotation": 90 },
						"up": { "texture": "#acornbreadblueberry", "uv": [ 1.0, 1.0, 3.0, 6.0 ] },
						"down": { "texture": "#acornbreadblueberry", "uv": [ 5.0, 2.0, 7.0, 7.0 ], "enabled": false }
					}
				}
			]
		}
	]}