{
	"editor": {
		"allAngles": false,
		"singleTexture": false
	},
	"textureWidth": 16,
	"textureHeight": 16,
	"textures": {
		"ricebreadcranberry": "item/food/grain/ricebreadcranberry"
	},
	"elements": [
		{
			"name": "ricebreadcranberry 1",
			"from": [ 6.25, 0.0, 5.5 ], 
			"to": [ 9.75, 1.5, 10.5 ], 
			"rotationOrigin": [ 8.0, 0.0, 8.0 ],
			"faces": {
				"north": { "texture": "#ricebreadcranberry", "uv": [ 0.5, 6.0, 4.0, 7.5 ] },
				"east": { "texture": "#ricebreadcranberry", "uv": [ 0.0, 6.5, 5.0, 8.0 ] },
				"south": { "texture": "#ricebreadcranberry", "uv": [ 1.0, 5.5, 4.5, 7.0 ] },
				"west": { "texture": "#ricebreadcranberry", "uv": [ 0.0, 6.0, 5.0, 7.5 ] },
				"up": { "texture": "#ricebreadcranberry", "uv": [ 0.5, 1.5, 4.0, 6.5 ] },
				"down": { "texture": "#ricebreadcranberry", "uv": [ 4.5, 0.0, 8.0, 5.0 ] }
			},
			"children": [
				{
					"name": "ricebreadcranberry 1 top",
					"from": [ 0.5, 1.5, 0.5 ], 
					"to": [ 3.0, 2.0, 4.5 ], 
					"faces": {
						"north": { "texture": "#ricebreadcranberry", "uv": [ 1.0, 1.5, 3.5, 2.0 ] },
						"east": { "texture": "#ricebreadcranberry", "uv": [ 0.5, 2.0, 1.0, 6.0 ], "rotation": 90 },
						"south": { "texture": "#ricebreadcranberry", "uv": [ 2.0, 6.5, 4.5, 7.0 ] },
						"west": { "texture": "#ricebreadcranberry", "uv": [ 3.5, 2.0, 4.0, 6.0 ], "rotation": 90 },
						"up": { "texture": "#ricebreadcranberry", "uv": [ 1.0, 2.0, 3.5, 6.0 ] },
						"down": { "texture": "#ricebreadcranberry", "uv": [ 5.0, 2.0, 7.5, 6.0 ], "enabled": false }
					}
				}
			]
		}
	]}