{
	"editor": {
		"allAngles": false,
		"entityTextureMode": false
	},
	"textureWidth": 16,
	"textureHeight": 16,
	"textureSizes": {
	},
	"textures": {
		"rot": "game:block/rot/rot",
		"oak": "game:block/wood/bark/oak",
		"almond": "game:block/present/almond"
	},
	"elements": [
		{
			"name": "base",
			"from": [ 7.0, 0.0, 7.0 ], 
			"to": [ 9.0, 1.0, 9.0 ], 
			"rotationOrigin": [ 7.0, 0.0, 7.0 ],
			"faces": {
				"north": { "texture": "#oak", "uv": [ 1.0, 4.0, 3.0, 5.0 ] },
				"east": { "texture": "#oak", "uv": [ 0.5, 1.0, 2.5, 2.0 ] },
				"south": { "texture": "#oak", "uv": [ 0.5, 3.5, 2.5, 4.5 ] },
				"west": { "texture": "#oak", "uv": [ 1.0, 3.0, 3.0, 4.0 ] },
				"up": { "texture": "#oak", "uv": [ 0.5, 2.5, 2.5, 4.5 ] },
				"down": { "texture": "#oak", "uv": [ 0.5, 1.5, 2.5, 3.5 ] }
			},
			"children": [
				{
					"name": "leg",
					"from": [ 0.3, 1.0, 0.3 ], 
					"to": [ 1.7, 11.0, 1.7 ], 
					"rotationOrigin": [ 0.3, 1.0, 0.3 ],
					"faces": {
						"north": { "texture": "#oak", "uv": [ 0.0, 0.0, 1.0, 10.0 ] },
						"east": { "texture": "#oak", "uv": [ 0.0, 0.0, 1.0, 10.0 ] },
						"south": { "texture": "#oak", "uv": [ 0.0, 0.0, 1.0, 10.0 ] },
						"west": { "texture": "#oak", "uv": [ 0.0, 0.0, 1.0, 10.0 ] },
						"up": { "texture": "#oak", "uv": [ 0.0, 0.0, 1.0, 1.0 ] },
						"down": { "texture": "#oak", "uv": [ 0.0, 0.0, 1.0, 1.0 ] }
					},
					"children": [
						{
							"name": "head1",
							"from": [ -2.2, 10.0, -2.2 ], 
							"to": [ 3.8, 11.0, 3.8 ], 
							"rotationOrigin": [ -2.2, 10.0, -2.2 ],
							"faces": {
								"north": { "texture": "#almond", "uv": [ 0.0, 0.0, 6.0, 1.0 ] },
								"east": { "texture": "#almond", "uv": [ 0.0, 0.0, 6.0, 1.0 ] },
								"south": { "texture": "#almond", "uv": [ 0.0, 0.0, 6.0, 1.0 ] },
								"west": { "texture": "#almond", "uv": [ 0.0, 0.0, 6.0, 1.0 ] },
								"up": { "texture": "#almond", "uv": [ 0.0, 0.0, 6.0, 6.0 ] },
								"down": { "texture": "#almond", "uv": [ 0.5, 1.0, 6.5, 7.0 ], "glow": 80 }
							},
							"children": [
								{
									"name": "1",
									"from": [ -1.7, -0.9, 0.3 ], 
									"to": [ 1.3, 0.0, 5.7 ], 
									"rotationOrigin": [ -1.7, -0.9, 0.3 ],
									"faces": {
										"north": { "texture": "#almond", "uv": [ 0.0, 0.0, 3.0, 0.5 ] },
										"east": { "texture": "#almond", "uv": [ 0.0, 0.0, 5.0, 0.5 ] },
										"south": { "texture": "#almond", "uv": [ 0.0, 0.0, 3.0, 0.5 ] },
										"west": { "texture": "#almond", "uv": [ 0.0, 0.0, 5.0, 0.5 ] },
										"up": { "texture": "#almond", "uv": [ 0.0, 0.0, 3.0, 5.0 ] },
										"down": { "texture": "#almond", "uv": [ 0.0, 0.0, 3.0, 5.0 ], "glow": 80 }
									},
									"children": [
										{
											"name": "1-1",
											"from": [ -1.5, -1.0, 1.4 ], 
											"to": [ 1.5, 0.0, 4.2 ], 
											"rotationOrigin": [ -1.5, -1.0, 1.4 ],
											"faces": {
												"north": { "texture": "#almond", "uv": [ 0.0, 0.0, 3.0, 1.0 ] },
												"east": { "texture": "#almond", "uv": [ 0.0, 0.0, 2.5, 1.0 ] },
												"south": { "texture": "#almond", "uv": [ 0.0, 0.0, 3.0, 1.0 ] },
												"west": { "texture": "#almond", "uv": [ 0.0, 0.0, 2.5, 1.0 ] },
												"up": { "texture": "#almond", "uv": [ 0.0, 0.0, 3.0, 2.5 ] },
												"down": { "texture": "#almond", "uv": [ 0.0, 0.0, 3.0, 2.5 ], "glow": 80 }
											}
										}
									]
								},
								{
									"name": "2",
									"from": [ 5.1, -1.1, 0.3 ], 
									"to": [ 8.1, 0.0, 5.7 ], 
									"rotationOrigin": [ 5.1, -1.1, 0.3 ],
									"faces": {
										"north": { "texture": "#almond", "uv": [ 0.0, 0.0, 3.0, 1.0 ] },
										"east": { "texture": "#almond", "uv": [ 0.0, 0.0, 5.0, 1.0 ] },
										"south": { "texture": "#almond", "uv": [ 0.0, 0.0, 3.0, 1.0 ] },
										"west": { "texture": "#almond", "uv": [ 0.0, 0.0, 5.0, 1.0 ] },
										"up": { "texture": "#almond", "uv": [ 0.0, 0.0, 3.0, 5.0 ] },
										"down": { "texture": "#almond", "uv": [ 0.0, 0.0, 3.0, 5.0 ], "glow": 80 }
									},
									"children": [
										{
											"name": "2-2",
											"from": [ 1.4, -1.0, 0.4 ], 
											"to": [ 4.4, 0.0, 3.8 ], 
											"rotationOrigin": [ 1.4, -1.0, 0.4 ],
											"faces": {
												"north": { "texture": "#almond", "uv": [ 0.0, 0.0, 3.0, 1.0 ] },
												"east": { "texture": "#almond", "uv": [ 0.0, 0.0, 3.0, 1.0 ] },
												"south": { "texture": "#almond", "uv": [ 0.0, 0.0, 3.0, 1.0 ] },
												"west": { "texture": "#almond", "uv": [ 0.0, 0.0, 3.0, 1.0 ] },
												"up": { "texture": "#almond", "uv": [ 0.0, 0.0, 3.0, 3.0 ] },
												"down": { "texture": "#almond", "uv": [ 0.0, 0.0, 3.0, 3.0 ], "glow": 80 }
											}
										}
									]
								},
								{
									"name": "3",
									"from": [ 0.7, -1.2, 5.1 ], 
									"to": [ 5.5, 0.0, 8.1 ], 
									"rotationOrigin": [ 0.7, -1.2, 5.1 ],
									"faces": {
										"north": { "texture": "#almond", "uv": [ 0.0, 0.0, 4.5, 1.0 ] },
										"east": { "texture": "#almond", "uv": [ 0.0, 0.0, 3.0, 1.0 ] },
										"south": { "texture": "#almond", "uv": [ 0.0, 0.0, 4.5, 1.0 ] },
										"west": { "texture": "#almond", "uv": [ 0.0, 0.0, 3.0, 1.0 ] },
										"up": { "texture": "#almond", "uv": [ 0.0, 0.0, 4.5, 3.0 ] },
										"down": { "texture": "#almond", "uv": [ 0.0, 0.0, 4.5, 3.0 ], "glow": 80 }
									},
									"children": [
										{
											"name": "3-3",
											"from": [ 0.4, -1.0, 1.5 ], 
											"to": [ 3.4, 0.0, 4.5 ], 
											"rotationOrigin": [ 0.4, -1.0, 1.5 ],
											"faces": {
												"north": { "texture": "#almond", "uv": [ 0.0, 0.0, 3.0, 1.0 ] },
												"east": { "texture": "#almond", "uv": [ 0.0, 0.0, 3.0, 1.0 ] },
												"south": { "texture": "#almond", "uv": [ 0.0, 0.0, 3.0, 1.0 ] },
												"west": { "texture": "#almond", "uv": [ 0.0, 0.0, 3.0, 1.0 ] },
												"up": { "texture": "#almond", "uv": [ 0.0, 0.0, 3.0, 3.0 ] },
												"down": { "texture": "#almond", "uv": [ 0.0, 0.0, 3.0, 3.0 ], "glow": 80 }
											}
										}
									]
								},
								{
									"name": "4",
									"from": [ 0.7, -1.0, -1.9 ], 
									"to": [ 5.5, 0.0, 1.1 ], 
									"rotationOrigin": [ 0.7, -1.0, -1.9 ],
									"faces": {
										"north": { "texture": "#almond", "uv": [ 0.0, 0.0, 4.5, 1.0 ] },
										"east": { "texture": "#almond", "uv": [ 0.0, 0.0, 3.0, 1.0 ] },
										"south": { "texture": "#almond", "uv": [ 0.0, 0.0, 4.5, 1.0 ] },
										"west": { "texture": "#almond", "uv": [ 0.0, 0.0, 3.0, 1.0 ] },
										"up": { "texture": "#almond", "uv": [ 0.0, 0.0, 4.5, 3.0 ] },
										"down": { "texture": "#almond", "uv": [ 0.0, 0.0, 4.5, 3.0 ], "glow": 80 }
									},
									"children": [
										{
											"name": "4-4",
											"from": [ 0.4, -1.0, -1.5 ], 
											"to": [ 3.5, 0.0, 1.5 ], 
											"rotationOrigin": [ 0.4, -1.0, -1.5 ],
											"faces": {
												"north": { "texture": "#almond", "uv": [ 0.0, 0.0, 3.0, 1.0 ] },
												"east": { "texture": "#almond", "uv": [ 0.0, 0.0, 3.0, 1.0 ] },
												"south": { "texture": "#almond", "uv": [ 0.0, 0.0, 3.0, 1.0 ] },
												"west": { "texture": "#almond", "uv": [ 0.0, 0.0, 3.0, 1.0 ] },
												"up": { "texture": "#almond", "uv": [ 0.0, 0.0, 3.0, 3.0 ] },
												"down": { "texture": "#almond", "uv": [ 1.5, 1.0, 4.5, 4.0 ], "glow": 80 }
											}
										}
									]
								}
							]
						},
						{
							"name": "head2",
							"from": [ -0.9, 5.0, -0.9 ], 
							"to": [ 2.3, 6.0, 2.3 ], 
							"rotationOrigin": [ -0.9, 5.0, -0.9 ],
							"faces": {
								"north": { "texture": "#almond", "uv": [ 0.0, 0.0, 3.0, 1.0 ], "glow": 80 },
								"east": { "texture": "#almond", "uv": [ 0.0, 0.0, 3.0, 1.0 ], "glow": 80 },
								"south": { "texture": "#almond", "uv": [ 0.0, 0.0, 3.0, 1.0 ], "glow": 80 },
								"west": { "texture": "#almond", "uv": [ 0.0, 0.0, 3.0, 1.0 ], "glow": 80 },
								"up": { "texture": "#almond", "uv": [ 0.0, 0.0, 3.0, 3.0 ], "glow": 80 },
								"down": { "texture": "#almond", "uv": [ 0.0, 0.0, 3.0, 3.0 ], "glow": 80 }
							},
							"children": [
								{
									"name": "bip1",
									"from": [ 0.1, -1.5, 0.1 ], 
									"to": [ 0.7, 0.0, 0.7 ], 
									"rotationOrigin": [ 0.1, -1.5, 0.1 ],
									"faces": {
										"north": { "texture": "#rot", "uv": [ 0.0, 0.0, 0.5, 1.5 ], "glow": 150 },
										"east": { "texture": "#rot", "uv": [ 0.0, 0.0, 0.5, 1.5 ], "glow": 150 },
										"south": { "texture": "#rot", "uv": [ 0.0, 0.0, 0.5, 1.5 ], "glow": 150 },
										"west": { "texture": "#rot", "uv": [ 0.0, 0.5, 0.5, 2.0 ], "glow": 150 },
										"up": { "texture": "#rot", "uv": [ 0.0, 0.0, 0.5, 0.5 ], "glow": 150 },
										"down": { "texture": "#rot", "uv": [ 0.0, 0.0, 0.5, 0.5 ], "glow": 150 }
									},
									"children": [
										{
											"name": "bip1-1",
											"from": [ 0.15, -1.5, 0.15 ], 
											"to": [ 0.45, 0.0, 0.45 ], 
											"rotationOrigin": [ 0.2, -1.5, 0.2 ],
											"faces": {
												"north": { "texture": "#rot", "uv": [ 0.0, 0.0, 0.5, 1.5 ], "glow": 150 },
												"east": { "texture": "#rot", "uv": [ 0.0, 0.0, 0.5, 1.5 ], "glow": 150 },
												"south": { "texture": "#rot", "uv": [ 0.0, 0.0, 0.5, 1.5 ], "glow": 150 },
												"west": { "texture": "#rot", "uv": [ 0.5, 0.5, 1.0, 2.0 ], "glow": 150 },
												"up": { "texture": "#rot", "uv": [ 0.0, 0.0, 0.5, 0.5 ], "glow": 150 },
												"down": { "texture": "#rot", "uv": [ 0.0, 0.0, 0.5, 0.5 ], "glow": 150 }
											}
										}
									]
								},
								{
									"name": "bip2",
									"from": [ 0.1, -1.5, 2.5 ], 
									"to": [ 0.7, 0.0, 3.1 ], 
									"rotationOrigin": [ 0.1, -1.5, 2.5 ],
									"faces": {
										"north": { "texture": "#rot", "uv": [ 0.0, 0.0, 0.5, 1.5 ], "glow": 150 },
										"east": { "texture": "#rot", "uv": [ 0.0, 0.0, 0.5, 1.5 ], "glow": 150 },
										"south": { "texture": "#rot", "uv": [ 0.0, 0.0, 0.5, 1.5 ], "glow": 150 },
										"west": { "texture": "#rot", "uv": [ 0.0, 0.0, 0.5, 1.5 ], "glow": 150 },
										"up": { "texture": "#rot", "uv": [ 0.0, 0.5, 0.5, 1.0 ], "glow": 150 },
										"down": { "texture": "#rot", "uv": [ 0.5, 0.0, 1.0, 0.5 ], "glow": 150 }
									},
									"children": [
										{
											"name": "bip2-2",
											"from": [ 0.15, -1.5, 0.15 ], 
											"to": [ 0.45, 0.0, 0.45 ], 
											"rotationOrigin": [ 0.2, -1.5, 0.2 ],
											"faces": {
												"north": { "texture": "#rot", "uv": [ 0.0, 0.0, 0.5, 1.5 ], "glow": 150 },
												"east": { "texture": "#rot", "uv": [ 0.0, 0.0, 0.5, 1.5 ], "glow": 150 },
												"south": { "texture": "#rot", "uv": [ 0.0, 0.0, 0.5, 1.5 ], "glow": 150 },
												"west": { "texture": "#rot", "uv": [ 0.0, 0.0, 0.5, 1.5 ], "glow": 150 },
												"up": { "texture": "#rot", "uv": [ 0.0, 0.0, 0.5, 0.5 ], "glow": 150 },
												"down": { "texture": "#rot", "uv": [ 0.0, 0.0, 0.5, 0.5 ], "glow": 150 }
											}
										}
									]
								},
								{
									"name": "bip3",
									"from": [ 2.5, -1.5, 2.5 ], 
									"to": [ 3.1, 0.0, 3.1 ], 
									"rotationOrigin": [ 2.5, -1.5, 2.5 ],
									"faces": {
										"north": { "texture": "#rot", "uv": [ 0.0, 0.0, 0.5, 1.5 ], "glow": 150 },
										"east": { "texture": "#rot", "uv": [ 0.0, 0.0, 0.5, 1.5 ], "glow": 150 },
										"south": { "texture": "#rot", "uv": [ 0.0, 0.0, 0.5, 1.5 ], "glow": 150 },
										"west": { "texture": "#rot", "uv": [ 0.0, 0.0, 0.5, 1.5 ], "glow": 150 },
										"up": { "texture": "#rot", "uv": [ 0.0, 0.0, 0.5, 0.5 ], "glow": 150 },
										"down": { "texture": "#rot", "uv": [ 0.0, 0.0, 0.5, 0.5 ], "glow": 150 }
									},
									"children": [
										{
											"name": "bip3-3",
											"from": [ 0.15, -1.5, 0.15 ], 
											"to": [ 0.45, 0.0, 0.45 ], 
											"rotationOrigin": [ 0.2, -1.5, 0.2 ],
											"faces": {
												"north": { "texture": "#rot", "uv": [ 0.0, 0.0, 0.5, 1.5 ], "glow": 150 },
												"east": { "texture": "#rot", "uv": [ 0.0, 0.0, 0.5, 1.5 ], "glow": 150 },
												"south": { "texture": "#rot", "uv": [ 0.0, 0.0, 0.5, 1.5 ], "glow": 150 },
												"west": { "texture": "#rot", "uv": [ 0.0, 0.0, 0.5, 1.5 ], "glow": 150 },
												"up": { "texture": "#rot", "uv": [ 0.0, 0.0, 0.5, 0.5 ], "glow": 150 },
												"down": { "texture": "#rot", "uv": [ 0.0, 0.0, 0.5, 0.5 ], "glow": 150 }
											}
										}
									]
								},
								{
									"name": "bip4",
									"from": [ 2.5, -1.5, 0.1 ], 
									"to": [ 3.1, 0.0, 0.7 ], 
									"rotationOrigin": [ 2.5, -1.5, 0.1 ],
									"faces": {
										"north": { "texture": "#rot", "uv": [ 0.0, 0.0, 0.5, 1.5 ], "glow": 150 },
										"east": { "texture": "#rot", "uv": [ 0.0, 0.0, 0.5, 1.5 ], "glow": 150 },
										"south": { "texture": "#rot", "uv": [ 0.0, 0.0, 0.5, 1.5 ], "glow": 150 },
										"west": { "texture": "#rot", "uv": [ 0.0, 0.0, 0.5, 1.5 ], "glow": 150 },
										"up": { "texture": "#rot", "uv": [ 0.0, 0.0, 0.5, 0.5 ], "glow": 150 },
										"down": { "texture": "#rot", "uv": [ 0.0, 0.0, 0.5, 0.5 ], "glow": 150 }
									},
									"children": [
										{
											"name": "bip4-4",
											"from": [ 0.15, -1.5, 0.15 ], 
											"to": [ 0.45, 0.0, 0.45 ], 
											"rotationOrigin": [ 0.2, -1.5, 0.2 ],
											"faces": {
												"north": { "texture": "#rot", "uv": [ 1.0, 0.0, 1.5, 1.5 ], "glow": 150 },
												"east": { "texture": "#rot", "uv": [ 1.0, 0.5, 1.5, 2.0 ], "glow": 150 },
												"south": { "texture": "#rot", "uv": [ 0.0, 2.5, 0.5, 4.0 ], "glow": 150 },
												"west": { "texture": "#rot", "uv": [ 0.0, 0.0, 0.5, 1.5 ], "glow": 150 },
												"up": { "texture": "#rot", "uv": [ 0.0, 0.0, 0.5, 0.5 ], "glow": 150 },
												"down": { "texture": "#rot", "uv": [ 0.0, 0.0, 0.5, 0.5 ], "glow": 150 }
											}
										}
									]
								}
							]
						}
					]
				}
			]
		}
	]}