[
  {
    "op": "replace",
    "path": "/server/behaviors/7/states",
    "value": [
      {
        "code": "fleeondamage",
        "duration": 10,
        "chanceByType": {
          "*-normal": 0.15,
          "*-deep": 0.07,
          "*-tainted": 0.03,
          "*-corrupt": 0.015,
          "*-nightmare": 0.01
        },
        "slot": 0,
        "priority": 5,
        "accumType": "max"
      },
      {
        "code": "aggressiveondamage",
        "duration": 30,
        "chance": 1,
        "slot": 2,
        "priority": 2,
        "accumType": "noaccum"
      }
    ],
    "file": "game:entities/land/drifter.json"
  },
  {
    "op": "add",
    "path": "/server/behaviors/8/aitasks/-",
    "value": {
      "code": "meleeattack",
      "entityCodes": [
        "reprog-*"
      ],
      "priority": 2,
      "damageByType": {
        "*-normal": 2.5,
        "*-deep": 4,
        "*-tainted": 8,
        "*-corrupt": 12,
        "*-nightmare": 20
      },
      "damageTierByType": {
        "*-normal": 0,
        "*-deep": 1,
        "*-tainted": 2,
        "*-corrupt": 3,
        "*-nightmare": 4
      },
      "damageTypeByType": {
        "*-corrupt": "SlashingAttack",
        "*-nightmare": "SlashingAttack"
      },
      "mincooldown": 500,
      "maxcooldown": 1750,
      "damagePlayerAtMs": 400,
      "attackDurationMs": 1000,
      "animation": "attack",
      "animationSpeed": 1.5,
      "whenInEmotionState": "aggressiveondamage"
    },
    "file": "game:entities/land/drifter.json"
  },
  {
    "op": "add",
    "path": "/server/behaviors/8/aitasks/-",
    "value": {
      "code": "seekentity",
      "entityCodes": [
        "reprog-*"
      ],
      "priority": 1.5,
      "mincooldown": 400,
      "maxcooldown": 800,
      "movespeed": 0.018,
      "seekingRange": 15,
      "animationSpeed": 1.3,
      "animation": "run",
      "sound": "creature/drifter-aggro",
      "whenInEmotionState": "aggressiveondamage"
    },
    "file": "game:entities/land/drifter.json"
  }
]
