{
	"editor": {
		"allAngles": true,
		"entityTextureMode": true
	},
	"textureWidth": 64,
	"textureHeight": 64,
	"textureSizes": {
		"seraph": [64,64]
	},
	"textures": {
		"beard": "entity/bandit/beard",
		"bandit2": "entity/bandit/bandit2",
		"brown": "entity/bandit/brown",
		"blade": "entity/bandit/blade"
	},
	"elements": [
		{
			"name": "LowerTorso",
			"from": [ 6.0, 15.1, 5.2 ], 
			"to": [ 11.0, 19.4, 11.2 ], 
			"unwrapMode": 4,
			"uv": [ 25.0, 7.0 ],
			"rotationOrigin": [ 8.0, 15.1, 8.2 ],
			"rotationZ": 3.0,
			"faces": {
				"north": { "texture": "#bandit2", "uv": [ 25.0, 10.0, 46.0, 15.0 ], "autoUv": false },
				"east": { "texture": "#bandit2", "uv": [ 57.0, 10.0, 63.0, 15.0 ], "autoUv": false },
				"south": { "texture": "#bandit2", "uv": [ 52.0, 10.0, 57.0, 15.0 ], "autoUv": false },
				"west": { "texture": "#bandit2", "uv": [ 46.0, 10.0, 52.0, 15.0 ], "autoUv": false },
				"up": { "texture": "#bandit2", "uv": [ 46.0, 7.0, 40.0, 10.0 ], "rotation": 90, "autoUv": false },
				"down": { "texture": "#bandit2", "uv": [ 46.0, 15.0, 40.0, 15.0 ], "rotation": 90, "autoUv": false }
			},
			"children": [
				{
					"name": "UpperTorso",
					"from": [ 0.0, 4.1, -0.15 ], 
					"to": [ 5.3, 9.1, 6.15 ], 
					"uv": [ 45.0, 2.0 ],
					"rotationOrigin": [ 2.0, 4.8, 3.0 ],
					"rotationZ": -6.0,
					"faces": {
						"north": { "texture": "#bandit2", "uv": [ 41.0, 5.0, 46.0, 10.0 ], "autoUv": false },
						"east": { "texture": "#bandit2", "uv": [ 57.0, 5.0, 63.0, 10.0 ], "autoUv": false },
						"south": { "texture": "#bandit2", "uv": [ 52.0, 5.0, 57.0, 10.0 ], "autoUv": false },
						"west": { "texture": "#bandit2", "uv": [ 46.0, 5.0, 52.0, 10.0 ], "autoUv": false },
						"up": { "texture": "#bandit2", "uv": [ 46.0, 0.0, 52.0, 5.0 ], "rotation": 90, "autoUv": false },
						"down": { "texture": "#bandit2", "uv": [ 34.0, 5.0, 40.0, 10.0 ], "rotation": 90, "autoUv": false }
					},
					"children": [
						{
							"name": "UpperArmR",
							"from": [ 1.0, -2.1, -1.2 ], 
							"to": [ 4.0, 4.9, 0.8 ], 
							"unwrapMode": 4,
							"autoUnwrap": false,
							"uv": [ 31.0, 36.0 ],
							"rotationOrigin": [ 2.0, 4.7, 0.8 ],
							"rotationX": 10.0,
							"faces": {
								"north": { "texture": "#bandit2", "uv": [ 33.0, 41.5, 36.0, 48.5 ] },
								"east": { "texture": "#bandit2", "uv": [ 31.0, 41.5, 33.0, 48.5 ] },
								"south": { "texture": "#bandit2", "uv": [ 38.0, 41.5, 41.0, 48.5 ] },
								"west": { "texture": "#bandit2", "uv": [ 36.0, 41.5, 38.0, 48.5 ] },
								"up": { "texture": "#bandit2", "uv": [ 36.0, 38.5, 38.0, 41.5 ], "rotation": 90 },
								"down": { "texture": "#bandit2", "uv": [ 36.0, 48.5, 38.0, 51.5 ], "rotation": 90 }
							},
							"children": [
								{
									"name": "LowerArmR",
									"from": [ 0.1, -7.3, 0.1 ], 
									"to": [ 2.6, 0.7, 2.1 ], 
									"unwrapMode": 4,
									"autoUnwrap": false,
									"uv": [ 31.5, 49.0 ],
									"rotationOrigin": [ 1.3, 0.7, 1.1 ],
									"rotationX": -8.0,
									"rotationZ": -6.0,
									"faces": {
										"north": { "texture": "#bandit2", "uv": [ 33.5, 51.5, 36.0, 59.5 ] },
										"east": { "texture": "#bandit2", "uv": [ 31.5, 51.5, 33.5, 59.5 ] },
										"south": { "texture": "#bandit2", "uv": [ 38.0, 51.5, 40.5, 59.5 ] },
										"west": { "texture": "#bandit2", "uv": [ 36.0, 51.5, 38.0, 59.5 ] },
										"up": { "texture": "#bandit2", "uv": [ 36.0, 49.0, 38.0, 51.5 ], "rotation": 90 },
										"down": { "texture": "#bandit2", "uv": [ 36.0, 59.5, 38.0, 62.0 ], "rotation": 90 }
									},
									"children": [
										{
											"name": "Cube1",
											"from": [ -0.5, 0.8, 0.6 ], 
											"to": [ 0.0, 2.7, 1.6 ], 
											"uv": [ 0.0, 0.0 ],
											"rotationOrigin": [ -0.5, 0.8, 0.6 ],
											"faces": {
												"north": { "texture": "#blade", "uv": [ 0.0, 2.0, 2.0, 4.0 ] },
												"east": { "texture": "#blade", "uv": [ 2.0, 2.0, 4.0, 4.0 ] },
												"south": { "texture": "#blade", "uv": [ 4.0, 2.0, 6.0, 4.0 ] },
												"west": { "texture": "#blade", "uv": [ 6.0, 2.0, 8.0, 4.0 ] },
												"up": { "texture": "#blade", "uv": [ 0.0, 0.0, 2.0, 2.0 ] },
												"down": { "texture": "#blade", "uv": [ 2.0, 0.0, 4.0, 2.0 ] }
											}
										},
										{
											"name": "Cube82",
											"from": [ -5.9, 1.1, 0.9 ], 
											"to": [ -0.5, 2.5, 1.4 ], 
											"uv": [ 0.0, 0.0 ],
											"rotationOrigin": [ -5.9, 1.1, 0.9 ],
											"faces": {
												"north": { "texture": "#blade", "uv": [ 0.0, 2.0, 4.0, 4.0 ] },
												"east": { "texture": "#blade", "uv": [ 4.0, 2.0, 6.0, 4.0 ] },
												"south": { "texture": "#blade", "uv": [ 6.0, 2.0, 10.0, 4.0 ] },
												"west": { "texture": "#blade", "uv": [ 10.0, 2.0, 12.0, 4.0 ] },
												"up": { "texture": "#blade", "uv": [ 0.0, 0.0, 4.0, 2.0 ] },
												"down": { "texture": "#blade", "uv": [ 4.0, 0.0, 8.0, 2.0 ] }
											}
										},
										{
											"name": "Cube83",
											"from": [ -8.1, 1.9, 0.9 ], 
											"to": [ -4.3, 3.3, 1.4 ], 
											"uv": [ 0.0, 0.0 ],
											"rotationOrigin": [ -8.1, 1.9, 0.9 ],
											"rotationZ": -12.0,
											"faces": {
												"north": { "texture": "#blade", "uv": [ 0.0, 2.0, 2.0, 4.0 ] },
												"east": { "texture": "#blade", "uv": [ 2.0, 2.0, 4.0, 4.0 ] },
												"south": { "texture": "#blade", "uv": [ 4.0, 2.0, 6.0, 4.0 ] },
												"west": { "texture": "#blade", "uv": [ 6.0, 2.0, 8.0, 4.0 ] },
												"up": { "texture": "#blade", "uv": [ 0.0, 0.0, 2.0, 2.0 ] },
												"down": { "texture": "#blade", "uv": [ 2.0, 0.0, 4.0, 2.0 ] }
											}
										},
										{
											"name": "Cube84",
											"from": [ -9.4, 3.2, 0.9 ], 
											"to": [ -7.6, 4.6, 1.4 ], 
											"uv": [ 0.0, 0.0 ],
											"rotationOrigin": [ -9.4, 3.2, 0.9 ],
											"rotationZ": -58.0,
											"faces": {
												"north": { "texture": "#blade", "uv": [ 0.0, 2.0, 2.0, 4.0 ] },
												"east": { "texture": "#blade", "uv": [ 2.0, 2.0, 4.0, 4.0 ] },
												"south": { "texture": "#blade", "uv": [ 4.0, 2.0, 6.0, 4.0 ] },
												"west": { "texture": "#blade", "uv": [ 6.0, 2.0, 8.0, 4.0 ] },
												"up": { "texture": "#blade", "uv": [ 0.0, 0.0, 2.0, 2.0 ] },
												"down": { "texture": "#blade", "uv": [ 2.0, 0.0, 4.0, 2.0 ] }
											}
										},
										{
											"name": "Cube85",
											"from": [ -10.2, 3.9, 0.9 ], 
											"to": [ -8.4, 5.3, 1.4 ], 
											"uv": [ 0.0, 0.0 ],
											"rotationOrigin": [ -10.2, 3.9, 0.9 ],
											"rotationZ": -50.0,
											"faces": {
												"north": { "texture": "#blade", "uv": [ 0.0, 2.0, 2.0, 4.0 ] },
												"east": { "texture": "#blade", "uv": [ 2.0, 2.0, 4.0, 4.0 ] },
												"south": { "texture": "#blade", "uv": [ 4.0, 2.0, 6.0, 4.0 ] },
												"west": { "texture": "#blade", "uv": [ 6.0, 2.0, 8.0, 4.0 ] },
												"up": { "texture": "#blade", "uv": [ 0.0, 0.0, 2.0, 2.0 ] },
												"down": { "texture": "#blade", "uv": [ 2.0, 0.0, 4.0, 2.0 ] }
											}
										},
										{
											"name": "Cube86",
											"from": [ -10.13, 3.92, 0.9 ], 
											"to": [ -8.63, 5.22, 1.4 ], 
											"uv": [ 0.0, 0.0 ],
											"rotationOrigin": [ -10.1, 3.9, 0.9 ],
											"rotationZ": -8.0,
											"faces": {
												"north": { "texture": "#blade", "uv": [ 0.0, 2.0, 2.0, 4.0 ] },
												"east": { "texture": "#blade", "uv": [ 2.0, 2.0, 4.0, 4.0 ] },
												"south": { "texture": "#blade", "uv": [ 4.0, 2.0, 6.0, 4.0 ] },
												"west": { "texture": "#blade", "uv": [ 6.0, 2.0, 8.0, 4.0 ] },
												"up": { "texture": "#blade", "uv": [ 0.0, 0.0, 2.0, 2.0 ] },
												"down": { "texture": "#blade", "uv": [ 2.0, 0.0, 4.0, 2.0 ] }
											}
										},
										{
											"name": "Cube87",
											"from": [ -9.43, 3.92, 0.9 ], 
											"to": [ -7.93, 5.22, 1.4 ], 
											"uv": [ 0.0, 0.0 ],
											"rotationOrigin": [ -9.4, 3.9, 0.9 ],
											"rotationZ": 53.0,
											"faces": {
												"north": { "texture": "#blade", "uv": [ 0.0, 2.0, 2.0, 4.0 ] },
												"east": { "texture": "#blade", "uv": [ 2.0, 2.0, 4.0, 4.0 ] },
												"south": { "texture": "#blade", "uv": [ 4.0, 2.0, 6.0, 4.0 ] },
												"west": { "texture": "#blade", "uv": [ 6.0, 2.0, 8.0, 4.0 ] },
												"up": { "texture": "#blade", "uv": [ 0.0, 0.0, 2.0, 2.0 ] },
												"down": { "texture": "#blade", "uv": [ 2.0, 0.0, 4.0, 2.0 ] }
											}
										}
									],
									"attachmentpoints": [
										{
											"code": "RightHand",
											"posX": "1.0","posY": "1.0","posZ": "1.0",
											"rotationX": "0.0","rotationY": "-180.0","rotationZ": "0.0"
										}
									]
								}
							]
						},
						{
							"name": "UpperArmL",
							"from": [ 1.0, -2.1, 5.4 ], 
							"to": [ 4.0, 4.9, 7.4 ], 
							"unwrapMode": 4,
							"uv": [ 42.0, 38.5 ],
							"rotationOrigin": [ 2.0, 4.7, 5.2 ],
							"rotationX": -10.0,
							"faces": {
								"north": { "texture": "#bandit2", "uv": [ 42.0, 41.5, 45.0, 48.5 ] },
								"east": { "texture": "#bandit2", "uv": [ 50.0, 41.5, 52.0, 48.5 ] },
								"south": { "texture": "#bandit2", "uv": [ 47.0, 41.5, 50.0, 48.5 ] },
								"west": { "texture": "#bandit2", "uv": [ 45.0, 41.5, 47.0, 48.5 ] },
								"up": { "texture": "#bandit2", "uv": [ 45.0, 38.5, 47.0, 41.5 ], "rotation": 90 },
								"down": { "texture": "#bandit2", "uv": [ 45.0, 48.5, 47.0, 51.5 ], "rotation": 90 }
							},
							"children": [
								{
									"name": "LowerArmL",
									"from": [ 0.2, -7.3, -0.1 ], 
									"to": [ 2.7, 0.7, 1.9 ], 
									"unwrapMode": 4,
									"uv": [ 42.5, 49.0 ],
									"rotationOrigin": [ 1.4, 0.7, 0.9 ],
									"rotationX": 8.0,
									"rotationZ": -6.0,
									"faces": {
										"north": { "texture": "#bandit2", "uv": [ 42.5, 51.5, 45.0, 59.5 ] },
										"east": { "texture": "#bandit2", "uv": [ 49.5, 51.5, 51.5, 59.5 ] },
										"south": { "texture": "#bandit2", "uv": [ 47.0, 51.5, 49.5, 59.5 ] },
										"west": { "texture": "#bandit2", "uv": [ 45.0, 51.5, 47.0, 59.5 ] },
										"up": { "texture": "#bandit2", "uv": [ 45.0, 49.0, 47.0, 51.5 ], "rotation": 90 },
										"down": { "texture": "#bandit2", "uv": [ 45.0, 59.5, 47.0, 62.0 ], "rotation": 90 }
									},
									"attachmentpoints": [
										{
											"code": "LeftHand",
											"posX": "1.0","posY": "1.0","posZ": "1.0",
											"rotationX": "0.0","rotationY": "-180.0","rotationZ": "0.0"
										}
									]
								}
							]
						},
						{
							"name": "Neck",
							"from": [ 1.5, 3.9, 1.6 ], 
							"to": [ 4.5, 7.9, 4.6 ], 
							"unwrapMode": 4,
							"uv": [ 12.0, 1.0 ],
							"rotationOrigin": [ 3.2, 3.6, 3.1 ],
							"rotationZ": 12.0,
							"faces": {
								"north": { "texture": "#bandit2", "uv": [ 12.0, 1.0, 15.0, 5.0 ] },
								"east": { "texture": "#bandit2", "uv": [ 21.0, 1.0, 24.0, 5.0 ] },
								"south": { "texture": "#bandit2", "uv": [ 18.0, 1.0, 21.0, 5.0 ] },
								"west": { "texture": "#bandit2", "uv": [ 15.0, 1.0, 18.0, 5.0 ] },
								"up": { "texture": "#bandit2", "uv": [ 15.0, 1.0, 18.0, 4.0 ], "rotation": 90, "enabled": false },
								"down": { "texture": "#bandit2", "uv": [ 15.0, 5.0, 19.0, 14.0 ], "rotation": 90, "enabled": false, "autoUv": false }
							},
							"children": [
								{
									"name": "Head",
									"from": [ -1.7, 2.0, -1.0 ], 
									"to": [ 4.3, 7.0, 4.0 ], 
									"unwrapMode": 4,
									"uv": [ 0.0, 0.0 ],
									"rotationOrigin": [ 2.7, 2.0, 1.5 ],
									"rotationZ": -7.0,
									"faces": {
										"north": { "texture": "#bandit2", "uv": [ 0.0, 6.0, 6.0, 11.0 ] },
										"east": { "texture": "#bandit2", "uv": [ 17.0, 6.0, 22.0, 11.0 ] },
										"south": { "texture": "#bandit2", "uv": [ 11.0, 6.0, 17.0, 11.0 ] },
										"west": { "texture": "#bandit2", "uv": [ 6.0, 6.0, 11.0, 11.0 ] },
										"up": { "texture": "#bandit2", "uv": [ 6.0, 0.0, 11.0, 6.0 ], "rotation": 90 },
										"down": { "texture": "#bandit2", "uv": [ 6.0, 11.0, 11.0, 17.0 ], "rotation": 90 }
									},
									"children": [
										{
											"name": "Hair",
											"from": [ -0.2, -3.1, -0.2 ], 
											"to": [ 6.2, 5.3, 5.2 ], 
											"unwrapMode": 4,
											"uv": [ 8.0, 13.0 ],
											"rotationOrigin": [ 1.9, 2.0, 1.9 ],
											"faces": {
												"north": { "texture": "#bandit2", "uv": [ 8.0, 19.0, 14.0, 27.0 ] },
												"east": { "texture": "#bandit2", "uv": [ 25.0, 19.0, 30.0, 27.0 ] },
												"south": { "texture": "#bandit2", "uv": [ 19.0, 19.0, 25.0, 27.0 ] },
												"west": { "texture": "#bandit2", "uv": [ 14.0, 19.0, 19.0, 27.0 ] },
												"up": { "texture": "#bandit2", "uv": [ 14.0, 13.0, 19.0, 19.0 ], "rotation": 90 },
												"down": { "texture": "#bandit2", "uv": [ 14.0, 27.0, 25.5, 12.0 ], "rotation": 90, "enabled": false, "autoUv": false }
											}
										},
										{
											"name": "R eye",
											"from": [ -0.01, 1.75, 0.85 ], 
											"to": [ 0.09, 2.7, 2.05 ], 
											"unwrapMode": 4,
											"uv": [ 55.5, 0.0 ],
											"rotationOrigin": [ -0.1, 1.8, 0.5 ],
											"faces": {
												"north": { "texture": "#bandit2", "uv": [ 55.5, 0.5, 56.0, 1.0 ] },
												"east": { "texture": "#bandit2", "uv": [ 57.5, 0.5, 58.5, 1.0 ], "enabled": false },
												"south": { "texture": "#bandit2", "uv": [ 57.0, 0.5, 57.5, 1.0 ] },
												"west": { "texture": "#bandit2", "uv": [ 56.0, 0.5, 57.0, 1.0 ] },
												"up": { "texture": "#bandit2", "uv": [ 56.0, 0.0, 57.0, 0.5 ], "rotation": 90 },
												"down": { "texture": "#bandit2", "uv": [ 56.0, 1.0, 57.0, 1.5 ], "rotation": 90 }
											},
											"children": [
												{
													"name": "R pupil",
													"from": [ -0.03, 0.15, 0.15 ], 
													"to": [ 0.07, 0.85, 1.05 ], 
													"unwrapMode": 4,
													"uv": [ 60.5, 0.0 ],
													"rotationOrigin": [ -0.1, 0.2, 0.2 ],
													"faces": {
														"north": { "texture": "#bandit2", "uv": [ 60.5, 0.5, 61.0, 1.0 ] },
														"east": { "texture": "#bandit2", "uv": [ 62.0, 0.5, 62.5, 1.0 ], "enabled": false },
														"south": { "texture": "#bandit2", "uv": [ 61.5, 0.5, 62.0, 1.0 ] },
														"west": { "texture": "#bandit2", "uv": [ 61.0, 0.5, 61.5, 1.0 ] },
														"up": { "texture": "#bandit2", "uv": [ 61.0, 0.0, 61.5, 0.5 ], "rotation": 90 },
														"down": { "texture": "#bandit2", "uv": [ 61.0, 1.0, 61.5, 1.5 ], "rotation": 90 }
													},
													"children": [
														{
															"name": "shine large 1",
															"from": [ -0.01, 0.37, 0.6 ], 
															"to": [ 0.09, 0.57, 0.8 ], 
															"unwrapMode": 4,
															"uv": [ 52.0, 0.5 ],
															"rotationOrigin": [ -0.07, 0.5, 0.6 ],
															"faces": {
																"north": { "texture": "#bandit2", "uv": [ 52.0, 1.0, 52.5, 1.5 ] },
																"east": { "texture": "#bandit2", "uv": [ 53.5, 1.0, 54.0, 1.5 ], "enabled": false },
																"south": { "texture": "#bandit2", "uv": [ 53.0, 1.0, 53.5, 1.5 ] },
																"west": { "texture": "#bandit2", "uv": [ 52.5, 1.0, 53.0, 1.5 ] },
																"up": { "texture": "#bandit2", "uv": [ 52.5, 0.5, 53.0, 1.0 ], "rotation": 90 },
																"down": { "texture": "#bandit2", "uv": [ 52.5, 1.5, 53.0, 2.0 ], "rotation": 90 }
															}
														},
														{
															"name": "shine small 1",
															"from": [ -0.01, 0.33, 0.45 ], 
															"to": [ 0.09, 0.43, 0.55 ], 
															"unwrapMode": 4,
															"uv": [ 52.0, 0.0 ],
															"rotationOrigin": [ -0.07, 0.5, 0.4 ],
															"faces": {
																"north": { "texture": "#bandit2", "uv": [ 52.0, 0.5, 52.5, 1.0 ] },
																"east": { "texture": "#bandit2", "uv": [ 53.5, 0.5, 54.0, 1.0 ], "enabled": false },
																"south": { "texture": "#bandit2", "uv": [ 53.0, 0.5, 53.5, 1.0 ] },
																"west": { "texture": "#bandit2", "uv": [ 52.5, 0.5, 53.0, 1.0 ] },
																"up": { "texture": "#bandit2", "uv": [ 52.5, 0.0, 53.0, 0.5 ], "rotation": 90 },
																"down": { "texture": "#bandit2", "uv": [ 52.5, 1.0, 53.0, 1.5 ], "rotation": 90 }
															}
														}
													]
												}
											]
										},
										{
											"name": "L eye2",
											"from": [ -0.01, 1.75, 2.95 ], 
											"to": [ 0.09, 2.7, 4.15 ], 
											"unwrapMode": 4,
											"uv": [ 54.5, 2.0 ],
											"rotationOrigin": [ -0.1, 1.7, 3.1 ],
											"faces": {
												"north": { "texture": "#bandit2", "uv": [ 54.5, 2.5, 55.0, 3.0 ] },
												"east": { "texture": "#bandit2", "uv": [ 56.5, 2.5, 57.5, 3.0 ], "enabled": false },
												"south": { "texture": "#bandit2", "uv": [ 56.0, 2.5, 56.5, 3.0 ] },
												"west": { "texture": "#bandit2", "uv": [ 55.0, 2.5, 56.0, 3.0 ] },
												"up": { "texture": "#bandit2", "uv": [ 55.0, 2.0, 56.0, 2.5 ], "rotation": 90 },
												"down": { "texture": "#bandit2", "uv": [ 55.0, 3.0, 56.0, 3.5 ], "rotation": 90 }
											},
											"children": [
												{
													"name": "L pupil",
													"from": [ -0.03, 0.15, 0.15 ], 
													"to": [ 0.07, 0.85, 1.05 ], 
													"unwrapMode": 4,
													"uv": [ 60.5, 0.0 ],
													"rotationOrigin": [ -0.1, 0.3, 0.2 ],
													"faces": {
														"north": { "texture": "#bandit2", "uv": [ 60.5, 0.5, 61.0, 1.0 ] },
														"east": { "texture": "#bandit2", "uv": [ 62.0, 0.5, 62.5, 1.0 ], "enabled": false },
														"south": { "texture": "#bandit2", "uv": [ 61.5, 0.5, 62.0, 1.0 ] },
														"west": { "texture": "#bandit2", "uv": [ 61.0, 0.5, 61.5, 1.0 ] },
														"up": { "texture": "#bandit2", "uv": [ 61.0, 0.0, 61.5, 0.5 ], "rotation": 90 },
														"down": { "texture": "#bandit2", "uv": [ 61.0, 1.0, 61.5, 1.5 ], "rotation": 90 }
													},
													"children": [
														{
															"name": "shine small 2",
															"from": [ -0.01, 0.33, 0.45 ], 
															"to": [ 0.09, 0.43, 0.55 ], 
															"unwrapMode": 4,
															"uv": [ 52.0, 0.0 ],
															"rotationOrigin": [ -0.07, 0.5, 0.4 ],
															"faces": {
																"north": { "texture": "#bandit2", "uv": [ 52.0, 0.5, 52.5, 1.0 ] },
																"east": { "texture": "#bandit2", "uv": [ 53.5, 0.5, 54.0, 1.0 ], "enabled": false },
																"south": { "texture": "#bandit2", "uv": [ 53.0, 0.5, 53.5, 1.0 ] },
																"west": { "texture": "#bandit2", "uv": [ 52.5, 0.5, 53.0, 1.0 ] },
																"up": { "texture": "#bandit2", "uv": [ 52.5, 0.0, 53.0, 0.5 ], "rotation": 90 },
																"down": { "texture": "#bandit2", "uv": [ 52.5, 1.0, 53.0, 1.5 ], "rotation": 90 }
															}
														},
														{
															"name": "shine large 2",
															"from": [ -0.01, 0.37, 0.6 ], 
															"to": [ 0.09, 0.57, 0.8 ], 
															"unwrapMode": 4,
															"uv": [ 52.0, 1.5 ],
															"rotationOrigin": [ -0.07, 0.5, 0.6 ],
															"faces": {
																"north": { "texture": "#bandit2", "uv": [ 52.0, 2.0, 52.5, 2.5 ] },
																"east": { "texture": "#bandit2", "uv": [ 53.5, 2.0, 54.0, 2.5 ], "enabled": false },
																"south": { "texture": "#bandit2", "uv": [ 53.0, 2.0, 53.5, 2.5 ] },
																"west": { "texture": "#bandit2", "uv": [ 52.5, 2.0, 53.0, 2.5 ] },
																"up": { "texture": "#bandit2", "uv": [ 52.5, 1.5, 53.0, 2.0 ], "rotation": 90 },
																"down": { "texture": "#bandit2", "uv": [ 52.5, 2.5, 53.0, 3.0 ], "rotation": 90 }
															}
														}
													]
												}
											]
										},
										{
											"name": "R eyebrow 1",
											"from": [ -0.1, 2.95, 1.2 ], 
											"to": [ 0.1, 3.25, 2.2 ], 
											"unwrapMode": 4,
											"uv": [ 34.5, 1.0 ],
											"rotationOrigin": [ 0.9, 2.9, 2.2 ],
											"faces": {
												"north": { "texture": "#bandit2", "uv": [ 34.5, 1.5, 35.0, 2.0 ] },
												"east": { "texture": "#bandit2", "uv": [ 36.5, 1.5, 37.5, 2.0 ], "enabled": false },
												"south": { "texture": "#bandit2", "uv": [ 36.0, 1.5, 36.5, 2.0 ] },
												"west": { "texture": "#bandit2", "uv": [ 35.0, 1.5, 36.0, 2.0 ] },
												"up": { "texture": "#bandit2", "uv": [ 35.0, 1.0, 36.0, 1.5 ], "rotation": 90 },
												"down": { "texture": "#bandit2", "uv": [ 35.0, 2.0, 36.0, 2.5 ], "rotation": 90 }
											},
											"children": [
												{
													"name": "R eyebrow 2",
													"from": [ 0.0, 0.0, -0.9 ], 
													"to": [ 0.2, 0.3, 0.1 ], 
													"unwrapMode": 4,
													"uv": [ 37.5, 2.0 ],
													"rotationOrigin": [ 1.0, 0.0, 0.1 ],
													"rotationX": -2.0,
													"faces": {
														"north": { "texture": "#bandit2", "uv": [ 37.5, 2.5, 38.0, 3.0 ] },
														"east": { "texture": "#bandit2", "uv": [ 39.5, 2.5, 40.5, 3.0 ], "enabled": false },
														"south": { "texture": "#bandit2", "uv": [ 39.0, 2.5, 39.5, 3.0 ] },
														"west": { "texture": "#bandit2", "uv": [ 38.0, 2.5, 39.0, 3.0 ] },
														"up": { "texture": "#bandit2", "uv": [ 38.0, 2.0, 39.0, 2.5 ], "rotation": 90 },
														"down": { "texture": "#bandit2", "uv": [ 38.0, 3.0, 39.0, 3.5 ], "rotation": 90 }
													}
												}
											]
										},
										{
											"name": "L eyebrow 1",
											"from": [ -0.1, 2.95, 2.8 ], 
											"to": [ 0.1, 3.25, 3.8 ], 
											"unwrapMode": 4,
											"uv": [ 35.5, 2.0 ],
											"rotationOrigin": [ 0.9, 2.9, 2.8 ],
											"faces": {
												"north": { "texture": "#bandit2", "uv": [ 35.5, 2.5, 36.0, 3.0 ] },
												"east": { "texture": "#bandit2", "uv": [ 37.5, 2.5, 38.5, 3.0 ], "enabled": false },
												"south": { "texture": "#bandit2", "uv": [ 37.0, 2.5, 37.5, 3.0 ] },
												"west": { "texture": "#bandit2", "uv": [ 36.0, 2.5, 37.0, 3.0 ] },
												"up": { "texture": "#bandit2", "uv": [ 36.0, 2.0, 37.0, 2.5 ], "rotation": 90 },
												"down": { "texture": "#bandit2", "uv": [ 36.0, 3.0, 37.0, 3.5 ], "rotation": 90 }
											},
											"children": [
												{
													"name": "L eyebrow 2",
													"from": [ 0.0, 0.0, 0.9 ], 
													"to": [ 0.2, 0.3, 1.9 ], 
													"unwrapMode": 4,
													"uv": [ 40.5, 1.0 ],
													"rotationOrigin": [ 1.0, 0.0, 0.9 ],
													"rotationX": 2.0,
													"faces": {
														"north": { "texture": "#bandit2", "uv": [ 40.5, 1.5, 41.0, 2.0 ] },
														"east": { "texture": "#bandit2", "uv": [ 42.5, 1.5, 43.5, 2.0 ], "enabled": false },
														"south": { "texture": "#bandit2", "uv": [ 42.0, 1.5, 42.5, 2.0 ] },
														"west": { "texture": "#bandit2", "uv": [ 41.0, 1.5, 42.0, 2.0 ] },
														"up": { "texture": "#bandit2", "uv": [ 41.0, 1.0, 42.0, 1.5 ], "rotation": 90 },
														"down": { "texture": "#bandit2", "uv": [ 41.0, 2.0, 42.0, 2.5 ], "rotation": 90 }
													}
												}
											]
										},
										{
											"name": "mouth",
											"from": [ -0.1, 0.65, 2.0 ], 
											"to": [ 0.1, 0.95, 3.0 ], 
											"unwrapMode": 4,
											"uv": [ 39.0, 0.5 ],
											"rotationOrigin": [ 0.9, 0.6, 3.0 ],
											"faces": {
												"north": { "texture": "#bandit2", "uv": [ 39.0, 1.0, 39.5, 1.5 ] },
												"east": { "texture": "#bandit2", "uv": [ 41.0, 1.0, 42.0, 1.5 ], "enabled": false },
												"south": { "texture": "#bandit2", "uv": [ 40.5, 1.0, 41.0, 1.5 ] },
												"west": { "texture": "#bandit2", "uv": [ 39.5, 1.0, 40.5, 1.5 ] },
												"up": { "texture": "#bandit2", "uv": [ 39.5, 0.5, 40.5, 1.0 ], "rotation": 90 },
												"down": { "texture": "#bandit2", "uv": [ 39.5, 1.5, 40.5, 2.0 ], "rotation": 90 }
											},
											"children": [
												{
													"name": "mouth L",
													"from": [ 0.05, -0.01, -0.5 ], 
													"to": [ 0.25, 0.29, 0.8 ], 
													"unwrapMode": 4,
													"uv": [ 31.0, 1.0 ],
													"rotationOrigin": [ 1.0, 0.0, 0.5 ],
													"rotationX": 1.0,
													"faces": {
														"north": { "texture": "#bandit2", "uv": [ 31.0, 1.5, 31.5, 2.0 ] },
														"east": { "texture": "#bandit2", "uv": [ 33.0, 1.5, 34.0, 2.0 ], "enabled": false },
														"south": { "texture": "#bandit2", "uv": [ 32.5, 1.5, 33.0, 2.0 ] },
														"west": { "texture": "#bandit2", "uv": [ 31.5, 1.5, 32.5, 2.0 ] },
														"up": { "texture": "#bandit2", "uv": [ 31.5, 1.0, 32.5, 1.5 ], "rotation": 90 },
														"down": { "texture": "#bandit2", "uv": [ 31.5, 2.0, 32.5, 2.5 ], "rotation": 90 }
													}
												},
												{
													"name": "mouth R",
													"from": [ 0.05, -0.01, 0.4 ], 
													"to": [ 0.25, 0.29, 1.5 ], 
													"unwrapMode": 4,
													"uv": [ 28.0, 0.0 ],
													"rotationOrigin": [ 1.1, 0.0, 0.4 ],
													"rotationX": -1.0,
													"faces": {
														"north": { "texture": "#bandit2", "uv": [ 28.0, 0.5, 28.5, 1.0 ] },
														"east": { "texture": "#bandit2", "uv": [ 30.0, 0.5, 31.0, 1.0 ], "enabled": false },
														"south": { "texture": "#bandit2", "uv": [ 29.5, 0.5, 30.0, 1.0 ] },
														"west": { "texture": "#bandit2", "uv": [ 28.5, 0.5, 29.5, 1.0 ] },
														"up": { "texture": "#bandit2", "uv": [ 28.5, 0.0, 29.5, 0.5 ], "rotation": 90 },
														"down": { "texture": "#bandit2", "uv": [ 28.5, 1.0, 29.5, 1.5 ], "rotation": 90 }
													}
												}
											]
										},
										{
											"name": "eyelid r",
											"from": [ -0.05, 2.0, 0.9 ], 
											"to": [ 0.01, 2.15, 2.25 ], 
											"unwrapMode": 4,
											"uv": [ 32.5, 0.0 ],
											"rotationOrigin": [ -0.2, 2.4, 1.5 ],
											"rotationX": 180.0,
											"faces": {
												"north": { "texture": "#bandit2", "uv": [ 32.5, 0.5, 33.0, 1.0 ] },
												"east": { "texture": "#bandit2", "uv": [ 34.5, 0.5, 35.5, 1.0 ], "enabled": false },
												"south": { "texture": "#bandit2", "uv": [ 34.0, 0.5, 34.5, 1.0 ] },
												"west": { "texture": "#bandit2", "uv": [ 33.0, 0.5, 34.0, 1.0 ] },
												"up": { "texture": "#bandit2", "uv": [ 33.0, 0.0, 34.0, 0.5 ], "rotation": 90 },
												"down": { "texture": "#bandit2", "uv": [ 33.0, 1.0, 34.0, 1.5 ], "rotation": 90 }
											}
										},
										{
											"name": "eyelid l",
											"from": [ -0.05, 2.0, 3.15 ], 
											"to": [ 0.01, 2.15, 4.5 ], 
											"unwrapMode": 4,
											"uv": [ 30.0, 0.0 ],
											"rotationOrigin": [ -0.2, 2.4, 3.7 ],
											"rotationX": 180.0,
											"faces": {
												"north": { "texture": "#bandit2", "uv": [ 30.0, 0.5, 30.5, 1.0 ] },
												"east": { "texture": "#bandit2", "uv": [ 32.0, 0.5, 33.0, 1.0 ], "enabled": false },
												"south": { "texture": "#bandit2", "uv": [ 31.5, 0.5, 32.0, 1.0 ] },
												"west": { "texture": "#bandit2", "uv": [ 30.5, 0.5, 31.5, 1.0 ] },
												"up": { "texture": "#bandit2", "uv": [ 30.5, 0.0, 31.5, 0.5 ], "rotation": 90 },
												"down": { "texture": "#bandit2", "uv": [ 30.5, 1.0, 31.5, 1.5 ], "rotation": 90 }
											}
										},
										{
											"name": "mustache",
											"from": [ 0.05, 0.13, 3.2 ], 
											"to": [ 0.25, 1.13, 5.1 ], 
											"uv": [ 28.0, 19.0 ],
											"rotationOrigin": [ 0.16, 1.47, 4.1 ],
											"rotationZ": -6.0,
											"faces": {
												"north": { "texture": "#beard", "uv": [ 0.0, 0.5, 0.0, 5.5 ], "enabled": false },
												"east": { "texture": "#beard", "uv": [ 0.0, 0.5, 0.5, 5.5 ], "enabled": false },
												"south": { "texture": "#beard", "uv": [ 0.5, 0.5, 0.5, 5.5 ], "enabled": false },
												"west": { "texture": "#beard", "uv": [ 28.0, 20.0, 30.0, 22.0 ] },
												"up": { "texture": "#beard", "uv": [ 0.0, 0.0, 0.0, 0.5 ], "enabled": false },
												"down": { "texture": "#beard", "uv": [ 0.0, 0.0, 0.0, 0.5 ], "enabled": false }
											},
											"children": [
												{
													"name": "mustache43",
													"from": [ 0.0, 0.0, -3.3 ], 
													"to": [ 0.2, 1.0, -1.4 ], 
													"uv": [ 28.0, 19.0 ],
													"rotationOrigin": [ 0.11, 1.34, -3.4 ],
													"faces": {
														"north": { "texture": "#beard", "uv": [ 0.0, 0.5, 0.0, 5.5 ], "enabled": false },
														"east": { "texture": "#beard", "uv": [ 0.0, 0.5, 0.5, 5.5 ], "enabled": false },
														"south": { "texture": "#beard", "uv": [ 0.5, 0.5, 0.5, 5.5 ], "enabled": false },
														"west": { "texture": "#beard", "uv": [ 28.0, 19.0, 29.5, 20.0 ] },
														"up": { "texture": "#beard", "uv": [ 0.0, 0.0, 0.0, 0.5 ], "enabled": false },
														"down": { "texture": "#beard", "uv": [ 0.0, 0.0, 0.0, 0.5 ], "enabled": false }
													}
												},
												{
													"name": "mustache44",
													"from": [ 0.0, -1.2, -3.2 ], 
													"to": [ 0.2, 0.1, -1.1 ], 
													"uv": [ 28.0, 19.0 ],
													"rotationOrigin": [ 0.11, 0.14, -3.3 ],
													"faces": {
														"north": { "texture": "#beard", "uv": [ 0.0, 0.5, 0.0, 5.5 ], "enabled": false },
														"east": { "texture": "#beard", "uv": [ 0.0, 0.5, 0.5, 5.5 ], "enabled": false },
														"south": { "texture": "#beard", "uv": [ 0.5, 0.5, 0.5, 5.5 ], "enabled": false },
														"west": { "texture": "#beard", "uv": [ 28.0, 19.0, 30.0, 20.0 ] },
														"up": { "texture": "#beard", "uv": [ 0.0, 0.0, 0.0, 0.5 ], "enabled": false },
														"down": { "texture": "#beard", "uv": [ 0.0, 0.0, 0.0, 0.5 ], "enabled": false }
													}
												},
												{
													"name": "beardpop1",
													"from": [ -0.15, -0.9, -0.1 ], 
													"to": [ 0.65, -0.7, 0.1 ], 
													"uv": [ 0.0, 0.0 ],
													"rotationOrigin": [ -0.1, -0.9, -0.1 ],
													"rotationY": -24.0,
													"rotationZ": 60.0,
													"faces": {
														"north": { "texture": "#beard", "uv": [ 0.0, 2.0, 2.0, 4.0 ] },
														"east": { "texture": "#beard", "uv": [ 2.0, 2.0, 4.0, 4.0 ] },
														"south": { "texture": "#beard", "uv": [ 4.0, 2.0, 6.0, 4.0 ] },
														"west": { "texture": "#beard", "uv": [ 6.0, 2.0, 8.0, 4.0 ] },
														"up": { "texture": "#beard", "uv": [ 0.0, 0.0, 2.0, 2.0 ] },
														"down": { "texture": "#beard", "uv": [ 2.0, 0.0, 4.0, 2.0 ] }
													}
												},
												{
													"name": "beardpop45",
													"from": [ -0.25, -1.1, -0.5 ], 
													"to": [ 0.55, -0.9, -0.3 ], 
													"uv": [ 0.0, 0.0 ],
													"rotationOrigin": [ -0.2, -1.1, -0.5 ],
													"rotationX": -11.0,
													"rotationY": 8.0,
													"rotationZ": 60.0,
													"faces": {
														"north": { "texture": "#beard", "uv": [ 0.0, 2.0, 2.0, 4.0 ] },
														"east": { "texture": "#beard", "uv": [ 2.0, 2.0, 4.0, 4.0 ] },
														"south": { "texture": "#beard", "uv": [ 4.0, 2.0, 6.0, 4.0 ] },
														"west": { "texture": "#beard", "uv": [ 6.0, 2.0, 8.0, 4.0 ] },
														"up": { "texture": "#beard", "uv": [ 0.0, 0.0, 2.0, 2.0 ] },
														"down": { "texture": "#beard", "uv": [ 2.0, 0.0, 4.0, 2.0 ] }
													}
												},
												{
													"name": "beardpop46",
													"from": [ -0.25, -0.9, -0.9 ], 
													"to": [ 0.55, -0.7, -0.7 ], 
													"uv": [ 0.0, 0.0 ],
													"rotationOrigin": [ -0.2, -0.9, -0.9 ],
													"rotationY": 18.0,
													"rotationZ": 59.0,
													"faces": {
														"north": { "texture": "#beard", "uv": [ 0.0, 2.0, 2.0, 4.0 ] },
														"east": { "texture": "#beard", "uv": [ 2.0, 2.0, 4.0, 4.0 ] },
														"south": { "texture": "#beard", "uv": [ 4.0, 2.0, 6.0, 4.0 ] },
														"west": { "texture": "#beard", "uv": [ 6.0, 2.0, 8.0, 4.0 ] },
														"up": { "texture": "#beard", "uv": [ 0.0, 0.0, 2.0, 2.0 ] },
														"down": { "texture": "#beard", "uv": [ 2.0, 0.0, 4.0, 2.0 ] }
													}
												},
												{
													"name": "beardpop47",
													"from": [ -0.25, -1.1, -1.3 ], 
													"to": [ 0.55, -0.9, -1.1 ], 
													"uv": [ 0.0, 0.0 ],
													"rotationOrigin": [ -0.2, -1.1, -1.3 ],
													"rotationX": 8.0,
													"rotationZ": 60.0,
													"faces": {
														"north": { "texture": "#beard", "uv": [ 0.0, 2.0, 2.0, 4.0 ] },
														"east": { "texture": "#beard", "uv": [ 2.0, 2.0, 4.0, 4.0 ] },
														"south": { "texture": "#beard", "uv": [ 4.0, 2.0, 6.0, 4.0 ] },
														"west": { "texture": "#beard", "uv": [ 6.0, 2.0, 8.0, 4.0 ] },
														"up": { "texture": "#beard", "uv": [ 0.0, 0.0, 2.0, 2.0 ] },
														"down": { "texture": "#beard", "uv": [ 2.0, 0.0, 4.0, 2.0 ] }
													}
												},
												{
													"name": "beardpop48",
													"from": [ -0.25, -1.1, -1.7 ], 
													"to": [ 0.55, -0.9, -1.5 ], 
													"uv": [ 0.0, 0.0 ],
													"rotationOrigin": [ -0.2, -1.1, -1.7 ],
													"rotationX": 14.0,
													"rotationZ": 60.0,
													"faces": {
														"north": { "texture": "#beard", "uv": [ 0.0, 2.0, 2.0, 4.0 ] },
														"east": { "texture": "#beard", "uv": [ 2.0, 2.0, 4.0, 4.0 ] },
														"south": { "texture": "#beard", "uv": [ 4.0, 2.0, 6.0, 4.0 ] },
														"west": { "texture": "#beard", "uv": [ 6.0, 2.0, 8.0, 4.0 ] },
														"up": { "texture": "#beard", "uv": [ 0.0, 0.0, 2.0, 2.0 ] },
														"down": { "texture": "#beard", "uv": [ 2.0, 0.0, 4.0, 2.0 ] }
													}
												},
												{
													"name": "beardpop49",
													"from": [ -0.25, -0.7, -2.0 ], 
													"to": [ 0.55, -0.5, -1.8 ], 
													"uv": [ 0.0, 0.0 ],
													"rotationOrigin": [ -0.2, -0.7, -2.0 ],
													"rotationX": 14.0,
													"rotationZ": 60.0,
													"faces": {
														"north": { "texture": "#beard", "uv": [ 0.0, 2.0, 2.0, 4.0 ] },
														"east": { "texture": "#beard", "uv": [ 2.0, 2.0, 4.0, 4.0 ] },
														"south": { "texture": "#beard", "uv": [ 4.0, 2.0, 6.0, 4.0 ] },
														"west": { "texture": "#beard", "uv": [ 6.0, 2.0, 8.0, 4.0 ] },
														"up": { "texture": "#beard", "uv": [ 0.0, 0.0, 2.0, 2.0 ] },
														"down": { "texture": "#beard", "uv": [ 2.0, 0.0, 4.0, 2.0 ] }
													}
												},
												{
													"name": "beardpop50",
													"from": [ -0.25, -0.7, 0.2 ], 
													"to": [ 0.55, -0.5, 0.4 ], 
													"uv": [ 0.0, 0.0 ],
													"rotationOrigin": [ -0.2, -0.7, 0.2 ],
													"rotationX": 14.0,
													"rotationZ": 60.0,
													"faces": {
														"north": { "texture": "#beard", "uv": [ 0.0, 2.0, 2.0, 4.0 ] },
														"east": { "texture": "#beard", "uv": [ 2.0, 2.0, 4.0, 4.0 ] },
														"south": { "texture": "#beard", "uv": [ 4.0, 2.0, 6.0, 4.0 ] },
														"west": { "texture": "#beard", "uv": [ 6.0, 2.0, 8.0, 4.0 ] },
														"up": { "texture": "#beard", "uv": [ 0.0, 0.0, 2.0, 2.0 ] },
														"down": { "texture": "#beard", "uv": [ 2.0, 0.0, 4.0, 2.0 ] }
													}
												},
												{
													"name": "beardpop51",
													"from": [ -0.25, -0.2, 0.5 ], 
													"to": [ 0.55, 0.0, 0.7 ], 
													"uv": [ 0.0, 0.0 ],
													"rotationOrigin": [ -0.2, -0.2, 0.5 ],
													"rotationX": -7.0,
													"rotationZ": 60.0,
													"faces": {
														"north": { "texture": "#beard", "uv": [ 0.0, 2.0, 2.0, 4.0 ] },
														"east": { "texture": "#beard", "uv": [ 2.0, 2.0, 4.0, 4.0 ] },
														"south": { "texture": "#beard", "uv": [ 4.0, 2.0, 6.0, 4.0 ] },
														"west": { "texture": "#beard", "uv": [ 6.0, 2.0, 8.0, 4.0 ] },
														"up": { "texture": "#beard", "uv": [ 0.0, 0.0, 2.0, 2.0 ] },
														"down": { "texture": "#beard", "uv": [ 2.0, 0.0, 4.0, 2.0 ] }
													}
												},
												{
													"name": "beardpop52",
													"from": [ -0.25, -0.2, -2.0 ], 
													"to": [ 0.55, 0.0, -1.8 ], 
													"uv": [ 0.0, 0.0 ],
													"rotationOrigin": [ -0.2, -0.2, -2.0 ],
													"rotationX": -7.0,
													"rotationZ": 60.0,
													"faces": {
														"north": { "texture": "#beard", "uv": [ 0.0, 2.0, 2.0, 4.0 ] },
														"east": { "texture": "#beard", "uv": [ 2.0, 2.0, 4.0, 4.0 ] },
														"south": { "texture": "#beard", "uv": [ 4.0, 2.0, 6.0, 4.0 ] },
														"west": { "texture": "#beard", "uv": [ 6.0, 2.0, 8.0, 4.0 ] },
														"up": { "texture": "#beard", "uv": [ 0.0, 0.0, 2.0, 2.0 ] },
														"down": { "texture": "#beard", "uv": [ 2.0, 0.0, 4.0, 2.0 ] }
													}
												},
												{
													"name": "beardpop53",
													"from": [ -0.25, -0.3, -2.4 ], 
													"to": [ 0.55, -0.1, -2.2 ], 
													"uv": [ 0.0, 0.0 ],
													"rotationOrigin": [ -0.2, -0.3, -2.4 ],
													"rotationX": -7.0,
													"rotationY": -37.0,
													"rotationZ": 65.0,
													"faces": {
														"north": { "texture": "#beard", "uv": [ 0.0, 2.0, 2.0, 4.0 ] },
														"east": { "texture": "#beard", "uv": [ 2.0, 2.0, 4.0, 4.0 ] },
														"south": { "texture": "#beard", "uv": [ 4.0, 2.0, 6.0, 4.0 ] },
														"west": { "texture": "#beard", "uv": [ 6.0, 2.0, 8.0, 4.0 ] },
														"up": { "texture": "#beard", "uv": [ 0.0, 0.0, 2.0, 2.0 ] },
														"down": { "texture": "#beard", "uv": [ 2.0, 0.0, 4.0, 2.0 ] }
													}
												},
												{
													"name": "beardpop54",
													"from": [ -0.25, -0.3, 0.9 ], 
													"to": [ 0.55, -0.1, 1.1 ], 
													"uv": [ 0.0, 0.0 ],
													"rotationOrigin": [ -0.2, -0.3, 0.9 ],
													"rotationX": -2.0,
													"rotationY": -19.0,
													"rotationZ": 65.0,
													"faces": {
														"north": { "texture": "#beard", "uv": [ 0.0, 2.0, 2.0, 4.0 ] },
														"east": { "texture": "#beard", "uv": [ 2.0, 2.0, 4.0, 4.0 ] },
														"south": { "texture": "#beard", "uv": [ 4.0, 2.0, 6.0, 4.0 ] },
														"west": { "texture": "#beard", "uv": [ 6.0, 2.0, 8.0, 4.0 ] },
														"up": { "texture": "#beard", "uv": [ 0.0, 0.0, 2.0, 2.0 ] },
														"down": { "texture": "#beard", "uv": [ 2.0, 0.0, 4.0, 2.0 ] }
													}
												},
												{
													"name": "beardpop55",
													"from": [ -0.25, 0.2, 0.7 ], 
													"to": [ 0.55, 0.4, 0.9 ], 
													"uv": [ 0.0, 0.0 ],
													"rotationOrigin": [ -0.2, 0.2, 0.7 ],
													"rotationX": -2.0,
													"rotationY": -19.0,
													"rotationZ": 65.0,
													"faces": {
														"north": { "texture": "#beard", "uv": [ 0.0, 2.0, 2.0, 4.0 ] },
														"east": { "texture": "#beard", "uv": [ 2.0, 2.0, 4.0, 4.0 ] },
														"south": { "texture": "#beard", "uv": [ 4.0, 2.0, 6.0, 4.0 ] },
														"west": { "texture": "#beard", "uv": [ 6.0, 2.0, 8.0, 4.0 ] },
														"up": { "texture": "#beard", "uv": [ 0.0, 0.0, 2.0, 2.0 ] },
														"down": { "texture": "#beard", "uv": [ 2.0, 0.0, 4.0, 2.0 ] }
													}
												},
												{
													"name": "beardpop56",
													"from": [ -0.25, 0.2, -2.3 ], 
													"to": [ 0.55, 0.4, -2.1 ], 
													"uv": [ 0.0, 0.0 ],
													"rotationOrigin": [ -0.2, 0.2, -2.3 ],
													"rotationX": -2.0,
													"rotationY": -19.0,
													"rotationZ": 65.0,
													"faces": {
														"north": { "texture": "#beard", "uv": [ 0.0, 2.0, 2.0, 4.0 ] },
														"east": { "texture": "#beard", "uv": [ 2.0, 2.0, 4.0, 4.0 ] },
														"south": { "texture": "#beard", "uv": [ 4.0, 2.0, 6.0, 4.0 ] },
														"west": { "texture": "#beard", "uv": [ 6.0, 2.0, 8.0, 4.0 ] },
														"up": { "texture": "#beard", "uv": [ 0.0, 0.0, 2.0, 2.0 ] },
														"down": { "texture": "#beard", "uv": [ 2.0, 0.0, 4.0, 2.0 ] }
													}
												},
												{
													"name": "beardpop57",
													"from": [ -0.25, -0.1, -2.8 ], 
													"to": [ 0.55, 0.1, -2.6 ], 
													"uv": [ 0.0, 0.0 ],
													"rotationOrigin": [ -0.2, -0.1, -2.8 ],
													"rotationX": -2.0,
													"rotationY": 11.0,
													"rotationZ": 65.0,
													"faces": {
														"north": { "texture": "#beard", "uv": [ 0.0, 2.0, 2.0, 4.0 ] },
														"east": { "texture": "#beard", "uv": [ 2.0, 2.0, 4.0, 4.0 ] },
														"south": { "texture": "#beard", "uv": [ 4.0, 2.0, 6.0, 4.0 ] },
														"west": { "texture": "#beard", "uv": [ 6.0, 2.0, 8.0, 4.0 ] },
														"up": { "texture": "#beard", "uv": [ 0.0, 0.0, 2.0, 2.0 ] },
														"down": { "texture": "#beard", "uv": [ 2.0, 0.0, 4.0, 2.0 ] }
													}
												},
												{
													"name": "beardpop58",
													"from": [ -0.25, -0.1, 1.3 ], 
													"to": [ 0.55, 0.1, 1.5 ], 
													"uv": [ 0.0, 0.0 ],
													"rotationOrigin": [ -0.2, -0.1, 1.3 ],
													"rotationX": -2.0,
													"rotationY": -6.0,
													"rotationZ": 61.0,
													"faces": {
														"north": { "texture": "#beard", "uv": [ 0.0, 2.0, 2.0, 4.0 ] },
														"east": { "texture": "#beard", "uv": [ 2.0, 2.0, 4.0, 4.0 ] },
														"south": { "texture": "#beard", "uv": [ 4.0, 2.0, 6.0, 4.0 ] },
														"west": { "texture": "#beard", "uv": [ 6.0, 2.0, 8.0, 4.0 ] },
														"up": { "texture": "#beard", "uv": [ 0.0, 0.0, 2.0, 2.0 ] },
														"down": { "texture": "#beard", "uv": [ 2.0, 0.0, 4.0, 2.0 ] }
													}
												},
												{
													"name": "beardpop59",
													"from": [ -0.25, -0.9, 1.3 ], 
													"to": [ 0.55, -0.7, 1.5 ], 
													"uv": [ 0.0, 0.0 ],
													"rotationOrigin": [ -0.2, -0.9, 1.3 ],
													"rotationX": -2.0,
													"rotationY": -6.0,
													"rotationZ": 61.0,
													"faces": {
														"north": { "texture": "#beard", "uv": [ 0.0, 2.0, 2.0, 4.0 ] },
														"east": { "texture": "#beard", "uv": [ 2.0, 2.0, 4.0, 4.0 ] },
														"south": { "texture": "#beard", "uv": [ 4.0, 2.0, 6.0, 4.0 ] },
														"west": { "texture": "#beard", "uv": [ 6.0, 2.0, 8.0, 4.0 ] },
														"up": { "texture": "#beard", "uv": [ 0.0, 0.0, 2.0, 2.0 ] },
														"down": { "texture": "#beard", "uv": [ 2.0, 0.0, 4.0, 2.0 ] }
													}
												},
												{
													"name": "beardpop60",
													"from": [ -0.25, -0.9, -2.7 ], 
													"to": [ 0.55, -0.7, -2.5 ], 
													"uv": [ 0.0, 0.0 ],
													"rotationOrigin": [ -0.2, -0.9, -2.7 ],
													"rotationX": -2.0,
													"rotationY": -6.0,
													"rotationZ": 61.0,
													"faces": {
														"north": { "texture": "#beard", "uv": [ 0.0, 2.0, 2.0, 4.0 ] },
														"east": { "texture": "#beard", "uv": [ 2.0, 2.0, 4.0, 4.0 ] },
														"south": { "texture": "#beard", "uv": [ 4.0, 2.0, 6.0, 4.0 ] },
														"west": { "texture": "#beard", "uv": [ 6.0, 2.0, 8.0, 4.0 ] },
														"up": { "texture": "#beard", "uv": [ 0.0, 0.0, 2.0, 2.0 ] },
														"down": { "texture": "#beard", "uv": [ 2.0, 0.0, 4.0, 2.0 ] }
													}
												},
												{
													"name": "beardpop61",
													"from": [ -0.25, -1.4, -2.2 ], 
													"to": [ 0.55, -1.2, -2.0 ], 
													"uv": [ 0.0, 0.0 ],
													"rotationOrigin": [ -0.2, -1.4, -2.2 ],
													"rotationX": -2.0,
													"rotationY": -6.0,
													"rotationZ": 61.0,
													"faces": {
														"north": { "texture": "#beard", "uv": [ 0.0, 2.0, 2.0, 4.0 ] },
														"east": { "texture": "#beard", "uv": [ 2.0, 2.0, 4.0, 4.0 ] },
														"south": { "texture": "#beard", "uv": [ 4.0, 2.0, 6.0, 4.0 ] },
														"west": { "texture": "#beard", "uv": [ 6.0, 2.0, 8.0, 4.0 ] },
														"up": { "texture": "#beard", "uv": [ 0.0, 0.0, 2.0, 2.0 ] },
														"down": { "texture": "#beard", "uv": [ 2.0, 0.0, 4.0, 2.0 ] }
													}
												},
												{
													"name": "beardpop62",
													"from": [ -0.25, -1.4, 0.8 ], 
													"to": [ 0.55, -1.2, 1.0 ], 
													"uv": [ 0.0, 0.0 ],
													"rotationOrigin": [ -0.2, -1.4, 0.8 ],
													"rotationX": -2.0,
													"rotationY": -6.0,
													"rotationZ": 61.0,
													"faces": {
														"north": { "texture": "#beard", "uv": [ 0.0, 2.0, 2.0, 4.0 ] },
														"east": { "texture": "#beard", "uv": [ 2.0, 2.0, 4.0, 4.0 ] },
														"south": { "texture": "#beard", "uv": [ 4.0, 2.0, 6.0, 4.0 ] },
														"west": { "texture": "#beard", "uv": [ 6.0, 2.0, 8.0, 4.0 ] },
														"up": { "texture": "#beard", "uv": [ 0.0, 0.0, 2.0, 2.0 ] },
														"down": { "texture": "#beard", "uv": [ 2.0, 0.0, 4.0, 2.0 ] }
													}
												},
												{
													"name": "beardpop63",
													"from": [ -0.25, -1.9, 0.0 ], 
													"to": [ 0.55, -1.7, 0.2 ], 
													"uv": [ 0.0, 0.0 ],
													"rotationOrigin": [ -0.2, -1.9, 0.0 ],
													"rotationX": -2.0,
													"rotationY": -6.0,
													"rotationZ": 61.0,
													"faces": {
														"north": { "texture": "#beard", "uv": [ 0.0, 2.0, 2.0, 4.0 ] },
														"east": { "texture": "#beard", "uv": [ 2.0, 2.0, 4.0, 4.0 ] },
														"south": { "texture": "#beard", "uv": [ 4.0, 2.0, 6.0, 4.0 ] },
														"west": { "texture": "#beard", "uv": [ 6.0, 2.0, 8.0, 4.0 ] },
														"up": { "texture": "#beard", "uv": [ 0.0, 0.0, 2.0, 2.0 ] },
														"down": { "texture": "#beard", "uv": [ 2.0, 0.0, 4.0, 2.0 ] }
													}
												},
												{
													"name": "beardpop64",
													"from": [ -0.25, -1.9, -0.3 ], 
													"to": [ 0.55, -1.7, -0.1 ], 
													"uv": [ 0.0, 0.0 ],
													"rotationOrigin": [ -0.2, -1.9, -0.3 ],
													"rotationX": 3.0,
													"rotationY": -3.0,
													"rotationZ": 60.0,
													"faces": {
														"north": { "texture": "#beard", "uv": [ 0.0, 2.0, 2.0, 4.0 ] },
														"east": { "texture": "#beard", "uv": [ 2.0, 2.0, 4.0, 4.0 ] },
														"south": { "texture": "#beard", "uv": [ 4.0, 2.0, 6.0, 4.0 ] },
														"west": { "texture": "#beard", "uv": [ 6.0, 2.0, 8.0, 4.0 ] },
														"up": { "texture": "#beard", "uv": [ 0.0, 0.0, 2.0, 2.0 ] },
														"down": { "texture": "#beard", "uv": [ 2.0, 0.0, 4.0, 2.0 ] }
													}
												},
												{
													"name": "beardpop65",
													"from": [ -0.25, -1.9, -0.8 ], 
													"to": [ 0.55, -1.7, -0.6 ], 
													"uv": [ 0.0, 0.0 ],
													"rotationOrigin": [ -0.2, -1.9, -0.8 ],
													"rotationX": -2.0,
													"rotationY": -6.0,
													"rotationZ": 61.0,
													"faces": {
														"north": { "texture": "#beard", "uv": [ 0.0, 2.0, 2.0, 4.0 ] },
														"east": { "texture": "#beard", "uv": [ 2.0, 2.0, 4.0, 4.0 ] },
														"south": { "texture": "#beard", "uv": [ 4.0, 2.0, 6.0, 4.0 ] },
														"west": { "texture": "#beard", "uv": [ 6.0, 2.0, 8.0, 4.0 ] },
														"up": { "texture": "#beard", "uv": [ 0.0, 0.0, 2.0, 2.0 ] },
														"down": { "texture": "#beard", "uv": [ 2.0, 0.0, 4.0, 2.0 ] }
													}
												},
												{
													"name": "beardpop66",
													"from": [ -0.25, -1.7, -1.0 ], 
													"to": [ 0.55, -1.5, -0.8 ], 
													"uv": [ 0.0, 0.0 ],
													"rotationOrigin": [ -0.2, -1.7, -1.0 ],
													"rotationX": -2.0,
													"rotationY": -6.0,
													"rotationZ": 61.0,
													"faces": {
														"north": { "texture": "#beard", "uv": [ 0.0, 2.0, 2.0, 4.0 ] },
														"east": { "texture": "#beard", "uv": [ 2.0, 2.0, 4.0, 4.0 ] },
														"south": { "texture": "#beard", "uv": [ 4.0, 2.0, 6.0, 4.0 ] },
														"west": { "texture": "#beard", "uv": [ 6.0, 2.0, 8.0, 4.0 ] },
														"up": { "texture": "#beard", "uv": [ 0.0, 0.0, 2.0, 2.0 ] },
														"down": { "texture": "#beard", "uv": [ 2.0, 0.0, 4.0, 2.0 ] }
													}
												},
												{
													"name": "beardpop67",
													"from": [ -0.25, -1.9, -1.3 ], 
													"to": [ 0.55, -1.7, -1.1 ], 
													"uv": [ 0.0, 0.0 ],
													"rotationOrigin": [ -0.2, -1.9, -1.3 ],
													"rotationX": -2.0,
													"rotationY": -6.0,
													"rotationZ": 61.0,
													"faces": {
														"north": { "texture": "#beard", "uv": [ 0.0, 2.0, 2.0, 4.0 ] },
														"east": { "texture": "#beard", "uv": [ 2.0, 2.0, 4.0, 4.0 ] },
														"south": { "texture": "#beard", "uv": [ 4.0, 2.0, 6.0, 4.0 ] },
														"west": { "texture": "#beard", "uv": [ 6.0, 2.0, 8.0, 4.0 ] },
														"up": { "texture": "#beard", "uv": [ 0.0, 0.0, 2.0, 2.0 ] },
														"down": { "texture": "#beard", "uv": [ 2.0, 0.0, 4.0, 2.0 ] }
													}
												},
												{
													"name": "beardpop68",
													"from": [ -0.25, -1.9, -1.6 ], 
													"to": [ 0.55, -1.7, -1.4 ], 
													"uv": [ 0.0, 0.0 ],
													"rotationOrigin": [ -0.2, -1.9, -1.6 ],
													"rotationX": -2.0,
													"rotationY": -6.0,
													"rotationZ": 61.0,
													"faces": {
														"north": { "texture": "#beard", "uv": [ 0.0, 2.0, 2.0, 4.0 ] },
														"east": { "texture": "#beard", "uv": [ 2.0, 2.0, 4.0, 4.0 ] },
														"south": { "texture": "#beard", "uv": [ 4.0, 2.0, 6.0, 4.0 ] },
														"west": { "texture": "#beard", "uv": [ 6.0, 2.0, 8.0, 4.0 ] },
														"up": { "texture": "#beard", "uv": [ 0.0, 0.0, 2.0, 2.0 ] },
														"down": { "texture": "#beard", "uv": [ 2.0, 0.0, 4.0, 2.0 ] }
													}
												},
												{
													"name": "beardpop69",
													"from": [ -0.25, -0.9, -3.0 ], 
													"to": [ 0.55, -0.7, -2.8 ], 
													"uv": [ 0.0, 0.0 ],
													"rotationOrigin": [ -0.2, -0.9, -3.0 ],
													"rotationX": -2.0,
													"rotationY": -6.0,
													"rotationZ": 61.0,
													"faces": {
														"north": { "texture": "#beard", "uv": [ 0.0, 2.0, 2.0, 4.0 ] },
														"east": { "texture": "#beard", "uv": [ 2.0, 2.0, 4.0, 4.0 ] },
														"south": { "texture": "#beard", "uv": [ 4.0, 2.0, 6.0, 4.0 ] },
														"west": { "texture": "#beard", "uv": [ 6.0, 2.0, 8.0, 4.0 ] },
														"up": { "texture": "#beard", "uv": [ 0.0, 0.0, 2.0, 2.0 ] },
														"down": { "texture": "#beard", "uv": [ 2.0, 0.0, 4.0, 2.0 ] }
													}
												},
												{
													"name": "beardpop70",
													"from": [ -0.25, 0.8, -1.6 ], 
													"to": [ 0.75, 0.8, -1.4 ], 
													"uv": [ 0.0, 0.0 ],
													"rotationOrigin": [ -0.2, 0.8, -1.6 ],
													"rotationX": 6.0,
													"rotationY": -15.0,
													"rotationZ": 61.0,
													"faces": {
														"north": { "texture": "#beard", "uv": [ 0.0, 2.0, 2.0, 4.0 ] },
														"east": { "texture": "#beard", "uv": [ 2.0, 2.0, 4.0, 4.0 ] },
														"south": { "texture": "#beard", "uv": [ 4.0, 2.0, 6.0, 4.0 ] },
														"west": { "texture": "#beard", "uv": [ 6.0, 2.0, 8.0, 4.0 ] },
														"up": { "texture": "#beard", "uv": [ 0.0, 0.0, 2.0, 2.0 ] },
														"down": { "texture": "#beard", "uv": [ 2.0, 0.0, 4.0, 2.0 ] }
													}
												},
												{
													"name": "beardpop71",
													"from": [ -0.25, 0.8, -0.6 ], 
													"to": [ 0.25, 0.9, -0.4 ], 
													"uv": [ 0.0, 0.0 ],
													"rotationOrigin": [ -0.2, 0.8, -0.6 ],
													"rotationX": -2.0,
													"rotationY": -6.0,
													"rotationZ": 61.0,
													"faces": {
														"north": { "texture": "#beard", "uv": [ 0.0, 2.0, 2.0, 4.0 ] },
														"east": { "texture": "#beard", "uv": [ 2.0, 2.0, 4.0, 4.0 ] },
														"south": { "texture": "#beard", "uv": [ 4.0, 2.0, 6.0, 4.0 ] },
														"west": { "texture": "#beard", "uv": [ 6.0, 2.0, 8.0, 4.0 ] },
														"up": { "texture": "#beard", "uv": [ 0.0, 0.0, 2.0, 2.0 ] },
														"down": { "texture": "#beard", "uv": [ 2.0, 0.0, 4.0, 2.0 ] }
													}
												},
												{
													"name": "beardpop72",
													"from": [ -0.25, 0.9, -1.0 ], 
													"to": [ 0.55, 0.9, -0.8 ], 
													"uv": [ 0.0, 0.0 ],
													"rotationOrigin": [ -0.2, 0.9, -1.0 ],
													"rotationX": -2.0,
													"rotationY": -6.0,
													"rotationZ": 61.0,
													"faces": {
														"north": { "texture": "#beard", "uv": [ 0.0, 2.0, 2.0, 4.0 ] },
														"east": { "texture": "#beard", "uv": [ 2.0, 2.0, 4.0, 4.0 ] },
														"south": { "texture": "#beard", "uv": [ 4.0, 2.0, 6.0, 4.0 ] },
														"west": { "texture": "#beard", "uv": [ 6.0, 2.0, 8.0, 4.0 ] },
														"up": { "texture": "#beard", "uv": [ 0.0, 0.0, 2.0, 2.0 ] },
														"down": { "texture": "#beard", "uv": [ 2.0, 0.0, 4.0, 2.0 ] }
													}
												},
												{
													"name": "beardpop73",
													"from": [ -0.05, 0.8, 0.0 ], 
													"to": [ 0.45, 1.0, 0.2 ], 
													"uv": [ 0.0, 0.0 ],
													"rotationOrigin": [ 0.0, 0.8, 0.0 ],
													"rotationX": -20.0,
													"rotationY": -5.0,
													"rotationZ": 72.0,
													"faces": {
														"north": { "texture": "#beard", "uv": [ 0.0, 2.0, 2.0, 4.0 ] },
														"east": { "texture": "#beard", "uv": [ 2.0, 2.0, 4.0, 4.0 ] },
														"south": { "texture": "#beard", "uv": [ 4.0, 2.0, 6.0, 4.0 ] },
														"west": { "texture": "#beard", "uv": [ 6.0, 2.0, 8.0, 4.0 ] },
														"up": { "texture": "#beard", "uv": [ 0.0, 0.0, 2.0, 2.0 ] },
														"down": { "texture": "#beard", "uv": [ 2.0, 0.0, 4.0, 2.0 ] }
													}
												},
												{
													"name": "beardpop74",
													"from": [ -0.25, 0.0, -3.1 ], 
													"to": [ 0.55, 0.2, -2.9 ], 
													"uv": [ 0.0, 0.0 ],
													"rotationOrigin": [ -0.2, 0.0, -3.1 ],
													"rotationX": 7.0,
													"rotationY": 11.0,
													"rotationZ": 65.0,
													"faces": {
														"north": { "texture": "#beard", "uv": [ 0.0, 2.0, 2.0, 4.0 ] },
														"east": { "texture": "#beard", "uv": [ 2.0, 2.0, 4.0, 4.0 ] },
														"south": { "texture": "#beard", "uv": [ 4.0, 2.0, 6.0, 4.0 ] },
														"west": { "texture": "#beard", "uv": [ 6.0, 2.0, 8.0, 4.0 ] },
														"up": { "texture": "#beard", "uv": [ 0.0, 0.0, 2.0, 2.0 ] },
														"down": { "texture": "#beard", "uv": [ 2.0, 0.0, 4.0, 2.0 ] }
													}
												},
												{
													"name": "beardpop75",
													"from": [ -0.25, 0.8, -1.2 ], 
													"to": [ 0.15, 0.9, -1.0 ], 
													"uv": [ 0.0, 0.0 ],
													"rotationOrigin": [ -0.2, 0.8, -1.2 ],
													"rotationX": -2.0,
													"rotationY": -19.0,
													"rotationZ": 65.0,
													"faces": {
														"north": { "texture": "#beard", "uv": [ 0.0, 2.0, 2.0, 4.0 ] },
														"east": { "texture": "#beard", "uv": [ 2.0, 2.0, 4.0, 4.0 ] },
														"south": { "texture": "#beard", "uv": [ 4.0, 2.0, 6.0, 4.0 ] },
														"west": { "texture": "#beard", "uv": [ 6.0, 2.0, 8.0, 4.0 ] },
														"up": { "texture": "#beard", "uv": [ 0.0, 0.0, 2.0, 2.0 ] },
														"down": { "texture": "#beard", "uv": [ 2.0, 0.0, 4.0, 2.0 ] }
													}
												},
												{
													"name": "beardpop76",
													"from": [ -0.25, 0.8, -0.8 ], 
													"to": [ 0.15, 0.9, -0.6 ], 
													"uv": [ 0.0, 0.0 ],
													"rotationOrigin": [ -0.2, 0.8, -0.8 ],
													"rotationX": -2.0,
													"rotationY": -19.0,
													"rotationZ": 86.0,
													"faces": {
														"north": { "texture": "#beard", "uv": [ 0.0, 2.0, 2.0, 4.0 ] },
														"east": { "texture": "#beard", "uv": [ 2.0, 2.0, 4.0, 4.0 ] },
														"south": { "texture": "#beard", "uv": [ 4.0, 2.0, 6.0, 4.0 ] },
														"west": { "texture": "#beard", "uv": [ 6.0, 2.0, 8.0, 4.0 ] },
														"up": { "texture": "#beard", "uv": [ 0.0, 0.0, 2.0, 2.0 ] },
														"down": { "texture": "#beard", "uv": [ 2.0, 0.0, 4.0, 2.0 ] }
													}
												},
												{
													"name": "beardpop77",
													"from": [ -0.15, 0.8, -0.3 ], 
													"to": [ 0.25, 0.9, -0.1 ], 
													"uv": [ 0.0, 0.0 ],
													"rotationOrigin": [ -0.1, 0.8, -0.3 ],
													"rotationX": -11.0,
													"rotationY": -19.0,
													"rotationZ": 86.0,
													"faces": {
														"north": { "texture": "#beard", "uv": [ 0.0, 2.0, 2.0, 4.0 ] },
														"east": { "texture": "#beard", "uv": [ 2.0, 2.0, 4.0, 4.0 ] },
														"south": { "texture": "#beard", "uv": [ 4.0, 2.0, 6.0, 4.0 ] },
														"west": { "texture": "#beard", "uv": [ 6.0, 2.0, 8.0, 4.0 ] },
														"up": { "texture": "#beard", "uv": [ 0.0, 0.0, 2.0, 2.0 ] },
														"down": { "texture": "#beard", "uv": [ 2.0, 0.0, 4.0, 2.0 ] }
													}
												},
												{
													"name": "beardpop78",
													"from": [ -0.25, 0.7, 0.2 ], 
													"to": [ 0.15, 0.8, 0.4 ], 
													"uv": [ 0.0, 0.0 ],
													"rotationOrigin": [ -0.2, 0.7, 0.2 ],
													"rotationX": -2.0,
													"rotationY": -19.0,
													"rotationZ": 86.0,
													"faces": {
														"north": { "texture": "#beard", "uv": [ 0.0, 2.0, 2.0, 4.0 ] },
														"east": { "texture": "#beard", "uv": [ 2.0, 2.0, 4.0, 4.0 ] },
														"south": { "texture": "#beard", "uv": [ 4.0, 2.0, 6.0, 4.0 ] },
														"west": { "texture": "#beard", "uv": [ 6.0, 2.0, 8.0, 4.0 ] },
														"up": { "texture": "#beard", "uv": [ 0.0, 0.0, 2.0, 2.0 ] },
														"down": { "texture": "#beard", "uv": [ 2.0, 0.0, 4.0, 2.0 ] }
													}
												},
												{
													"name": "beardpop79",
													"from": [ -0.25, 0.6, -1.8 ], 
													"to": [ 0.15, 0.7, -1.6 ], 
													"uv": [ 0.0, 0.0 ],
													"rotationOrigin": [ -0.2, 0.6, -1.8 ],
													"rotationX": -2.0,
													"rotationY": -19.0,
													"rotationZ": 86.0,
													"faces": {
														"north": { "texture": "#beard", "uv": [ 0.0, 2.0, 2.0, 4.0 ] },
														"east": { "texture": "#beard", "uv": [ 2.0, 2.0, 4.0, 4.0 ] },
														"south": { "texture": "#beard", "uv": [ 4.0, 2.0, 6.0, 4.0 ] },
														"west": { "texture": "#beard", "uv": [ 6.0, 2.0, 8.0, 4.0 ] },
														"up": { "texture": "#beard", "uv": [ 0.0, 0.0, 2.0, 2.0 ] },
														"down": { "texture": "#beard", "uv": [ 2.0, 0.0, 4.0, 2.0 ] }
													}
												},
												{
													"name": "mustache83",
													"from": [ 0.0, -1.2, -0.5 ], 
													"to": [ 0.2, 0.1, 1.6 ], 
													"uv": [ 28.0, 19.0 ],
													"rotationOrigin": [ 0.11, 0.14, -0.6 ],
													"faces": {
														"north": { "texture": "#beard", "uv": [ 0.0, 0.5, 0.0, 5.5 ], "enabled": false },
														"east": { "texture": "#beard", "uv": [ 0.0, 0.5, 0.5, 5.5 ], "enabled": false },
														"south": { "texture": "#beard", "uv": [ 0.5, 0.5, 0.5, 5.5 ], "enabled": false },
														"west": { "texture": "#beard", "uv": [ 28.0, 19.0, 30.0, 20.0 ] },
														"up": { "texture": "#beard", "uv": [ 0.0, 0.0, 0.0, 0.5 ], "enabled": false },
														"down": { "texture": "#beard", "uv": [ 0.0, 0.0, 0.0, 0.5 ], "enabled": false }
													}
												},
												{
													"name": "mustache84",
													"from": [ 0.0, -1.7, -1.7 ], 
													"to": [ 0.2, 0.1, 0.4 ], 
													"uv": [ 28.0, 19.0 ],
													"rotationOrigin": [ 0.11, -0.36, -1.8 ],
													"faces": {
														"north": { "texture": "#beard", "uv": [ 0.0, 0.5, 0.0, 5.5 ], "enabled": false },
														"east": { "texture": "#beard", "uv": [ 0.0, 0.5, 0.5, 5.5 ], "enabled": false },
														"south": { "texture": "#beard", "uv": [ 0.5, 0.5, 0.5, 5.5 ], "enabled": false },
														"west": { "texture": "#beard", "uv": [ 28.0, 19.0, 30.0, 20.5 ] },
														"up": { "texture": "#beard", "uv": [ 0.0, 0.0, 0.0, 0.5 ], "enabled": false },
														"down": { "texture": "#beard", "uv": [ 0.0, 0.0, 0.0, 0.5 ], "enabled": false }
													}
												}
											]
										},
										{
											"name": "Hair82",
											"from": [ -0.2, -3.5, 0.5 ], 
											"to": [ 3.2, 5.9, 5.3 ], 
											"unwrapMode": 4,
											"uv": [ 8.0, 13.0 ],
											"rotationOrigin": [ 1.9, 1.6, 2.6 ],
											"rotationZ": 180.0,
											"faces": {
												"north": { "texture": "#bandit2", "uv": [ 8.0, 16.0, 11.0, 25.0 ] },
												"east": { "texture": "#bandit2", "uv": [ 18.5, 16.0, 23.0, 25.0 ] },
												"south": { "texture": "#bandit2", "uv": [ 15.5, 16.0, 18.5, 25.0 ] },
												"west": { "texture": "#bandit2", "uv": [ 11.0, 16.0, 15.5, 25.0 ] },
												"up": { "texture": "#bandit2", "uv": [ 11.0, 13.0, 15.5, 16.0 ], "rotation": 90 },
												"down": { "texture": "#bandit2", "uv": [ 11.0, 25.0, 25.5, 12.0 ], "rotation": 90, "enabled": false, "autoUv": false }
											}
										}
									],
									"attachmentpoints": [
										{
											"code": "Eyes",
											"posX": "1.3","posY": "3.5","posZ": "2.5",
											"rotationX": "0.0","rotationY": "-90.0","rotationZ": "0.0"
										}
									]
								}
							]
						},
						{
							"name": "UpperButtons",
							"from": [ -0.1, 0.0, 2.3 ], 
							"to": [ -0.1, 5.0, 3.9 ], 
							"uv": [ 0.0, 0.0 ],
							"rotationOrigin": [ -0.1, 5.0, 2.8 ],
							"faces": {
								"north": { "texture": "#bandit2", "uv": [ 0.0, 0.5, 0.0, 5.5 ], "enabled": false },
								"east": { "texture": "#bandit2", "uv": [ 0.0, 0.5, 0.5, 5.5 ], "enabled": false },
								"south": { "texture": "#bandit2", "uv": [ 0.0, 0.0, 0.0, 5.0 ], "enabled": false },
								"west": { "texture": "#bandit2", "uv": [ 0.0, 0.0, 1.5, 5.0 ] },
								"up": { "texture": "#bandit2", "uv": [ 0.0, 0.0, 0.0, 0.5 ], "enabled": false },
								"down": { "texture": "#bandit2", "uv": [ 0.0, 0.0, 0.0, 0.5 ], "enabled": false }
							}
						}
					],
					"attachmentpoints": [
						{
							"code": "Back",
							"posX": "5.0","posY": "3.0","posZ": "3.0",
							"rotationX": "0.0","rotationY": "0.0","rotationZ": "0.0"
						}
					]
				},
				{
					"name": "UpperFootL",
					"from": [ 0.4, -6.0, 3.0 ], 
					"to": [ 4.6, 1.5, 6.2 ], 
					"unwrapMode": 4,
					"uv": [ 16.0, 33.0 ],
					"rotationOrigin": [ 1.5, 0.5, 4.3 ],
					"rotationX": -3.0,
					"rotationZ": -5.0,
					"faces": {
						"north": { "texture": "#bandit2", "uv": [ 16.0, 37.0, 20.0, 44.5 ] },
						"east": { "texture": "#bandit2", "uv": [ 27.0, 37.0, 30.0, 44.5 ] },
						"south": { "texture": "#bandit2", "uv": [ 23.0, 37.0, 27.0, 44.5 ] },
						"west": { "texture": "#bandit2", "uv": [ 20.0, 37.0, 23.0, 44.5 ] },
						"up": { "texture": "#bandit2", "uv": [ 20.0, 33.0, 23.0, 37.0 ], "rotation": 90 },
						"down": { "texture": "#bandit2", "uv": [ 20.0, 44.5, 23.0, 48.5 ], "rotation": 90 }
					},
					"children": [
						{
							"name": "LowerFootL",
							"from": [ 0.1, -9.0, 0.1 ], 
							"to": [ 4.1, 1.0, 3.1 ], 
							"unwrapMode": 4,
							"uv": [ 16.0, 46.0 ],
							"rotationOrigin": [ 2.1, 0.5, 1.4 ],
							"rotationX": 2.0,
							"rotationZ": 2.0,
							"faces": {
								"north": { "texture": "#bandit2", "uv": [ 16.0, 50.0, 20.0, 60.0 ] },
								"east": { "texture": "#bandit2", "uv": [ 27.0, 50.0, 30.0, 60.0 ] },
								"south": { "texture": "#bandit2", "uv": [ 23.0, 50.0, 27.0, 60.0 ] },
								"west": { "texture": "#bandit2", "uv": [ 20.0, 50.0, 23.0, 60.0 ] },
								"up": { "texture": "#bandit2", "uv": [ 20.0, 46.0, 23.0, 50.0 ], "rotation": 90 },
								"down": { "texture": "#bandit2", "uv": [ 20.0, 60.0, 23.0, 64.0 ], "rotation": 90 }
							},
							"children": [
								{
									"name": "ButtonsR",
									"from": [ -0.1, 0.0, 0.7 ], 
									"to": [ -0.1, 9.0, 2.3 ], 
									"uv": [ 2.0, 11.0 ],
									"rotationOrigin": [ -0.1, 0.0, 1.5 ],
									"faces": {
										"north": { "texture": "#bandit2", "uv": [ 0.0, 1.5, 0.0, 10.5 ], "enabled": false },
										"east": { "texture": "#bandit2", "uv": [ 0.0, 1.5, 1.5, 10.5 ], "enabled": false },
										"south": { "texture": "#bandit2", "uv": [ 1.5, 1.5, 1.5, 10.5 ], "enabled": false },
										"west": { "texture": "#bandit2", "uv": [ 2.0, 11.0, 3.5, 20.0 ] },
										"up": { "texture": "#bandit2", "uv": [ 0.0, 0.0, 0.0, 1.5 ], "enabled": false },
										"down": { "texture": "#bandit2", "uv": [ 0.0, 0.0, 0.0, 1.5 ], "enabled": false }
									}
								},
								{
									"name": "shoe1",
									"from": [ -1.13, -0.14, -0.27 ], 
									"to": [ 4.17, 0.96, 3.33 ], 
									"unwrapMode": 4,
									"uv": [ 10.0, 14.0 ],
									"rotationOrigin": [ 1.2002, 9.3244, 0.7002 ],
									"rotationX": 3.201650997652905E-7,
									"rotationY": -3.335053520124423E-9,
									"rotationZ": -1.067216999217635E-7,
									"faces": {
										"north": { "texture": "#brown", "uv": [ 10.0, 19.0, 15.0, 20.0 ] },
										"east": { "texture": "#brown", "uv": [ 23.5, 19.0, 27.0, 20.0 ] },
										"south": { "texture": "#brown", "uv": [ 18.5, 19.0, 23.5, 20.0 ] },
										"west": { "texture": "#brown", "uv": [ 15.0, 19.0, 18.5, 20.0 ] },
										"up": { "texture": "#brown", "uv": [ 15.0, 14.0, 18.5, 19.0 ], "rotation": 90 },
										"down": { "texture": "#brown", "uv": [ 15.0, 20.0, 18.5, 25.0 ], "rotation": 90 }
									}
								}
							]
						}
					]
				},
				{
					"name": "UpperFootR",
					"from": [ 0.4, -6.0, -0.2 ], 
					"to": [ 4.6, 1.3, 3.0 ], 
					"unwrapMode": 4,
					"autoUnwrap": false,
					"uv": [ 1.0, 29.0 ],
					"rotationOrigin": [ 1.5, 0.5, 1.3 ],
					"rotationX": 3.0,
					"rotationZ": -5.0,
					"faces": {
						"north": { "texture": "#bandit2", "uv": [ 4.0, 37.0, 8.0, 44.0 ] },
						"east": { "texture": "#bandit2", "uv": [ 1.0, 37.0, 4.0, 44.0 ] },
						"south": { "texture": "#bandit2", "uv": [ 11.0, 37.0, 15.0, 44.0 ] },
						"west": { "texture": "#bandit2", "uv": [ 8.0, 37.0, 11.0, 44.0 ] },
						"up": { "texture": "#bandit2", "uv": [ 8.0, 33.0, 11.0, 37.0 ], "rotation": 90 },
						"down": { "texture": "#bandit2", "uv": [ 8.0, 46.0, 11.0, 50.0 ], "rotation": 90 }
					},
					"children": [
						{
							"name": "LowerFootR",
							"from": [ 0.1, -9.0, 0.1 ], 
							"to": [ 4.1, 1.0, 3.1 ], 
							"unwrapMode": 4,
							"autoUnwrap": false,
							"uv": [ 1.0, 46.0 ],
							"rotationOrigin": [ 2.1, 0.5, 1.4 ],
							"rotationX": -2.0,
							"rotationZ": 2.0,
							"faces": {
								"north": { "texture": "#bandit2", "uv": [ 4.0, 50.0, 8.0, 60.0 ] },
								"east": { "texture": "#bandit2", "uv": [ 1.0, 50.0, 4.0, 60.0 ] },
								"south": { "texture": "#bandit2", "uv": [ 11.0, 50.0, 15.0, 60.0 ] },
								"west": { "texture": "#bandit2", "uv": [ 8.0, 50.0, 11.0, 60.0 ] },
								"up": { "texture": "#bandit2", "uv": [ 8.0, 46.0, 11.0, 50.0 ], "rotation": 90 },
								"down": { "texture": "#bandit2", "uv": [ 8.0, 60.0, 11.0, 64.0 ], "rotation": 90 }
							},
							"children": [
								{
									"name": "ButtonsL",
									"from": [ -0.1, 0.0, 0.7 ], 
									"to": [ -0.1, 9.0, 2.3 ], 
									"uv": [ 0.0, 11.0 ],
									"rotationOrigin": [ -0.1, 0.0, 1.5 ],
									"faces": {
										"north": { "texture": "#bandit2", "uv": [ 0.0, 1.5, 0.0, 10.5 ], "enabled": false },
										"east": { "texture": "#bandit2", "uv": [ 0.0, 0.0, 1.5, 9.0 ], "enabled": false },
										"south": { "texture": "#bandit2", "uv": [ 1.5, 0.0, 1.5, 9.0 ], "enabled": false },
										"west": { "texture": "#bandit2", "uv": [ 0.0, 11.0, 1.5, 20.0 ] },
										"up": { "texture": "#bandit2", "uv": [ 0.0, 0.0, 0.0, 1.5 ], "enabled": false },
										"down": { "texture": "#bandit2", "uv": [ 0.0, 0.0, 0.0, 1.5 ], "enabled": false }
									}
								},
								{
									"name": "shoe2",
									"from": [ -1.0998, -0.1, -0.3125 ], 
									"to": [ 4.2002, 1.0, 3.2875 ], 
									"unwrapMode": 4,
									"uv": [ 9.0, 14.0 ],
									"rotationOrigin": [ 1.5066, 0.3284, 1.5266 ],
									"rotationX": 1.0199303381499565,
									"rotationY": 0.48005663159255973,
									"rotationZ": 0.006758035771556993,
									"faces": {
										"north": { "texture": "#brown", "uv": [ 9.0, 19.0, 14.0, 20.0 ] },
										"east": { "texture": "#brown", "uv": [ 22.5, 19.0, 26.0, 20.0 ] },
										"south": { "texture": "#brown", "uv": [ 17.5, 19.0, 22.5, 20.0 ] },
										"west": { "texture": "#brown", "uv": [ 14.0, 19.0, 17.5, 20.0 ] },
										"up": { "texture": "#brown", "uv": [ 14.0, 14.0, 17.5, 19.0 ], "rotation": 90 },
										"down": { "texture": "#brown", "uv": [ 14.0, 20.0, 17.5, 25.0 ], "rotation": 90 }
									}
								}
							]
						}
					]
				}
			]
		}
	],
	"animations": [
		{
			"name": "idle",
			"code": "idle",
			"quantityframes": 90,
			"onActivityStopped": "PlayTillEnd",
			"onAnimationEnd": "Stop",
			"keyframes": [
				{
					"frame": 0,
					"elements": {
						"LowerTorso": {  },
						"UpperTorso": {  },
						"UpperArmL": { "rotationX": 0.0, "rotationY": 0.0, "rotationZ": 0.0 },
						"LowerArmL": { "rotationX": 0.0, "rotationY": 0.0, "rotationZ": 0.0 },
						"UpperArmR": { "rotationX": 0.0, "rotationY": 0.0, "rotationZ": 0.0 }
					}
				},
				{
					"frame": 9,
					"elements": {
						"LowerTorso": {  },
						"UpperTorso": {  },
						"UpperArmL": {  },
						"LowerArmL": { "rotationX": 0.0, "rotationY": 0.0, "rotationZ": 0.0 }
					}
				},
				{
					"frame": 16,
					"elements": {
						"LowerTorso": {  },
						"UpperTorso": {  },
						"UpperArmL": {  },
						"LowerArmL": { "rotationX": 66.0, "rotationY": -6.0, "rotationZ": -17.0 }
					}
				},
				{
					"frame": 20,
					"elements": {
						"LowerTorso": {  },
						"UpperTorso": {  },
						"UpperArmL": { "rotationX": 61.0, "rotationY": 11.0, "rotationZ": -180.0 },
						"LowerArmL": { "rotationX": 105.0, "rotationY": 0.0, "rotationZ": 0.0 }
					}
				},
				{
					"frame": 21,
					"elements": {
						"LowerTorso": {  },
						"UpperTorso": {  },
						"UpperArmR": { "rotationX": 6.0, "rotationY": 3.0, "rotationZ": -3.0 },
						"LowerArmR": { "rotationX": 0.0, "rotationY": 0.0, "rotationZ": 6.0 }
					}
				},
				{
					"frame": 25,
					"elements": {
						"LowerTorso": {  },
						"UpperTorso": {  },
						"UpperArmL": { "rotationX": 75.0, "rotationY": 17.0, "rotationZ": -180.0 },
						"LowerArmL": { "rotationX": 108.0, "rotationY": 0.0, "rotationZ": 0.0 }
					}
				},
				{
					"frame": 30,
					"elements": {
						"LowerTorso": {  },
						"UpperTorso": {  },
						"UpperArmL": { "rotationX": 61.0, "rotationY": 11.0, "rotationZ": -180.0 },
						"LowerArmL": { "rotationX": 105.0, "rotationY": 0.0, "rotationZ": 0.0 }
					}
				},
				{
					"frame": 35,
					"elements": {
						"LowerTorso": {  },
						"UpperTorso": {  },
						"UpperArmL": { "rotationX": 75.0, "rotationY": 17.0, "rotationZ": -180.0 },
						"LowerArmL": { "rotationX": 108.0, "rotationY": 0.0, "rotationZ": 0.0 }
					}
				},
				{
					"frame": 50,
					"elements": {
						"LowerTorso": {  },
						"UpperTorso": {  },
						"UpperArmL": { "rotationX": -22.0, "rotationY": 0.0, "rotationZ": 0.0 },
						"LowerArmL": { "rotationX": 55.0, "rotationY": 0.0, "rotationZ": 8.0 }
					}
				},
				{
					"frame": 82,
					"elements": {
						"LowerTorso": {  },
						"UpperTorso": {  },
						"UpperArmR": { "rotationX": 3.4782608695652177, "rotationY": 1.7391304347826089, "rotationZ": -1.7391304347826089 },
						"LowerArmR": { "rotationX": 0.0, "rotationY": 0.0, "rotationZ": 6.0 },
						"UpperArmL": { "rotationX": -22.0, "rotationY": 0.0, "rotationZ": 0.0 },
						"LowerArmL": { "rotationX": 55.0, "rotationY": 0.0, "rotationZ": 8.0 }
					}
				}
			]
		},

		{
			"name": "look",
			"code": "look",
			"quantityframes": 196,
			"onActivityStopped": "PlayTillEnd",
			"onAnimationEnd": "Stop",
			"keyframes": [
				{
					"frame": 0,
					"elements": {
						"LowerTorso": {  },
						"UpperTorso": { "rotationX": 0.0, "rotationY": 0.0, "rotationZ": 0.0 },
						"UpperArmL": { "rotationX": 0.0, "rotationY": 0.0, "rotationZ": 0.0 },
						"LowerArmL": { "rotationX": 0.0, "rotationY": 0.0, "rotationZ": 0.0 }
					}
				},
				{
					"frame": 15,
					"elements": {
						"LowerTorso": {  },
						"UpperTorso": {  },
						"UpperArmL": { "rotationX": 33.0, "rotationY": 0.0, "rotationZ": -152.0 },
						"LowerArmL": { "rotationX": 89.0, "rotationY": -11.0, "rotationZ": 17.0 }
					}
				},
				{
					"frame": 22,
					"elements": {
						"LowerTorso": { "rotationX": 0.0, "rotationY": 0.0, "rotationZ": 0.0 }
					}
				},
				{
					"frame": 25,
					"elements": {
						"LowerTorso": { "rotationX": 0.0, "rotationY": 0.0, "rotationZ": 0.0 },
						"UpperTorso": { "rotationX": 0.0, "rotationY": 0.0, "rotationZ": 0.0 }
					}
				},
				{
					"frame": 42,
					"elements": {
						"LowerTorso": { "rotationX": 0.0, "rotationY": -6.0, "rotationZ": 0.0 },
						"UpperTorso": { "rotationX": 0.0, "rotationY": -22.0, "rotationZ": 0.0 }
					}
				},
				{
					"frame": 59,
					"elements": {
						"LowerTorso": { "rotationX": 0.0, "rotationY": -8.0, "rotationZ": 0.0 },
						"UpperTorso": { "rotationX": 0.0, "rotationY": -22.0, "rotationZ": 0.0 }
					}
				},
				{
					"frame": 77,
					"elements": {
						"LowerTorso": { "rotationX": 0.0, "rotationY": 0.0, "rotationZ": 0.0 },
						"UpperTorso": { "rotationX": 0.0, "rotationY": 8.0, "rotationZ": 0.0 }
					}
				},
				{
					"frame": 85,
					"elements": {
						"LowerTorso": {  },
						"UpperTorso": {  },
						"UpperArmL": { "rotationX": 33.0, "rotationY": 0.0, "rotationZ": -152.0 },
						"LowerArmL": { "rotationX": 89.0, "rotationY": -11.0, "rotationZ": 17.0 }
					}
				},
				{
					"frame": 115,
					"elements": {
						"LowerTorso": {  },
						"UpperTorso": {  },
						"UpperArmL": { "rotationX": 0.0, "rotationY": 0.0, "rotationZ": 0.0 },
						"LowerArmL": { "rotationX": 0.0, "rotationY": 0.0, "rotationZ": 0.0 }
					}
				},
				{
					"frame": 135,
					"elements": {
						"LowerTorso": {  },
						"UpperTorso": {  },
						"UpperArmL": {  },
						"LowerArmL": { "rotationX": 0.0, "rotationY": 0.0, "rotationZ": 0.0 }
					}
				},
				{
					"frame": 155,
					"elements": {
						"LowerTorso": {  },
						"UpperTorso": {  },
						"UpperArmL": { "rotationX": 0.0, "rotationY": -8.0, "rotationZ": -22.0 },
						"LowerArmL": { "rotationX": 47.0, "rotationY": -53.0, "rotationZ": 0.0 }
					}
				},
				{
					"frame": 162,
					"elements": {
						"LowerTorso": {  },
						"UpperTorso": {  },
						"UpperArmL": {  },
						"LowerArmL": { "rotationX": 33.0, "rotationY": -42.0, "rotationZ": 0.0 }
					}
				},
				{
					"frame": 176,
					"elements": {
						"LowerTorso": {  },
						"UpperTorso": {  },
						"UpperArmL": {  },
						"LowerArmL": { "rotationX": 47.0, "rotationY": -53.0, "rotationZ": 0.0 }
					}
				},
				{
					"frame": 184,
					"elements": {
						"LowerTorso": { "rotationX": 0.0, "rotationY": 0.0, "rotationZ": 0.0 },
						"UpperTorso": { "rotationX": 0.0, "rotationY": 5.795053003533569, "rotationZ": 0.0 },
						"UpperArmL": { "rotationX": 0.0, "rotationY": -8.0, "rotationZ": -22.0 },
						"LowerArmL": { "rotationX": 28.0, "rotationY": -42.0, "rotationZ": 0.0 }
					}
				},
				{
					"frame": 196,
					"elements": {
						"LowerTorso": {  },
						"UpperTorso": {  },
						"UpperArmL": { "rotationX": 0.0, "rotationY": 0.0, "rotationZ": 0.0 },
						"LowerArmL": { "rotationX": 0.0, "rotationY": 0.0, "rotationZ": 0.0 }
					}
				}
			]
		},

		{
			"name": "walk",
			"code": "walk",
			"quantityframes": 40,
			"onActivityStopped": "EaseOut",
			"onAnimationEnd": "Repeat",
			"keyframes": [
				{
					"frame": 0,
					"elements": {
						"LowerTorso": {  },
						"UpperFootL": { "rotationX": 0.0, "rotationY": 0.0, "rotationZ": 0.0 },
						"LowerFootL": { "rotationX": 0.0, "rotationY": 0.0, "rotationZ": 0.0 },
						"ButtonsR": { "rotationX": 0.0, "rotationY": 0.0, "rotationZ": 0.0 },
						"UpperFootR": { "rotationX": 0.0, "rotationY": 0.0, "rotationZ": 0.0 },
						"LowerFootR": { "rotationX": 0.0, "rotationY": 0.0, "rotationZ": 0.0 },
						"ButtonsL": { "rotationX": 0.0, "rotationY": 0.0, "rotationZ": 0.0 },
						"UpperTorso": {  },
						"UpperArmR": { "rotationX": 0.0, "rotationY": 0.0, "rotationZ": 0.0 },
						"UpperArmL": {  },
						"LowerArmL": { "rotationX": 0.0, "rotationY": 0.0, "rotationZ": 0.0 }
					}
				},
				{
					"frame": 9,
					"elements": {
						"LowerTorso": {  },
						"UpperTorso": {  },
						"UpperArmL": {  },
						"LowerArmL": { "rotationX": 0.0, "rotationY": 0.0, "rotationZ": -25.0 }
					}
				},
				{
					"frame": 10,
					"elements": {
						"LowerTorso": {  },
						"UpperFootL": { "rotationX": 0.0, "rotationY": 0.0, "rotationZ": -17.0 },
						"UpperFootR": { "rotationX": 0.0, "rotationY": -3.0, "rotationZ": 11.0 },
						"LowerFootR": { "rotationX": 0.0, "rotationY": 0.0, "rotationZ": 0.0 },
						"UpperTorso": {  },
						"UpperArmR": { "rotationX": 0.0, "rotationY": 0.0, "rotationZ": -14.0 },
						"UpperArmL": { "rotationX": 0.0, "rotationY": 0.0, "rotationZ": 19.0 }
					}
				},
				{
					"frame": 15,
					"elements": {
						"LowerTorso": {  },
						"UpperFootR": {  },
						"LowerFootR": { "rotationX": 0.0, "rotationY": -3.0, "rotationZ": 19.0 }
					}
				},
				{
					"frame": 20,
					"elements": {
						"LowerTorso": {  },
						"UpperFootR": { "rotationX": 0.0, "rotationY": 0.0, "rotationZ": 0.0 },
						"LowerFootR": { "rotationX": 0.0, "rotationY": 0.0, "rotationZ": 3.0 },
						"UpperFootL": { "rotationX": 0.0, "rotationY": 0.0, "rotationZ": 0.0 }
					}
				},
				{
					"frame": 24,
					"elements": {
						"LowerTorso": {  },
						"UpperTorso": {  },
						"UpperArmL": {  },
						"LowerArmL": { "rotationX": 0.0, "rotationY": -19.0, "rotationZ": -28.0 }
					}
				},
				{
					"frame": 26,
					"elements": {
						"LowerTorso": {  },
						"UpperTorso": {  },
						"UpperArmR": { "rotationX": 0.0, "rotationY": 0.0, "rotationZ": 19.0 },
						"UpperArmL": {  },
						"LowerArmL": { "rotationX": 0.0, "rotationY": -14.0, "rotationZ": -28.0 }
					}
				},
				{
					"frame": 30,
					"elements": {
						"LowerTorso": {  },
						"UpperFootL": { "rotationX": 0.0, "rotationY": 0.0, "rotationZ": 14.0 },
						"LowerFootL": { "rotationX": 0.0, "rotationY": 0.0, "rotationZ": 0.0 },
						"UpperFootR": { "rotationX": 0.0, "rotationY": 0.0, "rotationZ": -14.0 },
						"LowerFootR": { "rotationX": 0.0, "rotationY": -6.0, "rotationZ": 0.0 },
						"ButtonsL": { "rotationX": 0.0, "rotationY": 0.0, "rotationZ": 0.0 },
						"UpperTorso": {  },
						"UpperArmL": { "rotationX": 0.0, "rotationY": 0.0, "rotationZ": -14.0 }
					}
				},
				{
					"frame": 35,
					"elements": {
						"LowerTorso": {  },
						"UpperFootL": {  },
						"LowerFootL": { "rotationX": 0.0, "rotationY": 0.0, "rotationZ": 14.0 },
						"UpperTorso": {  },
						"UpperArmL": {  },
						"LowerArmL": { "rotationX": 0.0, "rotationY": -17.0, "rotationZ": -14.0 }
					}
				},
				{
					"frame": 39,
					"elements": {
						"LowerTorso": {  },
						"UpperFootL": { "rotationX": 0.0, "rotationY": 0.0, "rotationZ": 0.0 },
						"LowerFootL": { "rotationX": 0.0, "rotationY": 0.0, "rotationZ": 0.0 }
					}
				}
			]
		},

		{
			"name": "attack",
			"code": "attack",
			"quantityframes": 30,
			"onActivityStopped": "PlayTillEnd",
			"onAnimationEnd": "Stop",
			"keyframes": [
				{
					"frame": 0,
					"elements": {
						"LowerTorso": {  },
						"UpperTorso": { "rotationX": 0.0, "rotationY": 0.0, "rotationZ": 0.0 },
						"UpperArmR": { "rotationX": 0.0, "rotationY": 0.0, "rotationZ": 0.0 },
						"LowerArmR": { "rotationX": 0.0, "rotationY": 0.0, "rotationZ": 0.0 },
						"UpperArmL": { "rotationX": 0.0, "rotationY": 0.0, "rotationZ": 0.0 },
						"LowerArmL": { "rotationX": 0.0, "rotationY": 0.0, "rotationZ": 0.0 }
					}
				},
				{
					"frame": 5,
					"elements": {
						"LowerTorso": {  },
						"UpperTorso": {  },
						"UpperArmR": {  },
						"LowerArmR": { "rotationX": -25.0, "rotationY": -22.0, "rotationZ": -53.0 }
					}
				},
				{
					"frame": 7,
					"elements": {
						"LowerTorso": {  },
						"UpperTorso": {  },
						"UpperArmL": { "rotationX": -6.0, "rotationY": 0.0, "rotationZ": 19.0 },
						"LowerArmL": { "rotationX": 11.0, "rotationY": 0.0, "rotationZ": -30.0 }
					}
				},
				{
					"frame": 8,
					"elements": {
						"LowerTorso": {  },
						"UpperTorso": {  },
						"UpperArmR": { "rotationX": 8.0, "rotationY": -55.0, "rotationZ": -69.0 },
						"LowerArmR": { "rotationX": -25.0, "rotationY": -22.0, "rotationZ": -53.0 }
					}
				},
				{
					"frame": 9,
					"elements": {
						"LowerTorso": {  },
						"UpperTorso": { "rotationX": 0.0, "rotationY": 0.0, "rotationZ": -3.0 }
					}
				},
				{
					"frame": 13,
					"elements": {
						"LowerTorso": {  },
						"UpperTorso": {  },
						"UpperArmL": { "rotationX": -14.0, "rotationY": 0.0, "rotationZ": 0.0 }
					}
				},
				{
					"frame": 14,
					"elements": {
						"LowerTorso": {  },
						"UpperTorso": {  },
						"UpperArmR": { "rotationX": 19.0, "rotationY": -14.0, "rotationZ": -69.0 },
						"LowerArmR": { "rotationX": -6.0, "rotationY": -83.0, "rotationZ": 14.0 }
					}
				},
				{
					"frame": 18,
					"elements": {
						"LowerTorso": {  },
						"UpperTorso": { "rotationX": 0.0, "rotationY": 3.0, "rotationZ": 11.0 },
						"UpperArmR": { "rotationX": 0.0, "rotationY": 11.0, "rotationZ": -97.0 },
						"LowerArmR": { "rotationX": -89.0, "rotationY": -91.0, "rotationZ": 0.0 }
					}
				}
			]
		},

		{
			"name": "die",
			"code": "die",
			"quantityframes": 29,
			"onActivityStopped": "PlayTillEnd",
			"onAnimationEnd": "Hold",
			"keyframes": [
				{
					"frame": 0,
					"elements": {
						"LowerTorso": { "offsetX": 0.0, "offsetY": 0.0, "offsetZ": 0.0, "rotationX": 0.0, "rotationY": 0.0, "rotationZ": 0.0 },
						"UpperFootL": {  },
						"LowerFootL": { "rotationX": 0.0, "rotationY": 0.0, "rotationZ": 0.0 },
						"UpperFootR": {  },
						"LowerFootR": { "rotationX": 0.0, "rotationY": 0.0, "rotationZ": 0.0 },
						"UpperTorso": {  },
						"UpperArmR": { "rotationX": 0.0, "rotationY": 0.0, "rotationZ": 0.0 },
						"LowerArmR": { "rotationX": 0.0, "rotationY": 0.0, "rotationZ": 0.0 },
						"UpperArmL": { "rotationX": 0.0, "rotationY": 0.0, "rotationZ": 0.0 },
						"LowerArmL": { "rotationX": 0.0, "rotationY": 0.0, "rotationZ": 0.0 },
						"Neck": { "rotationX": 0.0, "rotationY": 0.0, "rotationZ": 0.0 }
					}
				},
				{
					"frame": 7,
					"elements": {
						"LowerTorso": { "offsetX": -8.0, "offsetY": -2.0, "offsetZ": 0.0 }
					}
				},
				{
					"frame": 10,
					"elements": {
						"LowerTorso": { "offsetX": -11.0, "offsetY": -5.0, "offsetZ": 0.0, "rotationX": 0.0, "rotationY": 0.0, "rotationZ": 6.0 },
						"UpperTorso": {  },
						"UpperArmR": { "rotationX": 0.0, "rotationY": 0.0, "rotationZ": -6.0 },
						"LowerArmR": { "rotationX": 0.0, "rotationY": 0.0, "rotationZ": -116.0 }
					}
				},
				{
					"frame": 11,
					"elements": {
						"LowerTorso": { "offsetX": -11.0, "offsetY": -7.0, "offsetZ": 0.0, "rotationX": 0.0, "rotationY": 0.0, "rotationZ": 0.0 },
						"UpperFootL": {  },
						"LowerFootL": { "offsetX": 0.0, "offsetY": 0.0, "offsetZ": 0.0, "rotationX": 0.0, "rotationY": 0.0, "rotationZ": 91.0 },
						"UpperFootR": {  },
						"LowerFootR": { "offsetX": 0.0, "offsetY": 0.0, "offsetZ": 0.0, "rotationX": 0.0, "rotationY": 0.0, "rotationZ": 91.0 },
						"UpperTorso": {  },
						"UpperArmR": {  },
						"LowerArmR": { "rotationX": 0.0, "rotationY": 0.0, "rotationZ": -119.0 },
						"UpperArmL": { "rotationX": 0.0, "rotationY": 0.0, "rotationZ": -25.0 },
						"LowerArmL": { "rotationX": 86.0, "rotationY": -53.0, "rotationZ": -3.0 },
						"Neck": { "rotationX": 0.0, "rotationY": 0.0, "rotationZ": 17.0 }
					}
				},
				{
					"frame": 16,
					"elements": {
						"LowerTorso": { "offsetX": -15.4, "offsetY": -0.4, "offsetZ": 0.0 }
					}
				},
				{
					"frame": 19,
					"elements": {
						"LowerTorso": { "offsetX": -16.0, "offsetY": 2.8, "offsetZ": 0.0 },
						"UpperTorso": {  },
						"UpperArmR": {  },
						"LowerArmR": { "rotationX": 0.0, "rotationY": 0.0, "rotationZ": 6.0 },
						"UpperFootL": {  },
						"LowerFootL": { "rotationX": 0.0, "rotationY": 0.0, "rotationZ": 47.0 },
						"UpperFootR": {  },
						"LowerFootR": { "rotationX": 0.0, "rotationY": 0.0, "rotationZ": 44.0 }
					}
				},
				{
					"frame": 28,
					"elements": {
						"LowerTorso": { "offsetX": -12.5, "offsetY": 15.0, "offsetZ": 0.0, "rotationX": 0.0, "rotationY": 0.0, "rotationZ": 87.0 },
						"UpperFootL": {  },
						"LowerFootL": { "rotationX": -8.0, "rotationY": 0.0, "rotationZ": 3.0 }
					}
				},
				{
					"frame": 29,
					"elements": {
						"LowerTorso": { "offsetX": -12.0, "offsetY": 16.0, "offsetZ": 0.0, "rotationX": 0.0, "rotationY": 0.0, "rotationZ": 91.0 },
						"UpperTorso": { "offsetX": 0.0, "offsetY": 0.0, "offsetZ": 0.0 },
						"UpperArmR": { "rotationX": 0.0, "rotationY": 0.0, "rotationZ": -3.7199999999999998 },
						"LowerArmR": { "rotationX": 0.0, "rotationY": 0.0, "rotationZ": 4.536585365853659 },
						"UpperArmL": { "rotationX": 0.0, "rotationY": 0.0, "rotationZ": -15.816326530612244 },
						"LowerArmL": { "rotationX": 54.40816326530612, "rotationY": -33.53061224489796, "rotationZ": -1.8979591836734693 },
						"UpperFootL": {  },
						"LowerFootL": { "rotationX": 0.0, "rotationY": 0.0, "rotationZ": 0.0 },
						"UpperFootR": {  },
						"LowerFootR": { "rotationX": 0.0, "rotationY": 0.0, "rotationZ": 0.0 }
					}
				}
			]
		},

		{
			"name": "idle0",
			"code": "idle0",
			"quantityframes": 90,
			"onActivityStopped": "Stop",
			"onAnimationEnd": "Stop",
			"keyframes": [
				{
					"frame": 0,
					"elements": {
						"LowerTorso": {  },
						"UpperTorso": {  },
						"UpperArmR": {  },
						"LowerArmR": { "rotationX": 0.0, "rotationY": 0.0, "rotationZ": 0.0 }
					}
				},
				{
					"frame": 17,
					"elements": {
						"LowerTorso": {  },
						"UpperTorso": {  },
						"UpperArmR": {  },
						"LowerArmR": { "rotationX": 0.0, "rotationY": 0.0, "rotationZ": 8.0 }
					}
				},
				{
					"frame": 73,
					"elements": {
						"LowerTorso": {  },
						"UpperTorso": {  },
						"UpperArmR": {  },
						"LowerArmR": { "rotationX": 0.0, "rotationY": 0.0, "rotationZ": 8.0 }
					}
				}
			]
		},

		{
			"name": "leap",
			"code": "jump",
			"quantityframes": 16,
			"onActivityStopped": "PlayTillEnd",
			"onAnimationEnd": "Stop",
			"keyframes": [
				{
					"frame": 0,
					"elements": {
						"LowerTorso": {  },
						"UpperFootR": { "rotationX": 0.0, "rotationY": 0.0, "rotationZ": 0.0 },
						"LowerFootR": { "rotationX": 0.0, "rotationY": 0.0, "rotationZ": 0.0 },
						"ButtonsL": { "rotationX": 0.0, "rotationY": 0.0, "rotationZ": 0.0 },
						"UpperFootL": { "rotationX": 0.0, "rotationY": 0.0, "rotationZ": 0.0 },
						"LowerFootL": { "rotationX": 0.0, "rotationY": 0.0, "rotationZ": 0.0 },
						"ButtonsR": { "rotationX": 0.0, "rotationY": 0.0, "rotationZ": 0.0 }
					}
				},
				{
					"frame": 8,
					"elements": {
						"LowerTorso": {  },
						"UpperFootL": { "rotationX": 0.0, "rotationY": 0.0, "rotationZ": -44.0 },
						"LowerFootL": { "rotationX": 0.0, "rotationY": 0.0, "rotationZ": 11.0 },
						"UpperFootR": { "rotationX": 0.0, "rotationY": 0.0, "rotationZ": 25.0 },
						"LowerFootR": { "rotationX": 0.0, "rotationY": 0.0, "rotationZ": 33.0 }
					}
				},
				{
					"frame": 15,
					"elements": {
						"LowerTorso": {  },
						"UpperFootR": { "rotationX": 0.0, "rotationY": 0.0, "rotationZ": 0.0 },
						"LowerFootR": { "rotationX": 0.0, "rotationY": 0.0, "rotationZ": 0.0 },
						"UpperFootL": { "rotationX": 0.0, "rotationY": 0.0, "rotationZ": 0.0 },
						"LowerFootL": { "rotationX": 0.0, "rotationY": 0.0, "rotationZ": 0.0 }
					}
				},
				{
					"frame": 16,
					"elements": {
						"LowerTorso": {  },
						"UpperFootR": { "rotationX": 0.0, "rotationY": 0.0, "rotationZ": 0.0 },
						"LowerFootR": { "rotationX": 0.0, "rotationY": 0.0, "rotationZ": 0.0 },
						"UpperFootL": { "rotationX": 0.0, "rotationY": 0.0, "rotationZ": 0.0 }
					}
				}
			]
		}
	]
}