{
	"editor": {
		"allAngles": true,
		"entityTextureMode": true
	},
	"textureWidth": 64,
	"textureHeight": 64,
	"textureSizes": {
		"seraph": [64,64]
	},
	"textures": {
		"headband": "entity/bandit/headband",
		"bandit1": "entity/bandit/bandit1",
		"blade": "entity/bandit/blade"
	},
	"elements": [
		{
			"name": "LowerTorso",
			"from": [ 6.0, 15.1, 5.2 ], 
			"to": [ 11.0, 19.4, 11.2 ], 
			"unwrapMode": 4,
			"uv": [ 25.0, 7.0 ],
			"rotationOrigin": [ 8.0, 15.1, 8.2 ],
			"rotationZ": 3.0,
			"faces": {
				"north": { "texture": "#bandit1", "uv": [ 25.0, 10.0, 46.0, 15.0 ], "autoUv": false },
				"east": { "texture": "#bandit1", "uv": [ 57.0, 10.0, 63.0, 15.0 ], "autoUv": false },
				"south": { "texture": "#bandit1", "uv": [ 52.0, 10.0, 57.0, 15.0 ], "autoUv": false },
				"west": { "texture": "#bandit1", "uv": [ 46.0, 10.0, 52.0, 15.0 ], "autoUv": false },
				"up": { "texture": "#bandit1", "uv": [ 46.0, 7.0, 40.0, 10.0 ], "rotation": 90, "autoUv": false },
				"down": { "texture": "#bandit1", "uv": [ 46.0, 15.0, 40.0, 15.0 ], "rotation": 90, "autoUv": false }
			},
			"children": [
				{
					"name": "UpperTorso",
					"from": [ 0.0, 4.3, -0.15 ], 
					"to": [ 5.3, 9.3, 6.15 ], 
					"uv": [ 45.0, 2.0 ],
					"rotationOrigin": [ 2.0, 5.0, 3.0 ],
					"rotationZ": -6.0,
					"faces": {
						"north": { "texture": "#bandit1", "uv": [ 41.0, 5.0, 46.0, 10.0 ], "autoUv": false },
						"east": { "texture": "#bandit1", "uv": [ 57.0, 5.0, 63.0, 10.0 ], "autoUv": false },
						"south": { "texture": "#bandit1", "uv": [ 52.0, 5.0, 57.0, 10.0 ], "autoUv": false },
						"west": { "texture": "#bandit1", "uv": [ 46.0, 5.0, 52.0, 10.0 ], "autoUv": false },
						"up": { "texture": "#bandit1", "uv": [ 46.0, 0.0, 52.0, 5.0 ], "rotation": 90, "autoUv": false },
						"down": { "texture": "#bandit1", "uv": [ 34.0, 5.0, 40.0, 10.0 ], "rotation": 90, "autoUv": false }
					},
					"children": [
						{
							"name": "UpperArmR",
							"from": [ 1.0, -2.1, -1.2 ], 
							"to": [ 4.0, 4.9, 0.8 ], 
							"unwrapMode": 4,
							"autoUnwrap": false,
							"uv": [ 31.0, 36.0 ],
							"rotationOrigin": [ 2.0, 4.7, 0.8 ],
							"rotationX": 10.0,
							"faces": {
								"north": { "texture": "#bandit1", "uv": [ 33.0, 41.5, 36.0, 48.5 ] },
								"east": { "texture": "#bandit1", "uv": [ 31.0, 41.5, 33.0, 48.5 ] },
								"south": { "texture": "#bandit1", "uv": [ 38.0, 41.5, 41.0, 48.5 ] },
								"west": { "texture": "#bandit1", "uv": [ 36.0, 41.5, 38.0, 48.5 ] },
								"up": { "texture": "#bandit1", "uv": [ 36.0, 38.5, 38.0, 41.5 ], "rotation": 90 },
								"down": { "texture": "#bandit1", "uv": [ 36.0, 48.5, 38.0, 51.5 ], "rotation": 90 }
							},
							"children": [
								{
									"name": "LowerArmR",
									"from": [ 0.1, -7.3, 0.1 ], 
									"to": [ 2.6, 0.7, 2.1 ], 
									"unwrapMode": 4,
									"autoUnwrap": false,
									"uv": [ 31.5, 49.0 ],
									"rotationOrigin": [ 1.3, 0.7, 1.1 ],
									"rotationX": -8.0,
									"rotationZ": -6.0,
									"faces": {
										"north": { "texture": "#bandit1", "uv": [ 33.5, 51.5, 36.0, 59.5 ] },
										"east": { "texture": "#bandit1", "uv": [ 31.5, 51.5, 33.5, 59.5 ] },
										"south": { "texture": "#bandit1", "uv": [ 38.0, 51.5, 40.5, 59.5 ] },
										"west": { "texture": "#bandit1", "uv": [ 36.0, 51.5, 38.0, 59.5 ] },
										"up": { "texture": "#bandit1", "uv": [ 36.0, 49.0, 38.0, 51.5 ], "rotation": 90 },
										"down": { "texture": "#bandit1", "uv": [ 36.0, 59.5, 38.0, 62.0 ], "rotation": 90 }
									},
									"children": [
										{
											"name": "daggerbase",
											"from": [ -0.37, 0.53, 0.0 ], 
											"to": [ 0.03, 2.53, 2.0 ], 
											"unwrapMode": 4,
											"autoUnwrap": false,
											"uv": [ 31.5, 49.0 ],
											"rotationOrigin": [ -0.09, 1.49, 1.0 ],
											"rotationX": 2.13443399843527E-7,
											"rotationY": 3.127166227768325E-7,
											"rotationZ": -1.2425169503048686E-6,
											"faces": {
												"north": { "texture": "#blade", "uv": [ 33.5, 51.5, 34.0, 53.5 ] },
												"east": { "texture": "#blade", "uv": [ 31.5, 51.5, 33.5, 53.5 ] },
												"south": { "texture": "#blade", "uv": [ 38.0, 51.5, 38.5, 53.5 ] },
												"west": { "texture": "#blade", "uv": [ 36.0, 51.5, 38.0, 53.5 ] },
												"up": { "texture": "#blade", "uv": [ 36.0, 49.0, 38.0, 49.5 ], "rotation": 90 },
												"down": { "texture": "#blade", "uv": [ 36.0, 59.5, 38.0, 60.0 ], "rotation": 90 }
											}
										},
										{
											"name": "daggerblade",
											"from": [ -3.17, 0.73, 0.7 ], 
											"to": [ -0.37, 2.33, 1.3 ], 
											"unwrapMode": 4,
											"autoUnwrap": false,
											"uv": [ 31.5, 49.0 ],
											"rotationOrigin": [ 0.51, 1.59, 1.0 ],
											"rotationX": 2.13443399843527E-7,
											"rotationY": 3.127166227768325E-7,
											"rotationZ": -1.2425169503048686E-6,
											"faces": {
												"north": { "texture": "#blade", "uv": [ 34.0, 52.0, 36.0, 54.0 ] },
												"east": { "texture": "#blade", "uv": [ 31.5, 51.5, 32.0, 53.0 ] },
												"south": { "texture": "#blade", "uv": [ 38.0, 51.5, 40.5, 53.0 ] },
												"west": { "texture": "#blade", "uv": [ 36.0, 51.5, 36.5, 53.0 ] },
												"up": { "texture": "#blade", "uv": [ 36.0, 49.0, 36.5, 51.5 ], "rotation": 90 },
												"down": { "texture": "#blade", "uv": [ 36.0, 59.5, 36.5, 62.0 ], "rotation": 90 }
											}
										},
										{
											"name": "daggerspear",
											"from": [ -3.87, 1.08, 0.7 ], 
											"to": [ -2.77, 2.38, 1.3 ], 
											"unwrapMode": 4,
											"autoUnwrap": false,
											"uv": [ 31.5, 49.0 ],
											"rotationOrigin": [ -2.99, 1.79, 1.0 ],
											"rotationX": 2.13443399843527E-7,
											"rotationY": 3.127166227768325E-7,
											"rotationZ": 45.0,
											"faces": {
												"north": { "texture": "#blade", "uv": [ 33.5, 51.5, 34.5, 52.5 ] },
												"east": { "texture": "#blade", "uv": [ 31.5, 51.5, 32.0, 52.5 ] },
												"south": { "texture": "#blade", "uv": [ 38.0, 51.5, 39.0, 52.5 ] },
												"west": { "texture": "#blade", "uv": [ 36.0, 51.5, 36.5, 52.5 ] },
												"up": { "texture": "#blade", "uv": [ 36.0, 49.0, 36.5, 50.0 ], "rotation": 90 },
												"down": { "texture": "#blade", "uv": [ 36.0, 59.5, 36.5, 60.5 ], "rotation": 90 }
											}
										},
										{
											"name": "daggerend",
											"from": [ 2.53, 0.73, 0.2 ], 
											"to": [ 3.13, 2.23, 1.6 ], 
											"unwrapMode": 4,
											"autoUnwrap": false,
											"uv": [ 31.5, 49.0 ],
											"rotationOrigin": [ 2.91, 1.49, 0.9 ],
											"rotationX": 2.13443399843527E-7,
											"rotationY": 3.127166227768325E-7,
											"rotationZ": -1.2425169503048686E-6,
											"faces": {
												"north": { "texture": "#blade", "uv": [ 34.0, 52.0, 36.0, 54.0 ] },
												"east": { "texture": "#blade", "uv": [ 32.0, 52.0, 34.0, 54.0 ] },
												"south": { "texture": "#blade", "uv": [ 38.0, 52.0, 40.0, 54.0 ] },
												"west": { "texture": "#blade", "uv": [ 36.0, 52.0, 38.0, 54.0 ] },
												"up": { "texture": "#blade", "uv": [ 36.0, 50.0, 37.0, 50.5 ], "rotation": 90 },
												"down": { "texture": "#blade", "uv": [ 36.0, 60.0, 37.0, 60.5 ], "rotation": 90 }
											}
										}
									],
									"attachmentpoints": [
										{
											"code": "RightHand",
											"posX": "1.0","posY": "1.0","posZ": "1.0",
											"rotationX": "0.0","rotationY": "-180.0","rotationZ": "0.0"
										}
									]
								}
							]
						},
						{
							"name": "UpperArmL",
							"from": [ 1.0, -2.1, 5.4 ], 
							"to": [ 4.0, 4.9, 7.4 ], 
							"unwrapMode": 4,
							"uv": [ 42.0, 38.5 ],
							"rotationOrigin": [ 2.0, 4.7, 5.2 ],
							"rotationX": -10.0,
							"faces": {
								"north": { "texture": "#bandit1", "uv": [ 42.0, 41.5, 45.0, 48.5 ] },
								"east": { "texture": "#bandit1", "uv": [ 50.0, 41.5, 52.0, 48.5 ] },
								"south": { "texture": "#bandit1", "uv": [ 47.0, 41.5, 50.0, 48.5 ] },
								"west": { "texture": "#bandit1", "uv": [ 45.0, 41.5, 47.0, 48.5 ] },
								"up": { "texture": "#bandit1", "uv": [ 45.0, 38.5, 47.0, 41.5 ], "rotation": 90 },
								"down": { "texture": "#bandit1", "uv": [ 45.0, 48.5, 47.0, 51.5 ], "rotation": 90 }
							},
							"children": [
								{
									"name": "LowerArmL",
									"from": [ 0.2, -7.3, -0.1 ], 
									"to": [ 2.7, 0.7, 1.9 ], 
									"unwrapMode": 4,
									"uv": [ 42.5, 49.0 ],
									"rotationOrigin": [ 1.4, 0.7, 0.9 ],
									"rotationX": 8.0,
									"rotationZ": -6.0,
									"faces": {
										"north": { "texture": "#bandit1", "uv": [ 42.5, 51.5, 45.0, 59.5 ] },
										"east": { "texture": "#bandit1", "uv": [ 49.5, 51.5, 51.5, 59.5 ] },
										"south": { "texture": "#bandit1", "uv": [ 47.0, 51.5, 49.5, 59.5 ] },
										"west": { "texture": "#bandit1", "uv": [ 45.0, 51.5, 47.0, 59.5 ] },
										"up": { "texture": "#bandit1", "uv": [ 45.0, 49.0, 47.0, 51.5 ], "rotation": 90 },
										"down": { "texture": "#bandit1", "uv": [ 45.0, 59.5, 47.0, 62.0 ], "rotation": 90 }
									},
									"attachmentpoints": [
										{
											"code": "LeftHand",
											"posX": "1.0","posY": "1.0","posZ": "1.0",
											"rotationX": "0.0","rotationY": "-180.0","rotationZ": "0.0"
										}
									]
								}
							]
						},
						{
							"name": "Neck",
							"from": [ 1.5, 3.9, 1.6 ], 
							"to": [ 4.5, 7.9, 4.6 ], 
							"unwrapMode": 4,
							"uv": [ 12.0, 1.0 ],
							"rotationOrigin": [ 3.2, 3.6, 3.1 ],
							"rotationZ": 12.0,
							"faces": {
								"north": { "texture": "#bandit1", "uv": [ 12.0, 1.0, 15.0, 5.0 ] },
								"east": { "texture": "#bandit1", "uv": [ 21.0, 1.0, 24.0, 5.0 ] },
								"south": { "texture": "#bandit1", "uv": [ 18.0, 1.0, 21.0, 5.0 ] },
								"west": { "texture": "#bandit1", "uv": [ 15.0, 1.0, 18.0, 5.0 ] },
								"up": { "texture": "#bandit1", "uv": [ 15.0, 1.0, 18.0, 4.0 ], "rotation": 90, "enabled": false },
								"down": { "texture": "#bandit1", "uv": [ 15.0, 5.0, 19.0, 14.0 ], "rotation": 90, "enabled": false, "autoUv": false }
							},
							"children": [
								{
									"name": "Head",
									"from": [ -1.7, 2.0, -1.0 ], 
									"to": [ 4.3, 7.0, 4.0 ], 
									"unwrapMode": 4,
									"uv": [ 0.0, 0.0 ],
									"rotationOrigin": [ 2.7, 2.0, 1.5 ],
									"rotationZ": -7.0,
									"faces": {
										"north": { "texture": "#bandit1", "uv": [ 0.0, 6.0, 6.0, 11.0 ] },
										"east": { "texture": "#bandit1", "uv": [ 17.0, 6.0, 22.0, 11.0 ] },
										"south": { "texture": "#bandit1", "uv": [ 11.0, 6.0, 17.0, 11.0 ] },
										"west": { "texture": "#bandit1", "uv": [ 6.0, 6.0, 11.0, 11.0 ] },
										"up": { "texture": "#bandit1", "uv": [ 6.0, 0.0, 11.0, 6.0 ], "rotation": 90 },
										"down": { "texture": "#bandit1", "uv": [ 6.0, 11.0, 11.0, 17.0 ], "rotation": 90 }
									},
									"children": [
										{
											"name": "Hair",
											"from": [ -0.2, -3.1, -0.2 ], 
											"to": [ 6.2, 5.3, 5.2 ], 
											"unwrapMode": 4,
											"uv": [ 8.0, 13.0 ],
											"rotationOrigin": [ 1.9, 2.0, 1.9 ],
											"faces": {
												"north": { "texture": "#bandit1", "uv": [ 8.0, 19.0, 14.0, 27.0 ] },
												"east": { "texture": "#bandit1", "uv": [ 25.0, 19.0, 30.0, 27.0 ] },
												"south": { "texture": "#bandit1", "uv": [ 19.0, 19.0, 25.0, 27.0 ] },
												"west": { "texture": "#bandit1", "uv": [ 14.0, 19.0, 19.0, 27.0 ] },
												"up": { "texture": "#bandit1", "uv": [ 14.0, 13.0, 19.0, 19.0 ], "rotation": 90 },
												"down": { "texture": "#bandit1", "uv": [ 14.0, 27.0, 25.5, 12.0 ], "rotation": 90, "enabled": false, "autoUv": false }
											}
										},
										{
											"name": "R eye",
											"from": [ -0.01, 1.75, 0.85 ], 
											"to": [ 0.09, 2.7, 2.05 ], 
											"unwrapMode": 4,
											"uv": [ 55.5, 0.0 ],
											"rotationOrigin": [ -0.1, 1.8, 0.5 ],
											"faces": {
												"north": { "texture": "#bandit1", "uv": [ 55.5, 0.5, 56.0, 1.0 ] },
												"east": { "texture": "#bandit1", "uv": [ 57.5, 0.5, 58.5, 1.0 ], "enabled": false },
												"south": { "texture": "#bandit1", "uv": [ 57.0, 0.5, 57.5, 1.0 ] },
												"west": { "texture": "#bandit1", "uv": [ 56.0, 0.5, 57.0, 1.0 ] },
												"up": { "texture": "#bandit1", "uv": [ 56.0, 0.0, 57.0, 0.5 ], "rotation": 90 },
												"down": { "texture": "#bandit1", "uv": [ 56.0, 1.0, 57.0, 1.5 ], "rotation": 90 }
											},
											"children": [
												{
													"name": "R pupil",
													"from": [ -0.03, 0.15, 0.15 ], 
													"to": [ 0.07, 0.85, 1.05 ], 
													"unwrapMode": 4,
													"uv": [ 60.5, 0.0 ],
													"rotationOrigin": [ -0.1, 0.2, 0.2 ],
													"faces": {
														"north": { "texture": "#bandit1", "uv": [ 60.5, 0.5, 61.0, 1.0 ] },
														"east": { "texture": "#bandit1", "uv": [ 62.0, 0.5, 62.5, 1.0 ], "enabled": false },
														"south": { "texture": "#bandit1", "uv": [ 61.5, 0.5, 62.0, 1.0 ] },
														"west": { "texture": "#bandit1", "uv": [ 61.0, 0.5, 61.5, 1.0 ] },
														"up": { "texture": "#bandit1", "uv": [ 61.0, 0.0, 61.5, 0.5 ], "rotation": 90 },
														"down": { "texture": "#bandit1", "uv": [ 61.0, 1.0, 61.5, 1.5 ], "rotation": 90 }
													},
													"children": [
														{
															"name": "shine large 1",
															"from": [ -0.01, 0.37, 0.6 ], 
															"to": [ 0.09, 0.57, 0.8 ], 
															"unwrapMode": 4,
															"uv": [ 52.0, 0.5 ],
															"rotationOrigin": [ -0.07, 0.5, 0.6 ],
															"faces": {
																"north": { "texture": "#bandit1", "uv": [ 52.0, 1.0, 52.5, 1.5 ] },
																"east": { "texture": "#bandit1", "uv": [ 53.5, 1.0, 54.0, 1.5 ], "enabled": false },
																"south": { "texture": "#bandit1", "uv": [ 53.0, 1.0, 53.5, 1.5 ] },
																"west": { "texture": "#bandit1", "uv": [ 52.5, 1.0, 53.0, 1.5 ] },
																"up": { "texture": "#bandit1", "uv": [ 52.5, 0.5, 53.0, 1.0 ], "rotation": 90 },
																"down": { "texture": "#bandit1", "uv": [ 52.5, 1.5, 53.0, 2.0 ], "rotation": 90 }
															}
														},
														{
															"name": "shine small 1",
															"from": [ -0.01, 0.33, 0.45 ], 
															"to": [ 0.09, 0.43, 0.55 ], 
															"unwrapMode": 4,
															"uv": [ 52.0, 0.0 ],
															"rotationOrigin": [ -0.07, 0.5, 0.4 ],
															"faces": {
																"north": { "texture": "#bandit1", "uv": [ 52.0, 0.5, 52.5, 1.0 ] },
																"east": { "texture": "#bandit1", "uv": [ 53.5, 0.5, 54.0, 1.0 ], "enabled": false },
																"south": { "texture": "#bandit1", "uv": [ 53.0, 0.5, 53.5, 1.0 ] },
																"west": { "texture": "#bandit1", "uv": [ 52.5, 0.5, 53.0, 1.0 ] },
																"up": { "texture": "#bandit1", "uv": [ 52.5, 0.0, 53.0, 0.5 ], "rotation": 90 },
																"down": { "texture": "#bandit1", "uv": [ 52.5, 1.0, 53.0, 1.5 ], "rotation": 90 }
															}
														}
													]
												}
											]
										},
										{
											"name": "L eye2",
											"from": [ -0.01, 1.75, 2.95 ], 
											"to": [ 0.09, 2.7, 4.15 ], 
											"unwrapMode": 4,
											"uv": [ 54.5, 2.0 ],
											"rotationOrigin": [ -0.1, 1.7, 3.1 ],
											"faces": {
												"north": { "texture": "#bandit1", "uv": [ 54.5, 2.5, 55.0, 3.0 ] },
												"east": { "texture": "#bandit1", "uv": [ 56.5, 2.5, 57.5, 3.0 ], "enabled": false },
												"south": { "texture": "#bandit1", "uv": [ 56.0, 2.5, 56.5, 3.0 ] },
												"west": { "texture": "#bandit1", "uv": [ 55.0, 2.5, 56.0, 3.0 ] },
												"up": { "texture": "#bandit1", "uv": [ 55.0, 2.0, 56.0, 2.5 ], "rotation": 90 },
												"down": { "texture": "#bandit1", "uv": [ 55.0, 3.0, 56.0, 3.5 ], "rotation": 90 }
											},
											"children": [
												{
													"name": "L pupil",
													"from": [ -0.03, 0.15, 0.15 ], 
													"to": [ 0.07, 0.85, 1.05 ], 
													"unwrapMode": 4,
													"uv": [ 60.5, 0.0 ],
													"rotationOrigin": [ -0.1, 0.3, 0.2 ],
													"faces": {
														"north": { "texture": "#bandit1", "uv": [ 60.5, 0.5, 61.0, 1.0 ] },
														"east": { "texture": "#bandit1", "uv": [ 62.0, 0.5, 62.5, 1.0 ], "enabled": false },
														"south": { "texture": "#bandit1", "uv": [ 61.5, 0.5, 62.0, 1.0 ] },
														"west": { "texture": "#bandit1", "uv": [ 61.0, 0.5, 61.5, 1.0 ] },
														"up": { "texture": "#bandit1", "uv": [ 61.0, 0.0, 61.5, 0.5 ], "rotation": 90 },
														"down": { "texture": "#bandit1", "uv": [ 61.0, 1.0, 61.5, 1.5 ], "rotation": 90 }
													},
													"children": [
														{
															"name": "shine small 2",
															"from": [ -0.01, 0.33, 0.45 ], 
															"to": [ 0.09, 0.43, 0.55 ], 
															"unwrapMode": 4,
															"uv": [ 52.0, 0.0 ],
															"rotationOrigin": [ -0.07, 0.5, 0.4 ],
															"faces": {
																"north": { "texture": "#bandit1", "uv": [ 52.0, 0.5, 52.5, 1.0 ] },
																"east": { "texture": "#bandit1", "uv": [ 53.5, 0.5, 54.0, 1.0 ], "enabled": false },
																"south": { "texture": "#bandit1", "uv": [ 53.0, 0.5, 53.5, 1.0 ] },
																"west": { "texture": "#bandit1", "uv": [ 52.5, 0.5, 53.0, 1.0 ] },
																"up": { "texture": "#bandit1", "uv": [ 52.5, 0.0, 53.0, 0.5 ], "rotation": 90 },
																"down": { "texture": "#bandit1", "uv": [ 52.5, 1.0, 53.0, 1.5 ], "rotation": 90 }
															}
														},
														{
															"name": "shine large 2",
															"from": [ -0.01, 0.37, 0.6 ], 
															"to": [ 0.09, 0.57, 0.8 ], 
															"unwrapMode": 4,
															"uv": [ 52.0, 1.5 ],
															"rotationOrigin": [ -0.07, 0.5, 0.6 ],
															"faces": {
																"north": { "texture": "#bandit1", "uv": [ 52.0, 2.0, 52.5, 2.5 ] },
																"east": { "texture": "#bandit1", "uv": [ 53.5, 2.0, 54.0, 2.5 ], "enabled": false },
																"south": { "texture": "#bandit1", "uv": [ 53.0, 2.0, 53.5, 2.5 ] },
																"west": { "texture": "#bandit1", "uv": [ 52.5, 2.0, 53.0, 2.5 ] },
																"up": { "texture": "#bandit1", "uv": [ 52.5, 1.5, 53.0, 2.0 ], "rotation": 90 },
																"down": { "texture": "#bandit1", "uv": [ 52.5, 2.5, 53.0, 3.0 ], "rotation": 90 }
															}
														}
													]
												}
											]
										},
										{
											"name": "R eyebrow 1",
											"from": [ -0.1, 2.95, 1.2 ], 
											"to": [ 0.1, 3.25, 2.2 ], 
											"unwrapMode": 4,
											"uv": [ 34.5, 1.0 ],
											"rotationOrigin": [ 0.9, 2.9, 2.2 ],
											"faces": {
												"north": { "texture": "#bandit1", "uv": [ 34.5, 1.5, 35.0, 2.0 ] },
												"east": { "texture": "#bandit1", "uv": [ 36.5, 1.5, 37.5, 2.0 ], "enabled": false },
												"south": { "texture": "#bandit1", "uv": [ 36.0, 1.5, 36.5, 2.0 ] },
												"west": { "texture": "#bandit1", "uv": [ 35.0, 1.5, 36.0, 2.0 ] },
												"up": { "texture": "#bandit1", "uv": [ 35.0, 1.0, 36.0, 1.5 ], "rotation": 90 },
												"down": { "texture": "#bandit1", "uv": [ 35.0, 2.0, 36.0, 2.5 ], "rotation": 90 }
											},
											"children": [
												{
													"name": "R eyebrow 2",
													"from": [ 0.0, 0.0, -0.9 ], 
													"to": [ 0.2, 0.3, 0.1 ], 
													"unwrapMode": 4,
													"uv": [ 37.5, 2.0 ],
													"rotationOrigin": [ 1.0, 0.0, 0.1 ],
													"rotationX": -2.0,
													"faces": {
														"north": { "texture": "#bandit1", "uv": [ 37.5, 2.5, 38.0, 3.0 ] },
														"east": { "texture": "#bandit1", "uv": [ 39.5, 2.5, 40.5, 3.0 ], "enabled": false },
														"south": { "texture": "#bandit1", "uv": [ 39.0, 2.5, 39.5, 3.0 ] },
														"west": { "texture": "#bandit1", "uv": [ 38.0, 2.5, 39.0, 3.0 ] },
														"up": { "texture": "#bandit1", "uv": [ 38.0, 2.0, 39.0, 2.5 ], "rotation": 90 },
														"down": { "texture": "#bandit1", "uv": [ 38.0, 3.0, 39.0, 3.5 ], "rotation": 90 }
													}
												}
											]
										},
										{
											"name": "L eyebrow 1",
											"from": [ -0.1, 2.95, 2.8 ], 
											"to": [ 0.1, 3.25, 3.8 ], 
											"unwrapMode": 4,
											"uv": [ 35.5, 2.0 ],
											"rotationOrigin": [ 0.9, 2.9, 2.8 ],
											"faces": {
												"north": { "texture": "#bandit1", "uv": [ 35.5, 2.5, 36.0, 3.0 ] },
												"east": { "texture": "#bandit1", "uv": [ 37.5, 2.5, 38.5, 3.0 ], "enabled": false },
												"south": { "texture": "#bandit1", "uv": [ 37.0, 2.5, 37.5, 3.0 ] },
												"west": { "texture": "#bandit1", "uv": [ 36.0, 2.5, 37.0, 3.0 ] },
												"up": { "texture": "#bandit1", "uv": [ 36.0, 2.0, 37.0, 2.5 ], "rotation": 90 },
												"down": { "texture": "#bandit1", "uv": [ 36.0, 3.0, 37.0, 3.5 ], "rotation": 90 }
											},
											"children": [
												{
													"name": "L eyebrow 2",
													"from": [ 0.0, 0.0, 0.9 ], 
													"to": [ 0.2, 0.3, 1.9 ], 
													"unwrapMode": 4,
													"uv": [ 40.5, 1.0 ],
													"rotationOrigin": [ 1.0, 0.0, 0.9 ],
													"rotationX": 2.0,
													"faces": {
														"north": { "texture": "#bandit1", "uv": [ 40.5, 1.5, 41.0, 2.0 ] },
														"east": { "texture": "#bandit1", "uv": [ 42.5, 1.5, 43.5, 2.0 ], "enabled": false },
														"south": { "texture": "#bandit1", "uv": [ 42.0, 1.5, 42.5, 2.0 ] },
														"west": { "texture": "#bandit1", "uv": [ 41.0, 1.5, 42.0, 2.0 ] },
														"up": { "texture": "#bandit1", "uv": [ 41.0, 1.0, 42.0, 1.5 ], "rotation": 90 },
														"down": { "texture": "#bandit1", "uv": [ 41.0, 2.0, 42.0, 2.5 ], "rotation": 90 }
													}
												}
											]
										},
										{
											"name": "mouth",
											"from": [ -0.1, 0.65, 2.0 ], 
											"to": [ 0.1, 0.95, 3.0 ], 
											"unwrapMode": 4,
											"uv": [ 39.0, 0.5 ],
											"rotationOrigin": [ 0.9, 0.6, 3.0 ],
											"faces": {
												"north": { "texture": "#bandit1", "uv": [ 39.0, 1.0, 39.5, 1.5 ] },
												"east": { "texture": "#bandit1", "uv": [ 41.0, 1.0, 42.0, 1.5 ], "enabled": false },
												"south": { "texture": "#bandit1", "uv": [ 40.5, 1.0, 41.0, 1.5 ] },
												"west": { "texture": "#bandit1", "uv": [ 39.5, 1.0, 40.5, 1.5 ] },
												"up": { "texture": "#bandit1", "uv": [ 39.5, 0.5, 40.5, 1.0 ], "rotation": 90 },
												"down": { "texture": "#bandit1", "uv": [ 39.5, 1.5, 40.5, 2.0 ], "rotation": 90 }
											},
											"children": [
												{
													"name": "mouth L",
													"from": [ 0.05, -0.01, -0.5 ], 
													"to": [ 0.25, 0.29, 0.8 ], 
													"unwrapMode": 4,
													"uv": [ 31.0, 1.0 ],
													"rotationOrigin": [ 1.0, 0.0, 0.5 ],
													"rotationX": 1.0,
													"faces": {
														"north": { "texture": "#bandit1", "uv": [ 31.0, 1.5, 31.5, 2.0 ] },
														"east": { "texture": "#bandit1", "uv": [ 33.0, 1.5, 34.0, 2.0 ], "enabled": false },
														"south": { "texture": "#bandit1", "uv": [ 32.5, 1.5, 33.0, 2.0 ] },
														"west": { "texture": "#bandit1", "uv": [ 31.5, 1.5, 32.5, 2.0 ] },
														"up": { "texture": "#bandit1", "uv": [ 31.5, 1.0, 32.5, 1.5 ], "rotation": 90 },
														"down": { "texture": "#bandit1", "uv": [ 31.5, 2.0, 32.5, 2.5 ], "rotation": 90 }
													}
												},
												{
													"name": "mouth R",
													"from": [ 0.05, -0.01, 0.4 ], 
													"to": [ 0.25, 0.29, 1.5 ], 
													"unwrapMode": 4,
													"uv": [ 28.0, 0.0 ],
													"rotationOrigin": [ 1.1, 0.0, 0.4 ],
													"rotationX": -1.0,
													"faces": {
														"north": { "texture": "#bandit1", "uv": [ 28.0, 0.5, 28.5, 1.0 ] },
														"east": { "texture": "#bandit1", "uv": [ 30.0, 0.5, 31.0, 1.0 ], "enabled": false },
														"south": { "texture": "#bandit1", "uv": [ 29.5, 0.5, 30.0, 1.0 ] },
														"west": { "texture": "#bandit1", "uv": [ 28.5, 0.5, 29.5, 1.0 ] },
														"up": { "texture": "#bandit1", "uv": [ 28.5, 0.0, 29.5, 0.5 ], "rotation": 90 },
														"down": { "texture": "#bandit1", "uv": [ 28.5, 1.0, 29.5, 1.5 ], "rotation": 90 }
													}
												}
											]
										},
										{
											"name": "eyelid r",
											"from": [ -0.05, 2.0, 0.9 ], 
											"to": [ 0.01, 2.15, 2.25 ], 
											"unwrapMode": 4,
											"uv": [ 32.5, 0.0 ],
											"rotationOrigin": [ -0.2, 2.4, 1.5 ],
											"rotationX": 180.0,
											"faces": {
												"north": { "texture": "#bandit1", "uv": [ 32.5, 0.5, 33.0, 1.0 ] },
												"east": { "texture": "#bandit1", "uv": [ 34.5, 0.5, 35.5, 1.0 ], "enabled": false },
												"south": { "texture": "#bandit1", "uv": [ 34.0, 0.5, 34.5, 1.0 ] },
												"west": { "texture": "#bandit1", "uv": [ 33.0, 0.5, 34.0, 1.0 ] },
												"up": { "texture": "#bandit1", "uv": [ 33.0, 0.0, 34.0, 0.5 ], "rotation": 90 },
												"down": { "texture": "#bandit1", "uv": [ 33.0, 1.0, 34.0, 1.5 ], "rotation": 90 }
											}
										},
										{
											"name": "eyelid l",
											"from": [ -0.05, 2.0, 3.15 ], 
											"to": [ 0.01, 2.15, 4.5 ], 
											"unwrapMode": 4,
											"uv": [ 30.0, 0.0 ],
											"rotationOrigin": [ -0.2, 2.4, 3.7 ],
											"rotationX": 180.0,
											"faces": {
												"north": { "texture": "#bandit1", "uv": [ 30.0, 0.5, 30.5, 1.0 ] },
												"east": { "texture": "#bandit1", "uv": [ 32.0, 0.5, 33.0, 1.0 ], "enabled": false },
												"south": { "texture": "#bandit1", "uv": [ 31.5, 0.5, 32.0, 1.0 ] },
												"west": { "texture": "#bandit1", "uv": [ 30.5, 0.5, 31.5, 1.0 ] },
												"up": { "texture": "#bandit1", "uv": [ 30.5, 0.0, 31.5, 0.5 ], "rotation": 90 },
												"down": { "texture": "#bandit1", "uv": [ 30.5, 1.0, 31.5, 1.5 ], "rotation": 90 }
											}
										},
										{
											"name": "headband",
											"from": [ -0.3, 3.2, -0.3 ], 
											"to": [ 6.3, 4.4, 5.3 ], 
											"unwrapMode": 4,
											"uv": [ 0.5, 11.5 ],
											"rotationOrigin": [ 1.8, 8.3, 1.8 ],
											"faces": {
												"north": { "texture": "#headband", "uv": [ 0.0, 18.0, 6.0, 20.0 ] },
												"east": { "texture": "#headband", "uv": [ 18.0, 18.0, 22.0, 20.0 ] },
												"south": { "texture": "#headband", "uv": [ 12.0, 18.0, 18.0, 20.0 ] },
												"west": { "texture": "#headband", "uv": [ 8.0, 18.0, 12.0, 20.0 ] },
												"up": { "texture": "#headband", "uv": [ 8.0, 12.0, 13.5, 18.5 ], "rotation": 90 },
												"down": { "texture": "#headband", "uv": [ 8.0, 20.0, 25.5, 12.0 ], "rotation": 90, "enabled": false, "autoUv": false }
											},
											"children": [
												{
													"name": "headbandend1",
													"from": [ 6.6, -0.7, 1.1 ], 
													"to": [ 7.1, 0.4, 4.6 ], 
													"unwrapMode": 4,
													"uv": [ 0.5, 11.5 ],
													"rotationOrigin": [ 7.3, -0.1, 2.8 ],
													"rotationX": -105.0,
													"faces": {
														"north": { "texture": "#headband", "uv": [ 0.0, 14.0, 2.0, 16.0 ] },
														"east": { "texture": "#headband", "uv": [ 8.0, 14.0, 10.0, 16.0 ] },
														"south": { "texture": "#headband", "uv": [ 6.0, 14.0, 8.0, 16.0 ] },
														"west": { "texture": "#headband", "uv": [ 4.0, 14.0, 6.0, 16.0 ] },
														"up": { "texture": "#headband", "uv": [ 4.0, 12.0, 7.5, 12.5 ], "rotation": 90 },
														"down": { "texture": "#headband", "uv": [ 4.0, 16.0, 25.5, 12.0 ], "rotation": 90, "enabled": false, "autoUv": false }
													}
												},
												{
													"name": "headbandend42",
													"from": [ 6.6, -0.4, 1.1 ], 
													"to": [ 7.3, 0.7, 4.6 ], 
													"unwrapMode": 4,
													"uv": [ 0.5, 11.5 ],
													"rotationOrigin": [ 7.2, 0.2, 2.8 ],
													"rotationX": -66.0,
													"rotationY": -28.0,
													"faces": {
														"north": { "texture": "#headband", "uv": [ 0.0, 14.0, 2.0, 16.0 ] },
														"east": { "texture": "#headband", "uv": [ 8.0, 14.0, 10.0, 16.0 ] },
														"south": { "texture": "#headband", "uv": [ 6.0, 14.0, 8.0, 16.0 ] },
														"west": { "texture": "#headband", "uv": [ 4.0, 14.0, 6.0, 16.0 ] },
														"up": { "texture": "#headband", "uv": [ 4.0, 12.0, 7.5, 12.5 ], "rotation": 90 },
														"down": { "texture": "#headband", "uv": [ 4.0, 16.0, 25.5, 12.0 ], "rotation": 90, "enabled": false, "autoUv": false }
													}
												}
											]
										},
										{
											"name": "lowerbeard",
											"from": [ -0.05, -1.72, 1.6 ], 
											"to": [ -0.05, 0.28, 3.6 ], 
											"uv": [ 28.0, 19.0 ],
											"rotationOrigin": [ -0.1427, 3.7744, 2.4 ],
											"rotationX": 0.9999997998811924,
											"faces": {
												"north": { "texture": "#bandit1", "uv": [ 0.0, 0.5, 0.0, 5.5 ], "enabled": false },
												"east": { "texture": "#bandit1", "uv": [ 0.0, 0.5, 0.5, 5.5 ], "enabled": false },
												"south": { "texture": "#bandit1", "uv": [ 0.5, 0.5, 0.5, 5.5 ], "enabled": false },
												"west": { "texture": "#bandit1", "uv": [ 28.0, 19.0, 30.0, 21.0 ] },
												"up": { "texture": "#bandit1", "uv": [ 0.0, 0.0, 0.0, 0.5 ], "enabled": false },
												"down": { "texture": "#bandit1", "uv": [ 0.0, 0.0, 0.0, 0.5 ], "enabled": false }
											}
										},
										{
											"name": "mustache",
											"from": [ -0.25, 0.53, 0.6 ], 
											"to": [ 0.05, 1.13, 2.6 ], 
											"uv": [ 28.0, 19.0 ],
											"rotationOrigin": [ -0.14, 0.87, 1.5 ],
											"rotationX": -39.0,
											"faces": {
												"north": { "texture": "#bandit1", "uv": [ 0.0, 0.5, 0.0, 5.5 ], "enabled": false },
												"east": { "texture": "#bandit1", "uv": [ 0.0, 0.5, 0.5, 5.5 ], "enabled": false },
												"south": { "texture": "#bandit1", "uv": [ 0.5, 0.5, 0.5, 5.5 ], "enabled": false },
												"west": { "texture": "#bandit1", "uv": [ 28.0, 19.0, 30.0, 19.5 ] },
												"up": { "texture": "#bandit1", "uv": [ 0.0, 0.0, 0.0, 0.5 ], "enabled": false },
												"down": { "texture": "#bandit1", "uv": [ 0.0, 0.0, 0.0, 0.5 ], "enabled": false }
											}
										},
										{
											"name": "mustache2",
											"from": [ -0.25, 0.58, 2.4 ], 
											"to": [ 0.05, 1.18, 4.4 ], 
											"uv": [ 28.0, 19.0 ],
											"rotationOrigin": [ -0.14, 0.97, 3.4 ],
											"rotationX": 39.0,
											"faces": {
												"north": { "texture": "#bandit1", "uv": [ 0.0, 0.5, 0.0, 5.5 ], "enabled": false },
												"east": { "texture": "#bandit1", "uv": [ 0.0, 0.5, 0.5, 5.5 ], "enabled": false },
												"south": { "texture": "#bandit1", "uv": [ 0.5, 0.5, 0.5, 5.5 ], "enabled": false },
												"west": { "texture": "#bandit1", "uv": [ 28.0, 19.0, 30.0, 19.5 ] },
												"up": { "texture": "#bandit1", "uv": [ 0.0, 0.0, 0.0, 0.5 ], "enabled": false },
												"down": { "texture": "#bandit1", "uv": [ 0.0, 0.0, 0.0, 0.5 ], "enabled": false }
											}
										}
									],
									"attachmentpoints": [
										{
											"code": "Eyes",
											"posX": "1.3","posY": "3.5","posZ": "2.5",
											"rotationX": "0.0","rotationY": "-90.0","rotationZ": "0.0"
										}
									]
								}
							]
						},
						{
							"name": "UpperButtons",
							"from": [ -0.1, 0.0, 2.3 ], 
							"to": [ -0.1, 5.0, 3.9 ], 
							"uv": [ 0.0, 0.0 ],
							"rotationOrigin": [ -0.1, 5.0, 2.8 ],
							"faces": {
								"north": { "texture": "#bandit1", "uv": [ 0.0, 0.5, 0.0, 5.5 ], "enabled": false },
								"east": { "texture": "#bandit1", "uv": [ 0.0, 0.5, 0.5, 5.5 ], "enabled": false },
								"south": { "texture": "#bandit1", "uv": [ 0.0, 0.0, 0.0, 5.0 ], "enabled": false },
								"west": { "texture": "#bandit1", "uv": [ 0.0, 0.0, 1.5, 5.0 ] },
								"up": { "texture": "#bandit1", "uv": [ 0.0, 0.0, 0.0, 0.5 ], "enabled": false },
								"down": { "texture": "#bandit1", "uv": [ 0.0, 0.0, 0.0, 0.5 ], "enabled": false }
							}
						}
					],
					"attachmentpoints": [
						{
							"code": "Back",
							"posX": "5.0","posY": "3.0","posZ": "3.0",
							"rotationX": "0.0","rotationY": "0.0","rotationZ": "0.0"
						}
					]
				},
				{
					"name": "UpperFootL",
					"from": [ 0.4, -6.0, 3.0 ], 
					"to": [ 4.6, 1.5, 6.2 ], 
					"unwrapMode": 4,
					"uv": [ 16.0, 33.0 ],
					"rotationOrigin": [ 1.5, 0.5, 4.3 ],
					"rotationX": -3.0,
					"rotationZ": -5.0,
					"faces": {
						"north": { "texture": "#bandit1", "uv": [ 16.0, 37.0, 20.0, 44.5 ] },
						"east": { "texture": "#bandit1", "uv": [ 27.0, 37.0, 30.0, 44.5 ] },
						"south": { "texture": "#bandit1", "uv": [ 23.0, 37.0, 27.0, 44.5 ] },
						"west": { "texture": "#bandit1", "uv": [ 20.0, 37.0, 23.0, 44.5 ] },
						"up": { "texture": "#bandit1", "uv": [ 20.0, 33.0, 23.0, 37.0 ], "rotation": 90 },
						"down": { "texture": "#bandit1", "uv": [ 20.0, 44.5, 23.0, 48.5 ], "rotation": 90 }
					},
					"children": [
						{
							"name": "LowerFootL",
							"from": [ 0.1, -9.0, 0.1 ], 
							"to": [ 4.1, 1.0, 3.1 ], 
							"unwrapMode": 4,
							"uv": [ 16.0, 46.0 ],
							"rotationOrigin": [ 2.1, 0.5, 1.4 ],
							"rotationX": 2.0,
							"rotationZ": 2.0,
							"faces": {
								"north": { "texture": "#bandit1", "uv": [ 16.0, 50.0, 20.0, 60.0 ] },
								"east": { "texture": "#bandit1", "uv": [ 27.0, 50.0, 30.0, 60.0 ] },
								"south": { "texture": "#bandit1", "uv": [ 23.0, 50.0, 27.0, 60.0 ] },
								"west": { "texture": "#bandit1", "uv": [ 20.0, 50.0, 23.0, 60.0 ] },
								"up": { "texture": "#bandit1", "uv": [ 20.0, 46.0, 23.0, 50.0 ], "rotation": 90 },
								"down": { "texture": "#bandit1", "uv": [ 20.0, 60.0, 23.0, 64.0 ], "rotation": 90 }
							},
							"children": [
								{
									"name": "ButtonsR",
									"from": [ -0.1, 0.0, 0.7 ], 
									"to": [ -0.1, 9.0, 2.3 ], 
									"uv": [ 2.0, 11.0 ],
									"rotationOrigin": [ -0.1, 0.0, 1.5 ],
									"faces": {
										"north": { "texture": "#bandit1", "uv": [ 0.0, 1.5, 0.0, 10.5 ], "enabled": false },
										"east": { "texture": "#bandit1", "uv": [ 0.0, 1.5, 1.5, 10.5 ], "enabled": false },
										"south": { "texture": "#bandit1", "uv": [ 1.5, 1.5, 1.5, 10.5 ], "enabled": false },
										"west": { "texture": "#bandit1", "uv": [ 2.0, 11.0, 3.5, 20.0 ] },
										"up": { "texture": "#bandit1", "uv": [ 0.0, 0.0, 0.0, 1.5 ], "enabled": false },
										"down": { "texture": "#bandit1", "uv": [ 0.0, 0.0, 0.0, 1.5 ], "enabled": false }
									}
								},
								{
									"name": "shoe1",
									"from": [ -1.13, -0.14, -0.27 ], 
									"to": [ 4.17, 0.96, 3.33 ], 
									"unwrapMode": 4,
									"uv": [ 11.0, 14.0 ],
									"rotationOrigin": [ 1.2002, 9.3244, 0.7002 ],
									"rotationX": 3.201650997652905E-7,
									"rotationY": -3.335053520124423E-9,
									"rotationZ": -1.067216999217635E-7,
									"faces": {
										"north": { "texture": "#bandit1", "uv": [ 11.0, 19.0, 16.0, 20.0 ] },
										"east": { "texture": "#bandit1", "uv": [ 24.5, 19.0, 28.0, 20.0 ] },
										"south": { "texture": "#bandit1", "uv": [ 19.5, 19.0, 24.5, 20.0 ] },
										"west": { "texture": "#bandit1", "uv": [ 16.0, 19.0, 19.5, 20.0 ] },
										"up": { "texture": "#bandit1", "uv": [ 16.0, 14.0, 19.5, 19.0 ], "rotation": 90 },
										"down": { "texture": "#bandit1", "uv": [ 16.0, 20.0, 19.5, 25.0 ], "rotation": 90 }
									}
								}
							]
						}
					]
				},
				{
					"name": "UpperFootR",
					"from": [ 0.4, -6.0, -0.2 ], 
					"to": [ 4.6, 1.3, 3.0 ], 
					"unwrapMode": 4,
					"autoUnwrap": false,
					"uv": [ 1.0, 29.0 ],
					"rotationOrigin": [ 1.5, 0.5, 1.3 ],
					"rotationX": 3.0,
					"rotationZ": -5.0,
					"faces": {
						"north": { "texture": "#bandit1", "uv": [ 4.0, 37.0, 8.0, 44.0 ] },
						"east": { "texture": "#bandit1", "uv": [ 1.0, 37.0, 4.0, 44.0 ] },
						"south": { "texture": "#bandit1", "uv": [ 11.0, 37.0, 15.0, 44.0 ] },
						"west": { "texture": "#bandit1", "uv": [ 8.0, 37.0, 11.0, 44.0 ] },
						"up": { "texture": "#bandit1", "uv": [ 8.0, 33.0, 11.0, 37.0 ], "rotation": 90 },
						"down": { "texture": "#bandit1", "uv": [ 8.0, 46.0, 11.0, 50.0 ], "rotation": 90 }
					},
					"children": [
						{
							"name": "LowerFootR",
							"from": [ 0.1, -9.0, 0.1 ], 
							"to": [ 4.1, 1.0, 3.1 ], 
							"unwrapMode": 4,
							"autoUnwrap": false,
							"uv": [ 1.0, 46.0 ],
							"rotationOrigin": [ 2.1, 0.5, 1.4 ],
							"rotationX": -2.0,
							"rotationZ": 2.0,
							"faces": {
								"north": { "texture": "#bandit1", "uv": [ 4.0, 50.0, 8.0, 60.0 ] },
								"east": { "texture": "#bandit1", "uv": [ 1.0, 50.0, 4.0, 60.0 ] },
								"south": { "texture": "#bandit1", "uv": [ 11.0, 50.0, 15.0, 60.0 ] },
								"west": { "texture": "#bandit1", "uv": [ 8.0, 50.0, 11.0, 60.0 ] },
								"up": { "texture": "#bandit1", "uv": [ 8.0, 46.0, 11.0, 50.0 ], "rotation": 90 },
								"down": { "texture": "#bandit1", "uv": [ 8.0, 60.0, 11.0, 64.0 ], "rotation": 90 }
							},
							"children": [
								{
									"name": "ButtonsL",
									"from": [ -0.1, 0.0, 0.7 ], 
									"to": [ -0.1, 9.0, 2.3 ], 
									"uv": [ 0.0, 11.0 ],
									"rotationOrigin": [ -0.1, 0.0, 1.5 ],
									"faces": {
										"north": { "texture": "#bandit1", "uv": [ 0.0, 1.5, 0.0, 10.5 ], "enabled": false },
										"east": { "texture": "#bandit1", "uv": [ 0.0, 0.0, 1.5, 9.0 ], "enabled": false },
										"south": { "texture": "#bandit1", "uv": [ 1.5, 0.0, 1.5, 9.0 ], "enabled": false },
										"west": { "texture": "#bandit1", "uv": [ 0.0, 11.0, 1.5, 20.0 ] },
										"up": { "texture": "#bandit1", "uv": [ 0.0, 0.0, 0.0, 1.5 ], "enabled": false },
										"down": { "texture": "#bandit1", "uv": [ 0.0, 0.0, 0.0, 1.5 ], "enabled": false }
									}
								},
								{
									"name": "shoe2",
									"from": [ -1.0998, -0.1, -0.3125 ], 
									"to": [ 4.2002, 1.0, 3.2875 ], 
									"unwrapMode": 4,
									"uv": [ 9.0, 14.0 ],
									"rotationOrigin": [ 1.5066, 0.3284, 1.5266 ],
									"rotationX": 1.0199303381499565,
									"rotationY": 0.48005663159255973,
									"rotationZ": 0.006758035771556993,
									"faces": {
										"north": { "texture": "#bandit1", "uv": [ 9.0, 19.0, 14.0, 20.0 ] },
										"east": { "texture": "#bandit1", "uv": [ 22.5, 19.0, 26.0, 20.0 ] },
										"south": { "texture": "#bandit1", "uv": [ 17.5, 19.0, 22.5, 20.0 ] },
										"west": { "texture": "#bandit1", "uv": [ 14.0, 19.0, 17.5, 20.0 ] },
										"up": { "texture": "#bandit1", "uv": [ 14.0, 14.0, 17.5, 19.0 ], "rotation": 90 },
										"down": { "texture": "#bandit1", "uv": [ 14.0, 20.0, 17.5, 25.0 ], "rotation": 90 }
									}
								}
							]
						}
					]
				},
				{
					"name": "FrontShirtTile",
					"from": [ 0.0, -1.0, 0.0 ], 
					"to": [ 1.0, 5.0, 6.0 ], 
					"unwrapMode": 4,
					"uv": [ 45.0, 15.0 ],
					"rotationOrigin": [ 0.0, 5.0, 3.0 ],
					"rotationZ": -3.0,
					"faces": {
						"north": { "texture": "#bandit1", "uv": [ 45.0, 15.0, 46.0, 21.0 ] },
						"east": { "texture": "#bandit1", "uv": [ 53.0, 15.0, 59.0, 21.0 ] },
						"south": { "texture": "#bandit1", "uv": [ 52.0, 15.0, 53.0, 21.0 ] },
						"west": { "texture": "#bandit1", "uv": [ 46.0, 15.0, 52.0, 21.0 ] },
						"up": { "texture": "#bandit1", "uv": [ 46.0, 15.0, 52.0, 16.0 ], "rotation": 90, "enabled": false },
						"down": { "texture": "#bandit1", "uv": [ 46.0, 21.0, 52.0, 22.0 ], "rotation": 90, "enabled": false }
					}
				},
				{
					"name": "BackShirtTile",
					"from": [ 4.0, -3.9, 0.0 ], 
					"to": [ 5.0, 2.1, 6.0 ], 
					"unwrapMode": 2,
					"uv": [ 56.0, 15.0 ],
					"rotationOrigin": [ 4.0, 2.1, 3.0 ],
					"rotationZ": -5.0,
					"faces": {
						"north": { "texture": "#bandit1", "uv": [ 63.0, 15.0, 64.0, 21.0 ] },
						"east": { "texture": "#bandit1", "uv": [ 57.0, 15.0, 63.0, 21.0 ] },
						"south": { "texture": "#bandit1", "uv": [ 56.0, 15.0, 57.0, 21.0 ] },
						"west": { "texture": "#bandit1", "uv": [ 64.0, 15.0, 70.0, 21.0 ] },
						"up": { "texture": "#bandit1", "uv": [ 57.0, 15.0, 63.0, 16.0 ], "rotation": 270, "enabled": false },
						"down": { "texture": "#bandit1", "uv": [ 57.0, 21.0, 63.0, 22.0 ], "rotation": 270, "enabled": false }
					}
				},
				{
					"name": "LowerButtons",
					"from": [ -0.1, -1.5, 2.2 ], 
					"to": [ -0.1, 4.5, 3.8 ], 
					"uv": [ 2.0, 0.0 ],
					"rotationOrigin": [ -0.1, 4.0, 3.0 ],
					"faces": {
						"north": { "texture": "#bandit1", "uv": [ 0.0, 0.5, 0.0, 5.5 ], "enabled": false },
						"east": { "texture": "#bandit1", "uv": [ 0.0, 0.5, 0.5, 5.5 ], "enabled": false },
						"south": { "texture": "#bandit1", "uv": [ 0.5, 0.5, 0.5, 5.5 ], "enabled": false },
						"west": { "texture": "#bandit1", "uv": [ 2.0, 0.0, 3.5, 6.0 ] },
						"up": { "texture": "#bandit1", "uv": [ 0.0, 0.0, 0.0, 0.5 ], "enabled": false },
						"down": { "texture": "#bandit1", "uv": [ 0.0, 0.0, 0.0, 0.5 ], "enabled": false }
					}
				}
			]
		}
	],
	"animations": [
		{
			"name": "walk",
			"code": "walk",
			"quantityframes": 30,
			"onActivityStopped": "EaseOut",
			"onAnimationEnd": "Repeat",
			"keyframes": [
				{
					"frame": 0,
					"elements": {
						"LowerTorso": {  },
						"UpperFootR": { "rotationX": 0.0, "rotationY": 0.0, "rotationZ": 0.0 },
						"UpperFootL": { "rotationX": 0.0, "rotationY": 0.0, "rotationZ": 0.0 },
						"UpperTorso": { "rotationX": 0.0, "rotationY": 0.0, "rotationZ": 0.0 },
						"UpperArmR": { "rotationX": 0.0, "rotationY": 0.0, "rotationZ": 0.0 },
						"LowerArmR": { "rotationX": 0.0, "rotationY": 0.0, "rotationZ": 0.0 },
						"UpperArmL": { "rotationX": 0.0, "rotationY": 0.0, "rotationZ": 0.0 },
						"LowerArmL": { "rotationX": 0.0, "rotationY": 0.0, "rotationZ": 0.0 }
					}
				},
				{
					"frame": 5,
					"elements": {
						"LowerTorso": {  },
						"UpperFootL": { "rotationX": 0.0, "rotationY": 0.0, "rotationZ": -19.0 },
						"UpperTorso": {  },
						"UpperArmR": { "rotationX": 0.0, "rotationY": 0.0, "rotationZ": 12.0 },
						"UpperArmL": { "rotationX": 0.0, "rotationY": 0.0, "rotationZ": 1.0 }
					}
				},
				{
					"frame": 10,
					"elements": {
						"LowerTorso": {  },
						"UpperFootL": { "rotationX": 0.0, "rotationY": 0.0, "rotationZ": 0.0 },
						"UpperFootR": { "rotationX": 0.0, "rotationY": 0.0, "rotationZ": 17.0 },
						"UpperTorso": {  },
						"UpperArmL": { "rotationX": 0.0, "rotationY": 0.0, "rotationZ": -9.0 },
						"UpperArmR": { "rotationX": 0.0, "rotationY": 0.0, "rotationZ": 0.0 },
						"LowerArmR": { "rotationX": 0.0, "rotationY": 0.0, "rotationZ": -13.0 }
					}
				},
				{
					"frame": 15,
					"elements": {
						"LowerTorso": {  },
						"UpperFootR": { "rotationX": 0.0, "rotationY": 0.0, "rotationZ": -6.0 },
						"UpperTorso": { "rotationX": 0.0, "rotationY": -6.0, "rotationZ": 6.0 },
						"UpperArmR": { "rotationX": 0.0, "rotationY": 0.0, "rotationZ": 0.0 },
						"UpperArmL": { "rotationX": 0.0, "rotationY": 0.0, "rotationZ": 0.0 },
						"LowerArmL": { "rotationX": 0.0, "rotationY": 0.0, "rotationZ": -11.0 }
					}
				},
				{
					"frame": 19,
					"elements": {
						"LowerTorso": {  },
						"UpperTorso": {  },
						"UpperArmR": { "rotationX": 0.0, "rotationY": 0.0, "rotationZ": 0.0 },
						"UpperArmL": { "rotationX": 0.0, "rotationY": 0.0, "rotationZ": -3.0 }
					}
				},
				{
					"frame": 20,
					"elements": {
						"LowerTorso": {  },
						"UpperFootL": { "rotationX": 0.0, "rotationY": 0.0, "rotationZ": 17.0 },
						"UpperTorso": {  },
						"UpperArmR": { "rotationX": 0.0, "rotationY": 0.0, "rotationZ": 0.0 }
					}
				},
				{
					"frame": 21,
					"elements": {
						"LowerTorso": {  },
						"UpperTorso": {  },
						"UpperArmR": { "rotationX": 0.0, "rotationY": 0.0, "rotationZ": 0.0 },
						"UpperArmL": { "rotationX": 0.0, "rotationY": 0.0, "rotationZ": 0.0 }
					}
				},
				{
					"frame": 22,
					"elements": {
						"LowerTorso": {  },
						"UpperTorso": {  },
						"UpperArmR": { "rotationX": 0.0, "rotationY": 0.0, "rotationZ": 0.0 },
						"UpperArmL": { "rotationX": 0.0, "rotationY": 0.0, "rotationZ": 0.0 }
					}
				},
				{
					"frame": 23,
					"elements": {
						"LowerTorso": {  },
						"UpperTorso": { "rotationX": 0.0, "rotationY": 6.0, "rotationZ": -6.0 },
						"UpperFootR": { "rotationX": 0.0, "rotationY": 0.0, "rotationZ": 0.0 }
					}
				},
				{
					"frame": 29,
					"elements": {
						"LowerTorso": {  },
						"UpperTorso": {  },
						"UpperArmR": { "rotationX": 0.0, "rotationY": 0.0, "rotationZ": 0.0 },
						"UpperArmL": {  },
						"LowerArmL": { "rotationX": 0.0, "rotationY": 0.0, "rotationZ": 0.0 },
						"UpperFootR": { "rotationX": 0.0, "rotationY": 0.0, "rotationZ": 0.0 }
					}
				}
			]
		},

		{
			"name": "die",
			"code": "die",
			"quantityframes": 30,
			"onActivityStopped": "PlayTillEnd",
			"onAnimationEnd": "Hold",
			"keyframes": [
				{
					"frame": 0,
					"elements": {
						"LowerTorso": { "offsetX": 0.0, "offsetY": 0.0, "offsetZ": 0.0, "rotationX": 0.0, "rotationY": 0.0, "rotationZ": 0.0 },
						"UpperTorso": { "rotationX": 0.0, "rotationY": 0.0, "rotationZ": 0.0 },
						"UpperArmL": { "offsetX": 0.0, "offsetY": 0.0, "offsetZ": 0.0, "rotationX": 0.0, "rotationY": 0.0, "rotationZ": 0.0 },
						"UpperArmR": { "offsetX": 0.0, "offsetY": 0.0, "offsetZ": 0.0, "rotationX": 0.0, "rotationY": 0.0, "rotationZ": 0.0 },
						"LowerArmR": {  },
						"daggerblade": { "offsetX": 0.0, "offsetY": 0.0, "offsetZ": 0.0, "rotationX": 0.0, "rotationY": 0.0, "rotationZ": 0.0 },
						"daggerend": { "offsetX": 0.0, "offsetY": 0.0, "offsetZ": 0.0 },
						"daggerspear": { "offsetX": 0.0, "offsetY": 0.0, "offsetZ": 0.0 },
						"daggerbase": { "offsetX": 0.0, "offsetY": 0.0, "offsetZ": 0.0, "rotationX": 0.0, "rotationY": 0.0, "rotationZ": 0.0 },
						"Neck": {  },
						"Head": { "rotationX": 0.0, "rotationY": 0.0, "rotationZ": 0.0 },
						"UpperFootL": {  },
						"LowerFootL": { "rotationX": 0.0, "rotationY": 0.0, "rotationZ": 0.0 },
						"UpperFootR": {  },
						"LowerFootR": { "rotationX": 0.0, "rotationY": 0.0, "rotationZ": 0.0 }
					}
				},
				{
					"frame": 5,
					"elements": {
						"LowerTorso": { "offsetX": 0.0, "offsetY": 0.0, "offsetZ": 0.0 }
					}
				},
				{
					"frame": 8,
					"elements": {
						"LowerTorso": {  },
						"UpperTorso": {  },
						"UpperArmL": { "rotationX": 0.0, "rotationY": 17.0, "rotationZ": -50.0 },
						"UpperArmR": { "rotationX": 0.0, "rotationY": 0.0, "rotationZ": 19.0 }
					}
				},
				{
					"frame": 10,
					"elements": {
						"LowerTorso": {  },
						"UpperFootL": {  },
						"LowerFootL": { "rotationX": -3.0, "rotationY": 0.0, "rotationZ": -58.0 }
					}
				},
				{
					"frame": 12,
					"elements": {
						"LowerTorso": { "offsetX": 8.0, "offsetY": 4.0, "offsetZ": 0.0 },
						"UpperTorso": {  },
						"Neck": { "offsetX": 1.0, "offsetY": 0.0, "offsetZ": 0.0 }
					}
				},
				{
					"frame": 15,
					"elements": {
						"LowerTorso": {  },
						"UpperFootR": {  },
						"LowerFootR": { "rotationX": 0.0, "rotationY": 0.0, "rotationZ": -22.0 }
					}
				},
				{
					"frame": 16,
					"elements": {
						"LowerTorso": { "offsetX": 13.0, "offsetY": 5.0, "offsetZ": 0.0 },
						"UpperTorso": { "offsetX": 0.0, "offsetY": 0.0, "offsetZ": 0.0 }
					}
				},
				{
					"frame": 18,
					"elements": {
						"LowerTorso": {  },
						"UpperTorso": {  },
						"UpperArmR": {  },
						"LowerArmR": {  },
						"daggerspear": { "offsetX": 1.5, "offsetY": -1.4, "offsetZ": 0.0 }
					}
				},
				{
					"frame": 19,
					"elements": {
						"LowerTorso": {  },
						"UpperTorso": {  },
						"UpperArmL": { "rotationX": 0.0, "rotationY": 6.0, "rotationZ": -33.0 }
					}
				},
				{
					"frame": 20,
					"elements": {
						"LowerTorso": {  },
						"UpperTorso": {  },
						"UpperArmR": {  },
						"LowerArmR": {  },
						"daggerspear": { "offsetX": 1.4, "offsetY": -1.4, "offsetZ": 0.0 }
					}
				},
				{
					"frame": 22,
					"elements": {
						"LowerTorso": { "rotationX": 0.0, "rotationY": 0.0, "rotationZ": -89.0 },
						"UpperTorso": {  },
						"Neck": {  },
						"Head": { "rotationX": 0.0, "rotationY": -50.0, "rotationZ": -14.0 }
					}
				},
				{
					"frame": 23,
					"elements": {
						"LowerTorso": {  },
						"UpperTorso": {  },
						"UpperArmR": {  },
						"LowerArmR": {  },
						"daggerblade": { "offsetX": 2.7, "offsetY": 0.0, "offsetZ": 0.0, "rotationX": 0.0, "rotationY": 0.0, "rotationZ": 0.0 }
					}
				},
				{
					"frame": 26,
					"elements": {
						"LowerTorso": {  },
						"UpperTorso": {  },
						"UpperArmR": {  },
						"LowerArmR": {  },
						"daggerblade": { "rotationX": 0.0, "rotationY": 0.0, "rotationZ": 91.0 }
					}
				},
				{
					"frame": 29,
					"elements": {
						"LowerTorso": { "offsetX": 13.2, "offsetY": 13.0, "offsetZ": 0.0, "rotationX": 0.0, "rotationY": 0.0, "rotationZ": -91.0 },
						"UpperTorso": { "rotationX": 0.0, "rotationY": 3.0, "rotationZ": 3.0 },
						"UpperArmL": { "offsetX": 0.0, "offsetY": 0.0, "offsetZ": 0.5, "rotationX": 0.0, "rotationY": 89.0, "rotationZ": -30.0 },
						"LowerArmL": { "rotationX": -6.0, "rotationY": 0.0, "rotationZ": -22.0 },
						"UpperArmR": { "offsetX": -0.0, "offsetY": -0.0, "offsetZ": -0.5, "rotationX": 0.0, "rotationY": -94.0, "rotationZ": 0.0 },
						"LowerArmR": { "rotationX": 6.0, "rotationY": 0.0, "rotationZ": 6.0 },
						"daggerend": { "offsetX": -1.0, "offsetY": 0.0, "offsetZ": 0.0 },
						"daggerbase": { "offsetX": 0.9, "offsetY": 0.0, "offsetZ": 0.9, "rotationX": 0.0, "rotationY": 50.0, "rotationZ": 0.0 },
						"daggerblade": { "offsetX": 1.7, "offsetY": 0.0, "offsetZ": 0.0, "rotationX": 90.0, "rotationY": -91.0, "rotationZ": 0.0 },
						"daggerspear": { "offsetX": 3.0, "offsetY": -3.0, "offsetZ": 0.0 },
						"Neck": { "offsetX": -1.0, "offsetY": 0.0, "offsetZ": 0.0, "rotationX": 0.0, "rotationY": 0.0, "rotationZ": -8.0 },
						"Head": { "offsetX": 0.0, "offsetY": 0.0, "offsetZ": 0.1, "rotationX": 0.0, "rotationY": -89.0, "rotationZ": -6.0 },
						"Hair": { "offsetX": 0.0, "offsetY": 0.0, "offsetZ": 0.1 },
						"headband": { "offsetX": 0.0, "offsetY": 0.0, "offsetZ": 0.1 },
						"UpperFootR": {  },
						"LowerFootR": { "rotationX": 25.0, "rotationY": -8.0, "rotationZ": 0.0 }
					}
				}
			]
		},

		{
			"name": "idle",
			"code": "idle",
			"quantityframes": 30,
			"onActivityStopped": "EaseOut",
			"onAnimationEnd": "Repeat",
			"keyframes": [
				{
					"frame": 0,
					"elements": {
						"LowerTorso": { "rotationX": 0.0, "rotationY": 0.0, "rotationZ": 14.0 },
						"UpperTorso": {  },
						"Neck": {  },
						"Head": { "rotationX": 0.0, "rotationY": 0.0, "rotationZ": 22.0 },
						"UpperArmL": { "offsetX": 0.0, "offsetY": 0.0, "offsetZ": 0.0, "rotationX": 0.0, "rotationY": 0.0, "rotationZ": 0.0 },
						"LowerArmL": { "rotationX": 0.0, "rotationY": 0.0, "rotationZ": 0.0 },
						"UpperArmR": { "offsetX": 0.0, "offsetY": 0.0, "offsetZ": 0.0, "rotationX": 0.0, "rotationY": 0.0, "rotationZ": 0.0 },
						"BackShirtTile": { "offsetX": -0.1, "offsetY": 0.0, "offsetZ": 0.0, "rotationX": 0.0, "rotationY": 0.0, "rotationZ": -0.8 },
						"UpperFootL": { "rotationX": 0.0, "rotationY": 0.0, "rotationZ": -14.0 },
						"UpperFootR": {  },
						"LowerFootR": { "rotationX": 0.0, "rotationY": 0.0, "rotationZ": -14.0 }
					}
				},
				{
					"frame": 10,
					"elements": {
						"LowerTorso": {  },
						"UpperTorso": {  },
						"Neck": {  },
						"Head": { "rotationX": 0.0, "rotationY": -3.0, "rotationZ": 14.0 },
						"UpperArmL": {  },
						"LowerArmL": { "rotationX": 0.0, "rotationY": 0.0, "rotationZ": -1.0 }
					}
				},
				{
					"frame": 15,
					"elements": {
						"LowerTorso": {  },
						"UpperTorso": {  },
						"Neck": {  },
						"Head": { "rotationX": 0.0, "rotationY": 0.0, "rotationZ": 17.0 },
						"UpperArmR": { "offsetX": 0.0, "offsetY": 0.6, "offsetZ": 0.0 },
						"UpperArmL": { "offsetX": 0.0, "offsetY": 0.6, "offsetZ": 0.0 }
					}
				},
				{
					"frame": 17,
					"elements": {
						"LowerTorso": {  },
						"UpperTorso": {  },
						"Neck": {  },
						"Head": { "rotationX": 0.0, "rotationY": 0.0, "rotationZ": 17.0 }
					}
				},
				{
					"frame": 20,
					"elements": {
						"LowerTorso": {  },
						"UpperTorso": {  },
						"Neck": {  },
						"Head": { "rotationX": 0.0, "rotationY": -3.0, "rotationZ": 22.0 },
						"UpperArmL": {  },
						"LowerArmL": { "rotationX": 0.0, "rotationY": 0.0, "rotationZ": 0.0 }
					}
				}
			]
		},

		{
			"name": "hurt",
			"code": "hurt",
			"quantityframes": 30,
			"onActivityStopped": "EaseOut",
			"onAnimationEnd": "Stop",
			"keyframes": [
				{
					"frame": 0,
					"elements": {
						"LowerTorso": {  },
						"UpperTorso": {  },
						"Neck": {  },
						"Head": { "rotationX": 0.0, "rotationY": 0.0, "rotationZ": 0.0 }
					}
				},
				{
					"frame": 12,
					"elements": {
						"LowerTorso": {  },
						"UpperTorso": {  },
						"Neck": {  },
						"Head": { "rotationX": 19.0, "rotationY": 0.0, "rotationZ": 0.0 }
					}
				}
			]
		},

		{
			"name": "attack",
			"code": "attack",
			"quantityframes": 30,
			"onActivityStopped": "PlayTillEnd",
			"onAnimationEnd": "Stop",
			"keyframes": [
				{
					"frame": 0,
					"elements": {
						"LowerTorso": {  },
						"UpperTorso": {  },
						"UpperArmL": { "rotationX": 0.0, "rotationY": 0.0, "rotationZ": 0.0 },
						"UpperArmR": { "rotationX": 0.0, "rotationY": 0.0, "rotationZ": 0.0 },
						"LowerArmR": { "rotationX": 0.0, "rotationY": 0.0, "rotationZ": 0.0 }
					}
				},
				{
					"frame": 5,
					"elements": {
						"LowerTorso": {  },
						"UpperTorso": {  },
						"UpperArmR": { "rotationX": 28.0, "rotationY": -5.0, "rotationZ": -11.0 },
						"LowerArmR": { "rotationX": 19.0, "rotationY": 2.0, "rotationZ": -61.0 }
					}
				},
				{
					"frame": 10,
					"elements": {
						"LowerTorso": {  },
						"UpperTorso": {  },
						"UpperArmR": { "rotationX": 39.0, "rotationY": -6.0, "rotationZ": -55.0 },
						"LowerArmR": { "rotationX": 0.0, "rotationY": 14.0, "rotationZ": -22.0 },
						"UpperArmL": { "rotationX": 0.0, "rotationY": 0.0, "rotationZ": 13.0 }
					}
				},
				{
					"frame": 15,
					"elements": {
						"LowerTorso": {  },
						"UpperTorso": {  },
						"UpperArmR": { "rotationX": 0.0, "rotationY": 0.0, "rotationZ": 0.0 },
						"LowerArmR": { "rotationX": 0.0, "rotationY": 0.0, "rotationZ": -8.0 },
						"UpperArmL": { "rotationX": 0.0, "rotationY": 0.0, "rotationZ": 0.0 }
					}
				}
			]
		}
	]
}