{
	"editor": {
		"allAngles": false,
		"entityTextureMode": true
	},
	"textureWidth": 64,
	"textureHeight": 64,
	"textureSizes": {
	},
	"textures": {
	},
	"elements": [
		{
			"name": "Origin",
			"from": [ 12.1, 4.7, 0.4 ], 
			"to": [ 12.1, 4.7, 0.4 ], 
			"uv": [ 0.0, 0.0 ],
			"rotationOrigin": [ 12.1, 4.7, 0.4 ],
			"faces": {
				"north": { "texture": "#normal", "uv": [ 0.0, 0.5, 0.5, 1.0 ] },
				"east": { "texture": "#normal", "uv": [ 0.5, 0.5, 1.0, 1.0 ] },
				"south": { "texture": "#normal", "uv": [ 1.0, 0.5, 1.5, 1.0 ] },
				"west": { "texture": "#normal", "uv": [ 1.5, 0.5, 2.0, 1.0 ] },
				"up": { "texture": "#normal", "uv": [ 0.0, 0.0, 0.5, 0.5 ] },
				"down": { "texture": "#normal", "uv": [ 0.5, 0.0, 1.0, 0.5 ] }
			},
			"children": [
				{
					"name": "neck",
					"from": [ -2.0, 0.0, 5.0 ], 
					"to": [ 4.0, 6.0, 10.0 ], 
					"unwrapMode": 5,
					"unwrapRotation": 1,
					"uv": [ 32.0, 2.0 ],
					"rotationOrigin": [ 5.0, 3.2, 7.5 ],
					"faces": {
						"north": { "texture": "#normal", "uv": [ 32.0, 2.0, 38.0, 8.0 ], "rotation": 270 },
						"east": { "texture": "#normal", "uv": [ 38.0, 2.0, 43.0, 8.0 ], "rotation": 180 },
						"south": { "texture": "#normal", "uv": [ 43.0, 2.0, 49.0, 8.0 ], "rotation": 90 },
						"west": { "texture": "#normal", "uv": [ 38.0, 8.0, 43.0, 14.0 ] },
						"up": { "texture": "#normal", "uv": [ 38.0, 2.0, 43.0, 8.0 ], "rotation": 90 },
						"down": { "texture": "#normal", "uv": [ 49.0, 2.0, 54.0, 8.0 ], "rotation": 270 }
					},
					"children": [
						{
							"name": "cheeks",
							"from": [ -1.5, 0.2, -0.5 ], 
							"to": [ 2.5, 3.2, 5.5 ], 
							"uv": [ 16.0, 25.0 ],
							"rotationOrigin": [ 0.5, 2.0, 2.5 ],
							"rotationZ": -4.0,
							"faces": {
								"north": { "texture": "#normal", "uv": [ 16.0, 29.0, 20.0, 32.0 ] },
								"east": { "texture": "#normal", "uv": [ 30.0, 29.0, 36.0, 32.0 ] },
								"south": { "texture": "#normal", "uv": [ 26.0, 29.0, 30.0, 32.0 ] },
								"west": { "texture": "#normal", "uv": [ 20.0, 29.0, 26.0, 32.0 ] },
								"up": { "texture": "#normal", "uv": [ 20.0, 25.0, 26.0, 29.0 ], "rotation": 90 },
								"down": { "texture": "#normal", "uv": [ 20.0, 32.0, 26.0, 36.0 ], "rotation": 90 }
							}
						},
						{
							"name": "head",
							"from": [ -6.5, 4.0, 1.0 ], 
							"to": [ 0.5, 6.0, 4.0 ], 
							"uv": [ 44.0, 26.0 ],
							"rotationOrigin": [ 0.5, 5.5, 2.5 ],
							"rotationZ": 46.0,
							"faces": {
								"north": { "texture": "#normal", "uv": [ 44.0, 26.0, 46.0, 33.0 ], "rotation": 270 },
								"east": { "texture": "#normal", "uv": [ 46.0, 24.0, 49.0, 26.0 ], "rotation": 180, "enabled": false },
								"south": { "texture": "#normal", "uv": [ 49.0, 26.0, 51.0, 33.0 ], "rotation": 90 },
								"west": { "texture": "#normal", "uv": [ 46.0, 33.0, 49.0, 35.0 ] },
								"up": { "texture": "#normal", "uv": [ 46.0, 26.0, 49.0, 33.0 ], "rotation": 90 },
								"down": { "texture": "#normal", "uv": [ 51.0, 26.0, 54.0, 33.0 ], "rotation": 270 }
							}
						},
						{
							"name": "jaw",
							"from": [ -3.1, 0.7, 1.5 ], 
							"to": [ 0.9, 1.7, 3.5 ], 
							"uv": [ 56.0, 29.0 ],
							"rotationOrigin": [ 0.9, 1.2, 2.5 ],
							"rotationZ": 23.0,
							"faces": {
								"north": { "texture": "#normal", "uv": [ 56.0, 29.0, 57.0, 33.0 ], "rotation": 270 },
								"east": { "texture": "#normal", "uv": [ 57.0, 28.0, 59.0, 29.0 ], "rotation": 180, "enabled": false },
								"south": { "texture": "#normal", "uv": [ 59.0, 29.0, 60.0, 33.0 ], "rotation": 90 },
								"west": { "texture": "#normal", "uv": [ 57.0, 33.0, 59.0, 34.0 ] },
								"up": { "texture": "#normal", "uv": [ 57.0, 29.0, 59.0, 33.0 ], "rotation": 90 },
								"down": { "texture": "#normal", "uv": [ 60.0, 29.0, 62.0, 33.0 ], "rotation": 270 }
							},
							"children": [
								{
									"name": "R tooth",
									"from": [ 1.0, 0.5, 0.2 ], 
									"to": [ 2.0, 1.5, 1.2 ], 
									"uv": [ 3.0, 31.0 ],
									"rotationOrigin": [ 1.5, 0.5, 0.7 ],
									"rotationX": -47.0,
									"faces": {
										"north": { "texture": "#normal", "uv": [ 3.0, 32.0, 4.0, 33.0 ] },
										"east": { "texture": "#normal", "uv": [ 6.0, 32.0, 7.0, 33.0 ] },
										"south": { "texture": "#normal", "uv": [ 5.0, 32.0, 6.0, 33.0 ] },
										"west": { "texture": "#normal", "uv": [ 4.0, 32.0, 5.0, 33.0 ] },
										"up": { "texture": "#normal", "uv": [ 4.0, 31.0, 5.0, 32.0 ], "rotation": 90 },
										"down": { "texture": "#normal", "uv": [ 4.0, 33.0, 5.0, 34.0 ], "rotation": 90 }
									}
								},
								{
									"name": "R tooth18",
									"from": [ 1.0, 0.5, 0.8 ], 
									"to": [ 2.0, 1.5, 1.8 ], 
									"uv": [ 7.0, 31.0 ],
									"rotationOrigin": [ 1.5, 0.5, 1.3 ],
									"rotationX": 47.0,
									"faces": {
										"north": { "texture": "#normal", "uv": [ 7.0, 32.0, 8.0, 33.0 ] },
										"east": { "texture": "#normal", "uv": [ 10.0, 32.0, 11.0, 33.0 ] },
										"south": { "texture": "#normal", "uv": [ 9.0, 32.0, 10.0, 33.0 ] },
										"west": { "texture": "#normal", "uv": [ 8.0, 32.0, 9.0, 33.0 ] },
										"up": { "texture": "#normal", "uv": [ 8.0, 31.0, 9.0, 32.0 ], "rotation": 90 },
										"down": { "texture": "#normal", "uv": [ 8.0, 33.0, 9.0, 34.0 ], "rotation": 90 }
									}
								}
							]
						},
						{
							"name": "R ear",
							"from": [ 0.5, 5.3, -0.2 ], 
							"to": [ 1.5, 8.3, 1.8 ], 
							"uv": [ 18.0, 1.0 ],
							"rotationOrigin": [ 1.0, 5.3, 0.8 ],
							"rotationX": -40.0,
							"rotationY": -20.0,
							"faces": {
								"north": { "texture": "#normal", "uv": [ 18.0, 2.0, 19.0, 5.0 ] },
								"east": { "texture": "#normal", "uv": [ 22.0, 2.0, 24.0, 5.0 ] },
								"south": { "texture": "#normal", "uv": [ 21.0, 2.0, 22.0, 5.0 ] },
								"west": { "texture": "#normal", "uv": [ 19.0, 2.0, 21.0, 5.0 ] },
								"up": { "texture": "#normal", "uv": [ 19.0, 1.0, 21.0, 2.0 ], "rotation": 90 },
								"down": { "texture": "#normal", "uv": [ 19.0, 5.0, 21.0, 6.0 ], "rotation": 90, "enabled": false }
							}
						},
						{
							"name": "L eat",
							"from": [ 0.5, 5.3, 3.2 ], 
							"to": [ 1.5, 8.3, 5.2 ], 
							"uv": [ 26.0, 1.0 ],
							"rotationOrigin": [ 1.0, 5.3, 4.2 ],
							"rotationX": 40.0,
							"rotationY": 20.0,
							"faces": {
								"north": { "texture": "#normal", "uv": [ 26.0, 2.0, 27.0, 5.0 ] },
								"east": { "texture": "#normal", "uv": [ 30.0, 2.0, 32.0, 5.0 ] },
								"south": { "texture": "#normal", "uv": [ 29.0, 2.0, 30.0, 5.0 ] },
								"west": { "texture": "#normal", "uv": [ 27.0, 2.0, 29.0, 5.0 ] },
								"up": { "texture": "#normal", "uv": [ 27.0, 1.0, 29.0, 2.0 ], "rotation": 90 },
								"down": { "texture": "#normal", "uv": [ 27.0, 5.0, 29.0, 6.0 ], "rotation": 90, "enabled": false }
							}
						}
					]
				}
			]
		}
	]}