{
	"editor": {
		"allAngles": false,
		"entityTextureMode": true
	},
	"textureWidth": 32,
	"textureHeight": 32,
	"textureSizes": {
	},
	"textures": {
	},
	"elements": [
		{
			"name": "Origin",
			"from": [ 15.0, 6.0, 0.0 ], 
			"to": [ 15.0, 6.0, 0.0 ], 
			"uv": [ 0.0, 0.0 ],
			"rotationOrigin": [ 15.0, 6.0, 0.0 ],
			"faces": {
				"north": { "texture": "#normal", "uv": [ 0.0, 0.5, 0.5, 1.0 ] },
				"east": { "texture": "#normal", "uv": [ 0.5, 0.5, 1.0, 1.0 ] },
				"south": { "texture": "#normal", "uv": [ 1.0, 0.5, 1.5, 1.0 ] },
				"west": { "texture": "#normal", "uv": [ 1.5, 0.5, 2.0, 1.0 ] },
				"up": { "texture": "#normal", "uv": [ 0.0, 0.0, 0.5, 0.5 ] },
				"down": { "texture": "#normal", "uv": [ 0.5, 0.0, 1.0, 0.5 ] }
			},
			"children": [
				{
					"name": "head",
					"from": [ -1.4, 0.0, 6.4 ], 
					"to": [ 1.1, 3.0, 9.6 ], 
					"unwrapMode": 4,
					"uv": [ 0.5, 12.5 ],
					"rotationOrigin": [ 0.8, 1.6, 8.1 ],
					"rotationY": 3.0,
					"faces": {
						"north": { "texture": "#normal", "uv": [ 0.5, 15.0, 3.0, 18.0 ] },
						"east": { "texture": "#normal", "uv": [ 8.5, 15.0, 11.5, 18.0 ] },
						"south": { "texture": "#normal", "uv": [ 6.0, 15.0, 8.5, 18.0 ] },
						"west": { "texture": "#normal", "uv": [ 3.0, 15.0, 6.0, 18.0 ] },
						"up": { "texture": "#normal", "uv": [ 3.0, 12.5, 6.0, 15.0 ], "rotation": 90 },
						"down": { "texture": "#normal", "uv": [ 3.0, 18.0, 6.0, 20.5 ], "rotation": 90 }
					},
					"children": [
						{
							"name": "mouth",
							"from": [ -1.9, 0.7, 0.9 ], 
							"to": [ 0.6, 1.7, 2.4 ], 
							"unwrapMode": 5,
							"unwrapRotation": 1,
							"uv": [ 27.0, 20.0 ],
							"rotationOrigin": [ 0.0, 1.7, 1.6 ],
							"rotationZ": 27.0,
							"faces": {
								"north": { "texture": "#normal", "uv": [ 27.0, 20.0, 28.0, 22.5 ], "rotation": 270 },
								"east": { "texture": "#normal", "uv": [ 28.0, 20.0, 29.5, 21.0 ], "rotation": 180, "enabled": false },
								"south": { "texture": "#normal", "uv": [ 29.5, 20.0, 30.5, 22.5 ], "rotation": 90 },
								"west": { "texture": "#normal", "uv": [ 28.0, 22.5, 29.5, 23.5 ] },
								"up": { "texture": "#normal", "uv": [ 28.0, 20.0, 29.5, 22.5 ], "rotation": 90 },
								"down": { "texture": "#normal", "uv": [ 30.5, 20.0, 32.0, 22.5 ], "rotation": 270 }
							},
							"children": [
								{
									"name": "jaw",
									"from": [ 0.2, -0.6, 0.2 ], 
									"to": [ 2.2, 0.1, 1.2 ], 
									"unwrapMode": 5,
									"unwrapRotation": 1,
									"uv": [ 28.0, 25.0 ],
									"rotationOrigin": [ 1.8, -0.3, 0.7 ],
									"rotationZ": -16.0,
									"faces": {
										"north": { "texture": "#normal", "uv": [ 28.0, 25.0, 28.5, 27.0 ], "rotation": 270 },
										"east": { "texture": "#normal", "uv": [ 28.5, 25.0, 29.5, 25.5 ], "rotation": 180, "enabled": false },
										"south": { "texture": "#normal", "uv": [ 29.5, 25.0, 30.0, 27.0 ], "rotation": 90 },
										"west": { "texture": "#normal", "uv": [ 28.5, 27.0, 29.5, 27.5 ] },
										"up": { "texture": "#normal", "uv": [ 28.5, 25.0, 29.5, 27.0 ], "rotation": 90 },
										"down": { "texture": "#normal", "uv": [ 30.0, 25.0, 31.0, 27.0 ], "rotation": 270 }
									}
								},
								{
									"name": "nose",
									"from": [ -0.1, 0.6, 0.5 ], 
									"to": [ 0.4, 1.1, 1.0 ], 
									"unwrapMode": 4,
									"uv": [ 0.0, 0.0 ],
									"rotationOrigin": [ 0.0, -0.1, 0.0 ],
									"faces": {
										"north": { "texture": "#normal", "uv": [ 0.0, 0.5, 0.5, 1.0 ] },
										"east": { "texture": "#normal", "uv": [ 1.5, 0.5, 2.0, 1.0 ] },
										"south": { "texture": "#normal", "uv": [ 1.0, 0.5, 1.5, 1.0 ] },
										"west": { "texture": "#normal", "uv": [ 0.5, 0.5, 1.0, 1.0 ] },
										"up": { "texture": "#normal", "uv": [ 0.5, 0.0, 1.0, 0.5 ], "rotation": 90 },
										"down": { "texture": "#normal", "uv": [ 0.5, 1.0, 1.0, 1.5 ], "rotation": 90 }
									}
								}
							]
						},
						{
							"name": "L ear",
							"from": [ 1.0, 2.3, 1.7 ], 
							"to": [ 1.5, 4.3, 3.2 ], 
							"unwrapMode": 4,
							"uv": [ 14.0, 0.0 ],
							"rotationOrigin": [ 1.3, 2.3, 2.5 ],
							"rotationX": 30.0,
							"rotationY": 25.0,
							"faces": {
								"north": { "texture": "#normal", "uv": [ 14.0, 0.5, 14.5, 2.5 ] },
								"east": { "texture": "#normal", "uv": [ 16.5, 0.5, 18.0, 2.5 ] },
								"south": { "texture": "#normal", "uv": [ 16.0, 0.5, 16.5, 2.5 ] },
								"west": { "texture": "#normal", "uv": [ 14.5, 0.5, 16.0, 2.5 ] },
								"up": { "texture": "#normal", "uv": [ 14.5, 0.0, 16.0, 0.5 ], "rotation": 90 },
								"down": { "texture": "#normal", "uv": [ 14.5, 2.5, 16.0, 3.0 ], "rotation": 90 }
							}
						},
						{
							"name": "R ear",
							"from": [ 1.1, 2.3, 0.1 ], 
							"to": [ 1.6, 4.3, 1.6 ], 
							"unwrapMode": 4,
							"uv": [ 10.0, 0.0 ],
							"rotationOrigin": [ 1.4, 2.3, 0.7 ],
							"rotationX": -30.0,
							"rotationY": -25.0,
							"faces": {
								"north": { "texture": "#normal", "uv": [ 10.0, 0.5, 10.5, 2.5 ] },
								"east": { "texture": "#normal", "uv": [ 12.5, 0.5, 14.0, 2.5 ] },
								"south": { "texture": "#normal", "uv": [ 12.0, 0.5, 12.5, 2.5 ] },
								"west": { "texture": "#normal", "uv": [ 10.5, 0.5, 12.0, 2.5 ] },
								"up": { "texture": "#normal", "uv": [ 10.5, 0.0, 12.0, 0.5 ], "rotation": 90 },
								"down": { "texture": "#normal", "uv": [ 10.5, 2.5, 12.0, 3.0 ], "rotation": 90 }
							}
						}
					]
				}
			]
		}
	]}