{
	"editor": {
		"allAngles": false,
		"entityTextureMode": true
	},
	"textureWidth": 64,
	"textureHeight": 64,
	"textureSizes": {
	},
	"textures": {
	},
	"elements": [
		{
			"name": "Origin",
			"from": [ 15.5, 5.0, 0.5 ], 
			"to": [ 15.5, 5.0, 0.5 ], 
			"uv": [ 0.0, 0.0 ],
			"rotationOrigin": [ 15.5, 5.0, 0.5 ],
			"faces": {
				"north": { "texture": "#normal", "uv": [ 0.0, 0.5, 0.5, 1.0 ] },
				"east": { "texture": "#normal", "uv": [ 0.5, 0.5, 1.0, 1.0 ] },
				"south": { "texture": "#normal", "uv": [ 1.0, 0.5, 1.5, 1.0 ] },
				"west": { "texture": "#normal", "uv": [ 1.5, 0.5, 2.0, 1.0 ] },
				"up": { "texture": "#normal", "uv": [ 0.0, 0.0, 0.5, 0.5 ] },
				"down": { "texture": "#normal", "uv": [ 0.5, 0.0, 1.0, 0.5 ] }
			},
			"children": [
				{
					"name": "head",
					"from": [ -5.0, 0.0, 5.0 ], 
					"to": [ -1.0, 5.0, 10.2 ], 
					"unwrapMode": 4,
					"uv": [ 45.0, 16.0 ],
					"rotationOrigin": [ -1.0, 2.7, 7.6 ],
					"faces": {
						"north": { "texture": "#normal", "uv": [ 45.0, 20.0, 49.0, 25.0 ] },
						"east": { "texture": "#normal", "uv": [ 58.0, 20.0, 63.0, 25.0 ] },
						"south": { "texture": "#normal", "uv": [ 54.0, 20.0, 58.0, 25.0 ] },
						"west": { "texture": "#normal", "uv": [ 49.0, 20.0, 54.0, 25.0 ] },
						"up": { "texture": "#normal", "uv": [ 49.0, 16.0, 54.0, 20.0 ], "rotation": 90 },
						"down": { "texture": "#normal", "uv": [ 49.0, 25.0, 54.0, 29.0 ], "rotation": 90 }
					},
					"children": [
						{
							"name": "mouth",
							"from": [ -3.0, 2.0, 1.0 ], 
							"to": [ 1.0, 5.0, 4.0 ], 
							"unwrapMode": 4,
							"uv": [ 44.0, 31.0 ],
							"rotationOrigin": [ 1.0, 3.0, 2.5 ],
							"rotationZ": 28.0,
							"faces": {
								"north": { "texture": "#normal", "uv": [ 44.0, 35.0, 48.0, 38.0 ] },
								"east": { "texture": "#normal", "uv": [ 55.0, 35.0, 58.0, 38.0 ], "enabled": false },
								"south": { "texture": "#normal", "uv": [ 51.0, 35.0, 55.0, 38.0 ] },
								"west": { "texture": "#normal", "uv": [ 48.0, 35.0, 51.0, 38.0 ] },
								"up": { "texture": "#normal", "uv": [ 48.0, 31.0, 51.0, 35.0 ], "rotation": 90 },
								"down": { "texture": "#normal", "uv": [ 48.0, 38.0, 51.0, 42.0 ], "rotation": 90 }
							},
							"children": [
								{
									"name": "jaw",
									"from": [ 0.3, -1.3, 0.5 ], 
									"to": [ 3.3, -0.3, 2.5 ], 
									"unwrapMode": 4,
									"uv": [ 56.0, 32.0 ],
									"rotationOrigin": [ 3.3, -0.8, 1.5 ],
									"rotationZ": -15.0,
									"faces": {
										"north": { "texture": "#normal", "uv": [ 56.0, 35.0, 59.0, 36.0 ] },
										"east": { "texture": "#normal", "uv": [ 64.0, 35.0, 66.0, 36.0 ], "enabled": false },
										"south": { "texture": "#normal", "uv": [ 61.0, 35.0, 64.0, 36.0 ] },
										"west": { "texture": "#normal", "uv": [ 59.0, 35.0, 61.0, 36.0 ] },
										"up": { "texture": "#normal", "uv": [ 59.0, 32.0, 61.0, 35.0 ], "rotation": 90 },
										"down": { "texture": "#normal", "uv": [ 59.0, 36.0, 61.0, 39.0 ], "rotation": 90 }
									}
								}
							]
						},
						{
							"name": "L ear",
							"from": [ 2.0, 4.0, 3.0 ], 
							"to": [ 3.0, 7.0, 6.0 ], 
							"unwrapMode": 4,
							"uv": [ 28.0, 29.0 ],
							"rotationOrigin": [ 2.5, 4.0, 4.5 ],
							"rotationX": 35.0,
							"rotationY": -10.0,
							"rotationZ": 8.0,
							"faces": {
								"north": { "texture": "#normal", "uv": [ 28.0, 30.0, 29.0, 33.0 ] },
								"east": { "texture": "#normal", "uv": [ 33.0, 30.0, 36.0, 33.0 ] },
								"south": { "texture": "#normal", "uv": [ 32.0, 30.0, 33.0, 33.0 ] },
								"west": { "texture": "#normal", "uv": [ 29.0, 30.0, 32.0, 33.0 ] },
								"up": { "texture": "#normal", "uv": [ 29.0, 29.0, 32.0, 30.0 ], "rotation": 90 },
								"down": { "texture": "#normal", "uv": [ 29.0, 33.0, 32.0, 34.0 ], "rotation": 90 }
							}
						},
						{
							"name": "R ear",
							"from": [ 2.0, 4.0, -1.0 ], 
							"to": [ 3.0, 7.0, 2.0 ], 
							"unwrapMode": 4,
							"uv": [ 28.0, 23.0 ],
							"rotationOrigin": [ 2.5, 4.0, 0.5 ],
							"rotationX": -35.0,
							"rotationY": 10.0,
							"rotationZ": 8.0,
							"faces": {
								"north": { "texture": "#normal", "uv": [ 28.0, 24.0, 29.0, 27.0 ] },
								"east": { "texture": "#normal", "uv": [ 33.0, 24.0, 36.0, 27.0 ] },
								"south": { "texture": "#normal", "uv": [ 32.0, 24.0, 33.0, 27.0 ] },
								"west": { "texture": "#normal", "uv": [ 29.0, 24.0, 32.0, 27.0 ] },
								"up": { "texture": "#normal", "uv": [ 29.0, 23.0, 32.0, 24.0 ], "rotation": 90 },
								"down": { "texture": "#normal", "uv": [ 29.0, 27.0, 32.0, 28.0 ], "rotation": 90 }
							}
						},
						{
							"name": "Hair head",
							"from": [ 1.0, 4.0, 2.6 ], 
							"to": [ 4.0, 6.0, 2.6 ], 
							"uv": [ 57.0, 2.0 ],
							"rotationOrigin": [ 1.0, 4.0, 2.6 ],
							"rotationZ": 15.0,
							"faces": {
								"north": { "texture": "#normal", "uv": [ 57.0, 2.0, 60.0, 4.0 ] },
								"east": { "texture": "#normal", "uv": [ 60.0, 2.0, 60.0, 4.0 ], "enabled": false },
								"south": { "texture": "#normal", "uv": [ 60.0, 2.0, 63.0, 4.0 ] },
								"west": { "texture": "#normal", "uv": [ 63.0, 2.0, 63.0, 4.0 ], "enabled": false },
								"up": { "texture": "#normal", "uv": [ 57.0, 2.0, 60.0, 2.0 ], "enabled": false },
								"down": { "texture": "#normal", "uv": [ 60.0, 2.0, 63.0, 2.0 ], "enabled": false }
							}
						}
					]
				},
				{
					"name": "neck",
					"from": [ -1.0, 0.0, 5.1 ], 
					"to": [ 0.5, 3.5, 10.1 ], 
					"unwrapMode": 5,
					"unwrapRotation": 1,
					"uv": [ 1.0, 23.0 ],
					"rotationOrigin": [ 4.0, 2.5, 9.6 ],
					"faces": {
						"north": { "texture": "#normal", "uv": [ 1.0, 26.5, 4.5, 28.0 ], "rotation": 270 },
						"east": { "texture": "#normal", "uv": [ 4.5, 23.0, 9.5, 26.5 ], "rotation": 180 },
						"south": { "texture": "#normal", "uv": [ 9.5, 26.5, 13.0, 28.0 ], "rotation": 90 },
						"west": { "texture": "#normal", "uv": [ 4.5, 28.0, 9.5, 31.5 ] },
						"up": { "texture": "#normal", "uv": [ 4.5, 26.5, 9.5, 28.0 ], "rotation": 90 },
						"down": { "texture": "#normal", "uv": [ 13.0, 26.5, 18.0, 28.0 ], "rotation": 270 }
					},
					"children": [
						{
							"name": "Hair neck",
							"from": [ -1.3, 2.5, 2.1 ], 
							"to": [ 0.7, 5.5, 2.1 ], 
							"uv": [ 45.0, 2.0 ],
							"rotationOrigin": [ 1.7, 2.5, 1.9 ],
							"rotationZ": -12.5,
							"faces": {
								"north": { "texture": "#normal", "uv": [ 45.0, 2.0, 47.0, 5.0 ] },
								"east": { "texture": "#normal", "uv": [ 50.0, 2.0, 50.0, 4.0 ], "enabled": false },
								"south": { "texture": "#normal", "uv": [ 47.0, 2.0, 49.0, 5.0 ] },
								"west": { "texture": "#normal", "uv": [ 55.0, 2.0, 55.0, 4.0 ], "enabled": false },
								"up": { "texture": "#normal", "uv": [ 45.0, 2.0, 50.0, 2.0 ], "enabled": false },
								"down": { "texture": "#normal", "uv": [ 50.0, 2.0, 55.0, 2.0 ], "enabled": false }
							}
						}
					]
				}
			]
		}
	]}