{
	"editor": {
		"allAngles": false,
		"entityTextureMode": true
	},
	"textureWidth": 64,
	"textureHeight": 64,
	"textureSizes": {
	},
	"textures": {
	},
	"elements": [
		{
			"name": "Origin",
			"from": [ 18.0, 4.0, 4.0 ], 
			"to": [ 18.0, 4.0, 4.0 ], 
			"uv": [ 0.0, 0.0 ],
			"rotationOrigin": [ 18.0, 4.0, 4.0 ],
			"faces": {
				"north": { "texture": "#normal", "uv": [ 0.0, 0.5, 0.5, 1.0 ] },
				"east": { "texture": "#normal", "uv": [ 0.5, 0.5, 1.0, 1.0 ] },
				"south": { "texture": "#normal", "uv": [ 1.0, 0.5, 1.5, 1.0 ] },
				"west": { "texture": "#normal", "uv": [ 1.5, 0.5, 2.0, 1.0 ] },
				"up": { "texture": "#normal", "uv": [ 0.0, 0.0, 0.5, 0.5 ] },
				"down": { "texture": "#normal", "uv": [ 0.5, 0.0, 1.0, 0.5 ] }
			},
			"children": [
				{
					"name": "head",
					"from": [ -7.0, 0.0, 0.9 ], 
					"to": [ -2.0, 6.0, 7.1 ], 
					"unwrapMode": 7,
					"unwrapRotation": 1,
					"autoUnwrap": false,
					"uv": [ 10.5, 47.0 ],
					"rotationOrigin": [ -3.0, 3.0, 3.9 ],
					"faces": {
						"north": { "texture": "#normal", "uv": [ 22.5, 53.0, 28.5, 58.0 ], "rotation": 90 },
						"east": { "texture": "#normal", "uv": [ 10.0, 46.5, 16.0, 52.5 ] },
						"south": { "texture": "#normal", "uv": [ 10.5, 53.0, 16.5, 58.0 ], "rotation": 270 },
						"west": { "texture": "#normal", "uv": [ 16.0, 55.0, 22.0, 61.0 ], "rotation": 180 },
						"up": { "texture": "#normal", "uv": [ 17.0, 52.5, 23.0, 57.5 ], "rotation": 270 },
						"down": { "texture": "#normal", "uv": [ 28.5, 53.0, 34.5, 58.0 ], "rotation": 90 }
					},
					"children": [
						{
							"name": "mouth up",
							"from": [ -4.0, 2.1, 1.5 ], 
							"to": [ 2.0, 4.1, 4.5 ], 
							"uv": [ 0.0, 0.0 ],
							"rotationOrigin": [ 1.0, 3.1, 3.0 ],
							"rotationZ": 7.0,
							"faces": {
								"north": { "texture": "#normal", "uv": [ 32.0, 62.0, 38.0, 64.0 ] },
								"east": { "texture": "#normal", "uv": [ 6.0, 3.0, 9.0, 5.0 ], "enabled": false },
								"south": { "texture": "#normal", "uv": [ 38.0, 62.0, 44.0, 64.0 ] },
								"west": { "texture": "#normal", "uv": [ 44.0, 62.0, 47.0, 64.0 ] },
								"up": { "texture": "#normal", "uv": [ 32.0, 59.0, 38.0, 62.0 ] },
								"down": { "texture": "#normal", "uv": [ 38.0, 59.0, 44.0, 62.0 ] }
							},
							"children": [
								{
									"name": "jaw",
									"from": [ 0.3, -0.8, 0.5 ], 
									"to": [ 6.3, 0.2, 2.5 ], 
									"uv": [ 0.0, 0.0 ],
									"rotationOrigin": [ 5.3, -0.3, 1.5 ],
									"rotationZ": 5.0,
									"faces": {
										"north": { "texture": "#normal", "uv": [ 50.0, 63.0, 56.0, 64.0 ] },
										"east": { "texture": "#normal", "uv": [ 6.0, 2.0, 8.0, 3.0 ], "enabled": false },
										"south": { "texture": "#normal", "uv": [ 56.0, 63.0, 62.0, 64.0 ] },
										"west": { "texture": "#normal", "uv": [ 62.0, 63.0, 64.0, 64.0 ] },
										"up": { "texture": "#normal", "uv": [ 50.0, 61.0, 56.0, 63.0 ] },
										"down": { "texture": "#normal", "uv": [ 56.0, 61.0, 62.0, 63.0 ] }
									}
								}
							]
						},
						{
							"name": "left ear",
							"from": [ 3.0, 4.0, 3.7 ], 
							"to": [ 4.0, 8.0, 5.7 ], 
							"uv": [ 0.0, 0.0 ],
							"rotationOrigin": [ 3.5, 4.0, 4.7 ],
							"rotationX": 22.5,
							"faces": {
								"north": { "texture": "#normal", "uv": [ 25.0, 39.0, 26.0, 43.0 ] },
								"east": { "texture": "#normal", "uv": [ 26.0, 39.0, 28.0, 43.0 ] },
								"south": { "texture": "#normal", "uv": [ 28.0, 39.0, 29.0, 43.0 ] },
								"west": { "texture": "#normal", "uv": [ 29.0, 39.0, 31.0, 43.0 ] },
								"up": { "texture": "#normal", "uv": [ 25.0, 37.0, 26.0, 39.0 ] },
								"down": { "texture": "#normal", "uv": [ 26.0, 37.0, 27.0, 39.0 ] }
							}
						},
						{
							"name": "right ear",
							"from": [ 3.0, 4.0, 0.0 ], 
							"to": [ 4.0, 8.0, 2.0 ], 
							"uv": [ 0.0, 0.0 ],
							"rotationOrigin": [ 3.5, 4.0, 1.0 ],
							"rotationX": -22.5,
							"faces": {
								"north": { "texture": "#normal", "uv": [ 25.0, 46.0, 26.0, 50.0 ] },
								"east": { "texture": "#normal", "uv": [ 26.0, 46.0, 28.0, 50.0 ] },
								"south": { "texture": "#normal", "uv": [ 28.0, 46.0, 29.0, 50.0 ] },
								"west": { "texture": "#normal", "uv": [ 29.0, 46.0, 31.0, 50.0 ] },
								"up": { "texture": "#normal", "uv": [ 25.0, 44.0, 26.0, 46.0 ] },
								"down": { "texture": "#normal", "uv": [ 26.0, 44.0, 27.0, 46.0 ] }
							}
						}
					]
				}
			]
		}
	]}