[
  {
    "op": "add",
    "path": "/attributes/maxSaturation",
    "value": 12,
    "file": "game:entities/land/chicken-rooster.json"
  },
  {
    "op": "add",
    "path": "/client/behaviors/-",
    "value": {
      "code": "consume"
    },
    "file": "game:entities/land/chicken-rooster.json"
  },

  {
    "op": "add",
    "path": "/server/behaviors/-",
    "value": {
      "code": "consume",
      "poopCodes": [
        "farmlife:poop-small"
      ]
    },
    "file": "game:entities/land/chicken-rooster.json"
  },

  {
    "op": "add",
    "path": "/server/behaviors/9/aitasks/6/eatAnimation",
    "value": "Eat",
    "file": "game:entities/land/chicken-rooster.json"
  },
  {
    "op": "add",
    "path": "/server/behaviors/9/aitasks/6/eatItemCategories",
    "value": [
      "Grain"
    ],
    "file": "game:entities/land/chicken-rooster.json"
  },
  {
    "op": "add",
    "path": "/server/behaviors/9/aitasks/6/eatLooseItems",
    "value": true,
    "file": "game:entities/land/chicken-rooster.json"
  },
  {
    "op": "replace",
    "path": "/server/behaviors/9/aitasks/6/maxcooldownHours",
    "value": 0,
    "file": "game:entities/land/chicken-rooster.json"
  },
  {
    "op": "replace",
    "path": "/server/behaviors/9/aitasks/6/mincooldownHours",
    "value": 0,
    "file": "game:entities/land/chicken-rooster.json"
  },
  {
    "op": "replace",
    "path": "/server/behaviors/9/aitasks/6/movespeed",
    "value": 0.01,
    "file": "game:entities/land/chicken-rooster.json"
  }
]
