[
  {
    "op": "add",
    "path": "/attributes/maxSaturation",
    "value": 16,
    "file": "game:entities/land/sheep-bighorn-lamb.json"
  },
  {
    "op": "add",
    "path": "/client/behaviors/-",
    "value": {
      "code": "consume"
    },
    "file": "game:entities/land/sheep-bighorn-lamb.json"
  },

  {
    "op": "add",
    "path": "/server/behaviors/-",
    "value": {
      "code": "consume",
      "poopCodes": [
        "farmlife:poop-small",
        "farmlife:poop-medium"
      ]
    },
    "file": "game:entities/land/sheep-bighorn-lamb.json"
  },

  {
    "op": "replace",
    "path": "/server/behaviors/9",
    "value": {
      "code": "foodgrow",
      "hoursToGrow": 384,
      "adultEntityCodes": [
        "sheep-bighorn-male",
        "sheep-bighorn-female",
        "sheep-bighorn-female",
        "sheep-bighorn-female",
        "sheep-bighorn-female"
      ]
    },
    "file": "game:entities/land/sheep-bighorn-lamb.json"
  },
  {
    "op": "add",
    "path": "/server/behaviors/10/aitasks/-",
    "value": {
      "code": "seekfoodandeat",
      "movespeed": 0.01,
      "priority": 1.5,
      "eatLooseItems": true,
      "eatItemCategories": [
        "Grain"
      ],
      "eatItemCodes": [
        "game:drygrass"
      ],
      "eatSound": "player/eat",
      "eatTime": 1.5,
      "animationSpeed": 1.4,
      "animation": "Walk",
      "eatAnimation": "Eat",
      "mincooldownHours": 0,
      "maxcooldownHours": 0
    },
    "file": "game:entities/land/sheep-bighorn-lamb.json"
  }
]
