{
	"editor": {
		"allAngles": false,
		"entityTextureMode": false
	},
	"textureWidth": 16,
	"textureHeight": 16,
	"textureSizes": {
	},
	"textures": {
		"gold": "game:block/metal/ingot/gold",
		"bituminous": "game:block/coal/bituminous",
		"normal1": "game:block/snow/normal1",
		"obsidian1": "game:block/stone/rock/obsidian1",
		"cheddarjack": "game:block/dairy/cheddarjack",
		"acacia": "game:block/wood/bark/acacia"		
	},
	"elements": [
		{
			"name": "1",
			"from": [ 0.0, 0.0, 0.0 ], 
			"to": [ 16.0, 1.0, 16.0 ], 
			"faces": {
				"north": { "texture": "#obsidian1", "uv": [ 0.0, 5.5, 16.0, 6.5 ] },
				"east": { "texture": "#obsidian1", "uv": [ 0.0, 12.0, 16.0, 13.0 ] },
				"south": { "texture": "#obsidian1", "uv": [ 0.0, 4.5, 16.0, 5.5 ] },
				"west": { "texture": "#obsidian1", "uv": [ 0.0, 9.5, 16.0, 10.5 ] },
				"up": { "texture": "#obsidian1", "uv": [ 0.0, 0.0, 16.0, 16.0 ] },
				"down": { "texture": "#obsidian1", "uv": [ 0.0, 0.0, 16.0, 16.0 ] }
			},
			"children": [
				{
					"name": "2",
					"from": [ 2.0, 1.0, 2.0 ], 
					"to": [ 14.0, 2.0, 14.0 ], 
					"rotationOrigin": [ 2.0, 1.0, 2.0 ],
					"faces": {
						"north": { "texture": "#obsidian1", "uv": [ 0.5, 2.5, 12.5, 3.5 ] },
						"east": { "texture": "#obsidian1", "uv": [ 2.5, 4.0, 14.5, 5.0 ] },
						"south": { "texture": "#obsidian1", "uv": [ 3.0, 3.0, 15.0, 4.0 ] },
						"west": { "texture": "#obsidian1", "uv": [ 0.5, 11.5, 12.5, 12.5 ] },
						"up": { "texture": "#obsidian1", "uv": [ 0.5, 3.0, 12.5, 15.0 ] },
						"down": { "texture": "#obsidian1", "uv": [ 0.5, 3.5, 12.5, 15.5 ] }
					},
					"children": [
						{
							"name": "3",
							"from": [ 2.0, 1.0, 2.0 ], 
							"to": [ 10.0, 2.0, 10.0 ], 
							"rotationOrigin": [ 2.0, 1.0, 2.0 ],
							"faces": {
								"north": { "texture": "#obsidian1", "uv": [ 1.5, 5.0, 9.5, 6.0 ] },
								"east": { "texture": "#obsidian1", "uv": [ 2.0, 2.5, 10.0, 3.5 ] },
								"south": { "texture": "#obsidian1", "uv": [ 7.5, 14.5, 15.5, 15.5 ] },
								"west": { "texture": "#obsidian1", "uv": [ 1.5, 1.0, 9.5, 2.0 ] },
								"up": { "texture": "#obsidian1", "uv": [ 0.0, 0.0, 8.0, 8.0 ] },
								"down": { "texture": "#obsidian1", "uv": [ 7.5, 1.5, 15.5, 9.5 ] }
							},
							"children": [
								{
									"name": "4",
									"from": [ 2.0, 1.0, 2.0 ], 
									"to": [ 6.0, 2.0, 6.0 ], 
									"rotationOrigin": [ 2.0, 1.0, 2.0 ],
									"faces": {
										"north": { "texture": "#obsidian1", "uv": [ 1.5, 13.5, 5.5, 14.5 ] },
										"east": { "texture": "#obsidian1", "uv": [ 9.5, 0.0, 13.5, 1.0 ] },
										"south": { "texture": "#obsidian1", "uv": [ 0.5, 5.0, 4.5, 6.0 ] },
										"west": { "texture": "#obsidian1", "uv": [ 7.0, 6.5, 11.0, 7.5 ] },
										"up": { "texture": "#obsidian1", "uv": [ 10.5, 2.0, 14.5, 6.0 ] },
										"down": { "texture": "#obsidian1", "uv": [ 0.0, 9.0, 4.0, 13.0 ] }
									}
								}
							]
						}
					]
				},
				{
					"name": "sign",
					"from": [ 3.0, 1.0, 15.0 ], 
					"to": [ 13.0, 3.0, 15.1 ], 
					"rotationOrigin": [ 3.0, 1.0, 15.0 ],
					"faces": {
						"north": { "texture": "#gold", "uv": [ 3.5, 4.5, 9.5, 6.5 ], "autoUv": false },
						"east": { "texture": "#gold", "uv": [ 10.0, 8.0, 10.5, 10.0 ] },
						"south": { "texture": "#gold", "uv": [ 7.0, 3.0, 13.5, 5.0 ], "autoUv": false },
						"west": { "texture": "#gold", "uv": [ 14.5, 5.5, 15.0, 7.5 ] },
						"up": { "texture": "#gold", "uv": [ 4.0, 9.0, 14.0, 9.5 ] },
						"down": { "texture": "#gold", "uv": [ 4.5, 6.5, 14.5, 7.0 ] }
					}
				}
			]
		},
		{
			"name": "base",
			"from": [ 7.55, 7.86, 8.9 ], 
			"to": [ 8.45, 8.31, 9.8 ], 
			"rotationOrigin": [ 7.55, 7.86, 8.9 ],
			"rotationY": 90.0,
			"faces": {
				"north": { "texture": "#normal1", "uv": [ 0.0, 0.0, 0.5, 0.5 ] },
				"east": { "texture": "#null", "uv": [ 0.0, 0.0, 0.5, 0.5 ] },
				"south": { "texture": "#null", "uv": [ 0.0, 0.0, 0.5, 0.5 ] },
				"west": { "texture": "#null", "uv": [ 0.0, 0.0, 0.5, 0.5 ] },
				"up": { "texture": "#null", "uv": [ 0.0, 0.0, 0.5, 0.5 ] },
				"down": { "texture": "#null", "uv": [ 0.0, 0.0, 0.5, 0.5 ] }
			},
			"children": [
				{
					"name": "body",
					"from": [ -0.45, -0.45, -0.45 ], 
					"to": [ 2.52, 1.35, 1.35 ], 
					"rotationOrigin": [ 1.215, 0.495, 0.45 ],
					"rotationZ": 11.0,
					"faces": {
						"north": { "texture": "#bituminous", "uv": [ 0.0, 0.0, 2.925, 1.8 ] },
						"east": { "texture": "#bituminous", "uv": [ 0.0, 0.0, 1.8, 1.8 ] },
						"south": { "texture": "#bituminous", "uv": [ 0.0, 0.0, 2.925, 1.8 ] },
						"west": { "texture": "#bituminous", "uv": [ 0.0, 0.0, 1.8, 1.8 ] },
						"up": { "texture": "#bituminous", "uv": [ 0.0, 0.0, 2.925, 1.8 ] },
						"down": { "texture": "#bituminous", "uv": [ 0.0, 0.0, 2.925, 1.8 ] }
					},
					"children": [
						{
							"name": "2",
							"from": [ 0.18, -0.09, -0.135 ], 
							"to": [ 2.565, 1.98, 1.935 ], 
							"rotationOrigin": [ 1.395, 0.99, 0.855 ],
							"rotationZ": 8.0,
							"faces": {
								"north": { "texture": "#bituminous", "uv": [ 0.0, 0.0, 2.25, 2.025 ] },
								"east": { "texture": "#bituminous", "uv": [ 0.0, 0.0, 2.025, 2.025 ] },
								"south": { "texture": "#bituminous", "uv": [ 0.0, 0.0, 2.25, 2.025 ] },
								"west": { "texture": "#bituminous", "uv": [ 0.0, 0.0, 2.025, 2.025 ] },
								"up": { "texture": "#bituminous", "uv": [ 0.0, 0.0, 2.25, 2.025 ] },
								"down": { "texture": "#bituminous", "uv": [ 0.0, 0.0, 2.25, 2.025 ] }
							}
						},
						{
							"name": "3",
							"from": [ 0.0, 0.0, 0.0 ], 
							"to": [ 2.25, 2.25, 1.8 ], 
							"rotationOrigin": [ 1.17, 1.125, 0.9 ],
							"rotationZ": 10.0,
							"faces": {
								"north": { "texture": "#bituminous", "uv": [ 0.0, 0.0, 2.25, 2.25 ] },
								"east": { "texture": "#bituminous", "uv": [ 0.0, 0.0, 1.8, 2.25 ] },
								"south": { "texture": "#bituminous", "uv": [ 0.0, 0.0, 2.25, 2.25 ] },
								"west": { "texture": "#bituminous", "uv": [ 0.0, 0.0, 1.8, 2.25 ] },
								"up": { "texture": "#bituminous", "uv": [ 0.0, 0.0, 2.25, 1.8 ] },
								"down": { "texture": "#bituminous", "uv": [ 0.0, 0.0, 2.25, 1.8 ] }
							},
							"children": [
								{
									"name": "neck",
									"from": [ -0.9, 1.8, 0.225 ], 
									"to": [ 1.35, 2.7, 1.575 ], 
									"rotationOrigin": [ 0.225, 2.25, 0.9 ],
									"rotationZ": -34.0,
									"faces": {
										"north": { "texture": "#bituminous", "uv": [ 0.0, 0.0, 2.25, 0.9 ] },
										"east": { "texture": "#bituminous", "uv": [ 0.0, 0.0, 1.35, 0.9 ] },
										"south": { "texture": "#bituminous", "uv": [ 0.0, 0.0, 2.25, 0.9 ] },
										"west": { "texture": "#bituminous", "uv": [ 0.0, 0.0, 1.35, 0.9 ] },
										"up": { "texture": "#bituminous", "uv": [ 0.0, 0.0, 2.25, 1.35 ] },
										"down": { "texture": "#bituminous", "uv": [ 0.0, 0.0, 2.25, 1.35 ] }
									},
									"children": [
										{
											"name": "head",
											"from": [ -0.765, -0.135, -0.18 ], 
											"to": [ 0.855, 1.215, 1.53 ], 
											"rotationOrigin": [ -0.135, 0.495, 0.72 ],
											"rotationZ": 10.1,
											"faces": {
												"north": { "texture": "#acacia", "uv": [ 0.0, 0.0, 7.5, 7.85 ], "autoUv": false },
												"east": { "texture": "#acacia", "uv": [ 0.0, 0.0, 7.75, 7.75 ], "autoUv": false },
												"south": { "texture": "#acacia", "uv": [ 0.0, 0.0, 7.5, 7.75 ], "autoUv": false },
												"west": { "texture": "#acacia", "uv": [ 0.5, 0.5, 7.75, 8.0 ], "autoUv": false },
												"up": { "texture": "#acacia", "uv": [ 0.0, 0.0, 7.75, 7.75 ], "autoUv": false },
												"down": { "texture": "#acacia", "uv": [ 0.0, 0.0, 7.75, 7.75 ], "autoUv": false }
											},
											"children": [
												{
													"name": "head2",
													"from": [ 0.18, 0.09, 0.09 ], 
													"to": [ 1.44, 1.125, 1.62 ], 
													"rotationOrigin": [ 0.855, 0.585, 0.81 ],
													"rotationZ": 20.0,
													"faces": {
														"north": { "texture": "#bituminous", "uv": [ 0.0, 0.0, 1.125, 0.9 ] },
														"east": { "texture": "#bituminous", "uv": [ 0.0, 0.0, 1.35, 0.9 ] },
														"south": { "texture": "#bituminous", "uv": [ 0.0, 0.0, 1.125, 0.9 ] },
														"west": { "texture": "#bituminous", "uv": [ 0.0, 0.0, 1.35, 0.9 ] },
														"up": { "texture": "#bituminous", "uv": [ 0.0, 0.0, 1.125, 1.35 ] },
														"down": { "texture": "#bituminous", "uv": [ 0.0, 0.0, 1.125, 1.35 ] }
													}
												},
												{
													"name": "crest1",
													"from": [ -0.09, 0.99, 0.675 ], 
													"to": [ 0.045, 1.89, 1.035 ], 
													"rotationOrigin": [ 0.0, 1.08, 0.855 ],
													"rotationZ": 39.0,
													"faces": {
														"north": { "texture": "#bituminous", "uv": [ 0.0, 0.0, 0.225, 0.9 ] },
														"east": { "texture": "#bituminous", "uv": [ 0.0, 0.0, 0.225, 0.9 ] },
														"south": { "texture": "#bituminous", "uv": [ 0.0, 0.0, 0.225, 0.9 ] },
														"west": { "texture": "#bituminous", "uv": [ 0.0, 0.0, 0.225, 0.9 ] },
														"up": { "texture": "#bituminous", "uv": [ 0.0, 0.0, 0.225, 0.225 ] },
														"down": { "texture": "#bituminous", "uv": [ 0.0, 0.0, 0.225, 0.225 ] }
													},
													"children": [
														{
															"name": "crest1-1",
															"from": [ 0.0, 0.81, 0.045 ], 
															"to": [ 0.108, 1.8, 0.315 ], 
															"rotationOrigin": [ 0.045, 0.81, 0.225 ],
															"rotationZ": -50.0,
															"faces": {
																"north": { "texture": "#bituminous", "uv": [ 0.0, 0.0, 0.225, 0.9 ] },
																"east": { "texture": "#bituminous", "uv": [ 0.0, 0.0, 0.225, 0.9 ] },
																"south": { "texture": "#bituminous", "uv": [ 0.0, 0.0, 0.225, 0.9 ] },
																"west": { "texture": "#bituminous", "uv": [ 0.0, 0.0, 0.225, 0.9 ] },
																"up": { "texture": "#bituminous", "uv": [ 0.0, 0.0, 0.225, 0.225 ] },
																"down": { "texture": "#bituminous", "uv": [ 0.0, 0.0, 0.225, 0.225 ] }
															}
														}
													]
												},
												{
													"name": "crest2",
													"from": [ 0.09, 1.125, 0.675 ], 
													"to": [ 0.225, 2.025, 1.035 ], 
													"rotationOrigin": [ 0.18, 1.215, 0.855 ],
													"rotationZ": -5.0,
													"faces": {
														"north": { "texture": "#bituminous", "uv": [ 0.0, 0.0, 0.225, 0.9 ] },
														"east": { "texture": "#bituminous", "uv": [ 0.0, 0.0, 0.225, 0.9 ] },
														"south": { "texture": "#bituminous", "uv": [ 0.0, 0.0, 0.225, 0.9 ] },
														"west": { "texture": "#bituminous", "uv": [ 0.0, 0.0, 0.225, 0.9 ] },
														"up": { "texture": "#bituminous", "uv": [ 0.0, 0.0, 0.225, 0.225 ] },
														"down": { "texture": "#bituminous", "uv": [ 0.0, 0.0, 0.225, 0.225 ] }
													},
													"children": [
														{
															"name": "crest2-2",
															"from": [ 0.0, 0.81, 0.045 ], 
															"to": [ 0.108, 1.8, 0.315 ], 
															"rotationOrigin": [ 0.045, 0.81, 0.225 ],
															"rotationZ": -35.0,
															"faces": {
																"north": { "texture": "#bituminous", "uv": [ 0.0, 0.0, 0.225, 0.9 ] },
																"east": { "texture": "#bituminous", "uv": [ 0.0, 0.0, 0.225, 0.9 ] },
																"south": { "texture": "#bituminous", "uv": [ 0.0, 0.0, 0.225, 0.9 ] },
																"west": { "texture": "#bituminous", "uv": [ 0.0, 0.0, 0.225, 0.9 ] },
																"up": { "texture": "#bituminous", "uv": [ 0.0, 0.0, 0.225, 0.225 ] },
																"down": { "texture": "#bituminous", "uv": [ 0.0, 0.0, 0.225, 0.225 ] }
															}
														}
													]
												},
												{
													"name": "crest3",
													"from": [ 0.405, 1.08, 0.675 ], 
													"to": [ 0.54, 1.98, 1.035 ], 
													"rotationOrigin": [ 0.495, 1.17, 0.855 ],
													"rotationZ": -19.0,
													"faces": {
														"north": { "texture": "#bituminous", "uv": [ 0.0, 0.0, 0.225, 0.9 ] },
														"east": { "texture": "#bituminous", "uv": [ 0.0, 0.0, 0.225, 0.9 ] },
														"south": { "texture": "#bituminous", "uv": [ 0.0, 0.0, 0.225, 0.9 ] },
														"west": { "texture": "#bituminous", "uv": [ 0.0, 0.0, 0.225, 0.9 ] },
														"up": { "texture": "#bituminous", "uv": [ 0.0, 0.0, 0.225, 0.225 ] },
														"down": { "texture": "#bituminous", "uv": [ 0.0, 0.0, 0.225, 0.225 ] }
													},
													"children": [
														{
															"name": "crest3-3",
															"from": [ 0.0, 0.81, 0.045 ], 
															"to": [ 0.108, 1.8, 0.315 ], 
															"rotationOrigin": [ 0.045, 0.81, 0.225 ],
															"rotationZ": -33.0,
															"faces": {
																"north": { "texture": "#bituminous", "uv": [ 0.0, 0.0, 0.225, 0.9 ] },
																"east": { "texture": "#bituminous", "uv": [ 0.0, 0.0, 0.225, 0.9 ] },
																"south": { "texture": "#bituminous", "uv": [ 0.0, 0.0, 0.225, 0.9 ] },
																"west": { "texture": "#bituminous", "uv": [ 0.0, 0.0, 0.225, 0.9 ] },
																"up": { "texture": "#bituminous", "uv": [ 0.0, 0.0, 0.225, 0.225 ] },
																"down": { "texture": "#bituminous", "uv": [ 0.0, 0.0, 0.225, 0.225 ] }
															}
														}
													]
												},
												{
													"name": "crest4",
													"from": [ 0.765, 1.08, 0.675 ], 
													"to": [ 0.9, 1.98, 1.035 ], 
													"rotationOrigin": [ 0.855, 1.17, 0.855 ],
													"rotationZ": -34.0,
													"faces": {
														"north": { "texture": "#bituminous", "uv": [ 0.0, 0.0, 0.225, 0.9 ] },
														"east": { "texture": "#bituminous", "uv": [ 0.0, 0.0, 0.225, 0.9 ] },
														"south": { "texture": "#bituminous", "uv": [ 0.0, 0.0, 0.225, 0.9 ] },
														"west": { "texture": "#bituminous", "uv": [ 0.0, 0.0, 0.225, 0.9 ] },
														"up": { "texture": "#bituminous", "uv": [ 0.0, 0.0, 0.225, 0.225 ] },
														"down": { "texture": "#bituminous", "uv": [ 0.0, 0.0, 0.225, 0.225 ] }
													},
													"children": [
														{
															"name": "crest4-4",
															"from": [ 0.0, 0.81, 0.045 ], 
															"to": [ 0.108, 1.8, 0.315 ], 
															"rotationOrigin": [ 0.045, 0.81, 0.225 ],
															"rotationZ": -36.0,
															"faces": {
																"north": { "texture": "#bituminous", "uv": [ 0.0, 0.0, 0.225, 0.9 ] },
																"east": { "texture": "#bituminous", "uv": [ 0.0, 0.0, 0.225, 0.9 ] },
																"south": { "texture": "#bituminous", "uv": [ 0.0, 0.0, 0.225, 0.9 ] },
																"west": { "texture": "#bituminous", "uv": [ 0.0, 0.0, 0.225, 0.9 ] },
																"up": { "texture": "#bituminous", "uv": [ 0.0, 0.0, 0.225, 0.225 ] },
																"down": { "texture": "#bituminous", "uv": [ 0.0, 0.0, 0.225, 0.225 ] }
															}
														}
													]
												},
												{
													"name": "eye1",
													"from": [ 0.09, 0.09, 1.71 ], 
													"to": [ 1.26, 1.125, 1.89 ], 
													"rotationOrigin": [ 0.675, 0.585, 1.71 ],
													"rotationZ": 10.0,
													"faces": {
														"north": { "texture": "#bituminous", "uv": [ 0.0, 0.0, 1.125, 0.9 ] },
														"east": { "texture": "#bituminous", "uv": [ 0.0, 0.0, 0.225, 0.9 ] },
														"south": { "texture": "#bituminous", "uv": [ 0.0, 0.0, 1.125, 0.9 ] },
														"west": { "texture": "#bituminous", "uv": [ 0.0, 0.0, 0.225, 0.9 ] },
														"up": { "texture": "#bituminous", "uv": [ 0.0, 0.0, 1.125, 0.225 ] },
														"down": { "texture": "#bituminous", "uv": [ 0.0, 0.0, 1.125, 0.225 ] }
													},
													"children": [
														{
															"name": "pupil1-1",
															"from": [ 0.045, 0.09, 0.09 ], 
															"to": [ 1.08, 0.99, 0.27 ], 
															"rotationOrigin": [ 0.54, 0.54, 0.18 ],
															"faces": {
																"north": { "texture": "#cheddarjack", "uv": [ 0.0, 0.0, 1.0, 0.75 ], "glow": 150 },
																"east": { "texture": "#cheddarjack", "uv": [ 0.0, 0.0, 0.25, 0.75 ], "glow": 150 },
																"south": { "texture": "#cheddarjack", "uv": [ 3.5, 4.0, 4.5, 4.75 ], "glow": 150 },
																"west": { "texture": "#cheddarjack", "uv": [ 0.0, 0.0, 0.25, 0.75 ], "glow": 150 },
																"up": { "texture": "#cheddarjack", "uv": [ 0.5, 0.0, 1.5, 0.25 ], "glow": 150 },
																"down": { "texture": "#cheddarjack", "uv": [ 0.0, 0.0, 1.0, 0.25 ], "glow": 150 }
															}
														}
													]
												},
												{
													"name": "eye2",
													"from": [ 0.09, 0.09, -0.18 ], 
													"to": [ 1.26, 1.125, 0.0 ], 
													"rotationOrigin": [ 0.675, 0.585, -0.18 ],
													"rotationZ": 10.0,
													"faces": {
														"north": { "texture": "#bituminous", "uv": [ 0.0, 0.0, 1.125, 0.9 ] },
														"east": { "texture": "#bituminous", "uv": [ 0.0, 0.0, 0.225, 0.9 ] },
														"south": { "texture": "#bituminous", "uv": [ 0.0, 0.0, 1.125, 0.9 ] },
														"west": { "texture": "#bituminous", "uv": [ 0.0, 0.0, 0.225, 0.9 ] },
														"up": { "texture": "#bituminous", "uv": [ 0.0, 0.0, 1.125, 0.225 ] },
														"down": { "texture": "#bituminous", "uv": [ 0.0, 0.0, 1.125, 0.225 ] }
													},
													"children": [
														{
															"name": "pupil2-2",
															"from": [ 0.045, 0.09, -0.09 ], 
															"to": [ 1.08, 0.99, 0.09 ], 
															"rotationOrigin": [ 0.54, 0.54, 0.0 ],
															"faces": {
																"north": { "texture": "#cheddarjack", "uv": [ 3.0, 9.0, 4.0, 9.75 ], "glow": 150 },
																"east": { "texture": "#cheddarjack", "uv": [ 4.5, 9.5, 4.75, 10.25 ], "glow": 150 },
																"south": { "texture": "#cheddarjack", "uv": [ 5.0, 9.0, 6.0, 9.75 ], "glow": 150 },
																"west": { "texture": "#cheddarjack", "uv": [ 5.5, 9.5, 5.75, 10.25 ], "glow": 150 },
																"up": { "texture": "#cheddarjack", "uv": [ 4.5, 7.5, 5.5, 7.75 ], "glow": 150 },
																"down": { "texture": "#cheddarjack", "uv": [ 5.5, 7.5, 6.5, 7.75 ], "glow": 150 }
															}
														}
													]
												},
												{
													"name": "nose1",
													"from": [ -0.045, 1.05, 0.27 ], 
													"to": [ 0.0, 1.14, 0.63 ], 
													"rotationOrigin": [ -0.045, 1.095, 0.45 ],
													"rotationX": 11.0,
													"faces": {
														"north": { "texture": "#bituminous", "uv": [ 0.0, 0.0, 0.15, 0.15 ] },
														"east": { "texture": "#bituminous", "uv": [ 0.0, 0.0, 0.3, 0.15 ] },
														"south": { "texture": "#bituminous", "uv": [ 0.0, 0.0, 0.15, 0.15 ] },
														"west": { "texture": "#bituminous", "uv": [ 0.0, 0.0, 0.3, 0.15 ] },
														"up": { "texture": "#bituminous", "uv": [ 0.0, 0.0, 0.15, 0.3 ] },
														"down": { "texture": "#bituminous", "uv": [ 0.0, 0.0, 0.15, 0.3 ] }
													}
												},
												{
													"name": "nose2",
													"from": [ -0.045, 1.185, 0.27 ], 
													"to": [ 0.0, 1.275, 0.63 ], 
													"rotationOrigin": [ -0.045, 1.23, 0.45 ],
													"rotationX": -4.0,
													"faces": {
														"north": { "texture": "#bituminous", "uv": [ 0.0, 0.0, 0.15, 0.15 ] },
														"east": { "texture": "#bituminous", "uv": [ 0.0, 0.0, 0.3, 0.15 ] },
														"south": { "texture": "#bituminous", "uv": [ 0.0, 0.0, 0.15, 0.15 ] },
														"west": { "texture": "#bituminous", "uv": [ 0.0, 0.0, 0.3, 0.15 ] },
														"up": { "texture": "#bituminous", "uv": [ 0.0, 0.0, 0.15, 0.3 ] },
														"down": { "texture": "#bituminous", "uv": [ 0.0, 0.0, 0.15, 0.3 ] }
													}
												},
												{
													"name": "nose3",
													"from": [ -0.045, 1.02, 1.08 ], 
													"to": [ 0.0, 1.11, 1.44 ], 
													"rotationOrigin": [ -0.045, 1.065, 1.26 ],
													"rotationX": -10.0,
													"faces": {
														"north": { "texture": "#bituminous", "uv": [ 0.0, 0.0, 0.15, 0.15 ] },
														"east": { "texture": "#bituminous", "uv": [ 0.0, 0.0, 0.3, 0.15 ] },
														"south": { "texture": "#bituminous", "uv": [ 0.0, 0.0, 0.15, 0.15 ] },
														"west": { "texture": "#bituminous", "uv": [ 0.0, 0.0, 0.3, 0.15 ] },
														"up": { "texture": "#bituminous", "uv": [ 0.0, 0.0, 0.15, 0.3 ] },
														"down": { "texture": "#bituminous", "uv": [ 0.0, 0.0, 0.15, 0.3 ] }
													}
												},
												{
													"name": "nose4",
													"from": [ -0.045, 1.155, 1.08 ], 
													"to": [ 0.0, 1.245, 1.44 ], 
													"rotationOrigin": [ -0.045, 1.2, 1.26 ],
													"rotationX": 4.0,
													"faces": {
														"north": { "texture": "#bituminous", "uv": [ 0.0, 0.0, 0.15, 0.15 ] },
														"east": { "texture": "#bituminous", "uv": [ 0.0, 0.0, 0.3, 0.15 ] },
														"south": { "texture": "#bituminous", "uv": [ 0.0, 0.0, 0.15, 0.15 ] },
														"west": { "texture": "#bituminous", "uv": [ 0.0, 0.0, 0.3, 0.15 ] },
														"up": { "texture": "#bituminous", "uv": [ 0.0, 0.0, 0.15, 0.3 ] },
														"down": { "texture": "#bituminous", "uv": [ 0.0, 0.0, 0.15, 0.3 ] }
													}
												},
												{
													"name": "crest5",
													"from": [ 1.275, 1.08, 0.675 ], 
													"to": [ 1.41, 1.98, 1.035 ], 
													"rotationOrigin": [ 1.365, 1.17, 0.855 ],
													"rotationZ": -46.0,
													"faces": {
														"north": { "texture": "#bituminous", "uv": [ 0.0, 0.0, 0.15, 0.9 ] },
														"east": { "texture": "#bituminous", "uv": [ 0.0, 0.0, 0.3, 0.9 ] },
														"south": { "texture": "#bituminous", "uv": [ 0.0, 0.0, 0.15, 0.9 ] },
														"west": { "texture": "#bituminous", "uv": [ 0.0, 0.0, 0.3, 0.9 ] },
														"up": { "texture": "#bituminous", "uv": [ 0.0, 0.0, 0.15, 0.3 ] },
														"down": { "texture": "#bituminous", "uv": [ 0.0, 0.0, 0.15, 0.3 ] }
													},
													"children": [
														{
															"name": "crest5-5",
															"from": [ 0.0, 0.81, 0.045 ], 
															"to": [ 0.108, 1.8, 0.315 ], 
															"rotationOrigin": [ 0.045, 0.81, 0.225 ],
															"rotationZ": -36.0,
															"faces": {
																"north": { "texture": "#bituminous", "uv": [ 0.0, 0.0, 0.15, 0.9 ] },
																"east": { "texture": "#bituminous", "uv": [ 0.0, 0.0, 0.15, 0.9 ] },
																"south": { "texture": "#bituminous", "uv": [ 0.0, 0.0, 0.15, 0.9 ] },
																"west": { "texture": "#bituminous", "uv": [ 0.0, 0.0, 0.15, 0.9 ] },
																"up": { "texture": "#bituminous", "uv": [ 0.0, 0.0, 0.15, 0.15 ] },
																"down": { "texture": "#bituminous", "uv": [ 0.0, 0.0, 0.15, 0.15 ] }
															}
														}
													]
												}
											]
										}
									]
								},
								{
									"name": "hand1",
									"from": [ -0.945, 0.99, 1.8 ], 
									"to": [ 1.215, 1.575, 2.25 ], 
									"rotationOrigin": [ 0.135, 1.26, 2.025 ],
									"rotationZ": 38.0,
									"faces": {
										"north": { "texture": "#acacia", "uv": [ 0.0, 0.0, 7.525, 7.7 ], "autoUv": false },
										"east": { "texture": "#acacia", "uv": [ 0.0, 0.0, 7.5, 7.75 ], "autoUv": false },
										"south": { "texture": "#acacia", "uv": [ 0.0, 0.0, 7.75, 7.75 ], "autoUv": false },
										"west": { "texture": "#acacia", "uv": [ 0.0, 0.0, 7.75, 7.5 ], "autoUv": false },
										"up": { "texture": "#acacia", "uv": [ 0.0, 0.0, 7.75, 7.75 ], "autoUv": false },
										"down": { "texture": "#acacia", "uv": [ 0.0, 0.0, 7.5, 7.75 ], "autoUv": false }
									},
									"children": [
										{
											"name": "hand1-1",
											"from": [ -1.575, 0.18, 0.09 ], 
											"to": [ 0.315, 0.45, 0.36 ], 
											"rotationOrigin": [ 0.09, 0.315, 0.225 ],
											"rotationZ": 36.0,
											"faces": {
												"north": { "texture": "#acacia", "uv": [ 0.0, 0.0, 7.8, 7.725 ], "autoUv": false },
												"east": { "texture": "#acacia", "uv": [ 0.0, 0.0, 7.75, 7.75 ], "autoUv": false },
												"south": { "texture": "#acacia", "uv": [ 0.0, 0.0, 7.5, 7.5 ], "autoUv": false },
												"west": { "texture": "#acacia", "uv": [ 0.0, 0.0, 7.75, 7.5 ], "autoUv": false },
												"up": { "texture": "#acacia", "uv": [ 0.0, 0.0, 7.75, 7.5 ], "autoUv": false },
												"down": { "texture": "#acacia", "uv": [ 0.0, 0.0, 7.75, 7.5 ], "autoUv": false }
											},
											"children": [
												{
													"name": "hand1-2",
													"from": [ -0.54, 0.09, 0.135 ], 
													"to": [ 0.27, 0.225, 0.225 ], 
													"rotationOrigin": [ 0.135, 0.135, 0.18 ],
													"rotationY": 7.0,
													"rotationZ": 9.0,
													"faces": {
														"north": { "texture": "#bituminous", "uv": [ 0.0, 0.0, 0.675, 0.225 ] },
														"east": { "texture": "#bituminous", "uv": [ 0.0, 0.0, 0.225, 0.225 ] },
														"south": { "texture": "#bituminous", "uv": [ 0.0, 0.0, 0.675, 0.225 ] },
														"west": { "texture": "#bituminous", "uv": [ 0.0, 0.0, 0.225, 0.225 ] },
														"up": { "texture": "#bituminous", "uv": [ 0.0, 0.0, 0.675, 0.225 ] },
														"down": { "texture": "#bituminous", "uv": [ 0.0, 0.0, 0.675, 0.225 ] }
													}
												},
												{
													"name": "hand1-3",
													"from": [ -0.54, 0.09, 0.045 ], 
													"to": [ 0.27, 0.225, 0.135 ], 
													"rotationOrigin": [ 0.135, 0.135, 0.09 ],
													"rotationY": -6.0,
													"rotationZ": 8.0,
													"faces": {
														"north": { "texture": "#bituminous", "uv": [ 0.0, 0.0, 0.675, 0.225 ] },
														"east": { "texture": "#bituminous", "uv": [ 0.0, 0.0, 0.225, 0.225 ] },
														"south": { "texture": "#bituminous", "uv": [ 0.0, 0.0, 0.675, 0.225 ] },
														"west": { "texture": "#bituminous", "uv": [ 0.0, 0.0, 0.225, 0.225 ] },
														"up": { "texture": "#bituminous", "uv": [ 0.0, 0.0, 0.675, 0.225 ] },
														"down": { "texture": "#bituminous", "uv": [ 0.0, 0.0, 0.675, 0.225 ] }
													}
												}
											]
										}
									]
								},
								{
									"name": "hand2",
									"from": [ -0.945, 0.99, -0.45 ], 
									"to": [ 1.215, 1.575, 0.0 ], 
									"rotationOrigin": [ 0.135, 1.26, -0.225 ],
									"rotationZ": 38.0,
									"faces": {
										"north": { "texture": "#acacia", "uv": [ 0.0, 0.0, 7.525, 7.45 ], "autoUv": false },
										"east": { "texture": "#acacia", "uv": [ 0.0, 0.0, 7.75, 7.75 ], "autoUv": false },
										"south": { "texture": "#acacia", "uv": [ 0.0, 0.0, 7.75, 7.75 ], "autoUv": false },
										"west": { "texture": "#acacia", "uv": [ 0.0, 0.0, 7.75, 7.75 ], "autoUv": false },
										"up": { "texture": "#acacia", "uv": [ 0.0, 0.0, 7.75, 7.75 ], "autoUv": false },
										"down": { "texture": "#acacia", "uv": [ 0.0, 0.0, 7.75, 7.75 ], "autoUv": false }
									},
									"children": [
										{
											"name": "hand2-1",
											"from": [ -1.575, 0.18, 0.09 ], 
											"to": [ 0.315, 0.45, 0.36 ], 
											"rotationOrigin": [ 0.09, 0.315, 0.225 ],
											"rotationZ": 36.0,
											"faces": {
												"north": { "texture": "#acacia", "uv": [ 0.0, 0.0, 7.8, 7.725 ], "autoUv": false },
												"east": { "texture": "#acacia", "uv": [ 0.0, 0.0, 7.25, 7.5 ], "autoUv": false },
												"south": { "texture": "#acacia", "uv": [ 0.0, 0.0, 7.5, 7.5 ], "autoUv": false },
												"west": { "texture": "#acacia", "uv": [ 0.0, 0.0, 7.75, 7.75 ], "autoUv": false },
												"up": { "texture": "#acacia", "uv": [ 0.0, 0.0, 7.75, 7.75 ], "autoUv": false },
												"down": { "texture": "#acacia", "uv": [ 0.0, 0.0, 7.75, 7.5 ], "autoUv": false }
											},
											"children": [
												{
													"name": "hand2-2",
													"from": [ -0.54, 0.09, 0.135 ], 
													"to": [ 0.27, 0.225, 0.225 ], 
													"rotationOrigin": [ 0.135, 0.135, 0.18 ],
													"rotationY": 7.0,
													"rotationZ": 9.0,
													"faces": {
														"north": { "texture": "#bituminous", "uv": [ 0.0, 0.0, 0.675, 0.225 ] },
														"east": { "texture": "#bituminous", "uv": [ 0.0, 0.0, 0.225, 0.225 ] },
														"south": { "texture": "#bituminous", "uv": [ 0.0, 0.0, 0.675, 0.225 ] },
														"west": { "texture": "#bituminous", "uv": [ 0.0, 0.0, 0.225, 0.225 ] },
														"up": { "texture": "#bituminous", "uv": [ 0.0, 0.0, 0.675, 0.225 ] },
														"down": { "texture": "#bituminous", "uv": [ 0.0, 0.0, 0.675, 0.225 ] }
													}
												},
												{
													"name": "hand2-3",
													"from": [ -0.54, 0.09, 0.045 ], 
													"to": [ 0.27, 0.225, 0.135 ], 
													"rotationOrigin": [ 0.135, 0.135, 0.09 ],
													"rotationY": -6.0,
													"rotationZ": 8.0,
													"faces": {
														"north": { "texture": "#bituminous", "uv": [ 0.0, 0.0, 0.675, 0.225 ] },
														"east": { "texture": "#bituminous", "uv": [ 0.0, 0.0, 0.225, 0.225 ] },
														"south": { "texture": "#bituminous", "uv": [ 0.0, 0.0, 0.675, 0.225 ] },
														"west": { "texture": "#bituminous", "uv": [ 0.0, 0.0, 0.225, 0.225 ] },
														"up": { "texture": "#bituminous", "uv": [ 0.0, 0.0, 0.675, 0.225 ] },
														"down": { "texture": "#bituminous", "uv": [ 0.0, 0.0, 0.675, 0.225 ] }
													}
												}
											]
										}
									]
								}
							]
						},
						{
							"name": "leg1",
							"from": [ 0.675, 0.225, 1.53 ], 
							"to": [ 3.15, 1.44, 2.43 ], 
							"rotationOrigin": [ 1.98, 0.81, 2.025 ],
							"rotationY": 13.0,
							"rotationZ": 30.0,
							"faces": {
								"north": { "texture": "#acacia", "uv": [ 0.0, 0.0, 7.25, 7.75 ], "autoUv": false },
								"east": { "texture": "#acacia", "uv": [ 0.0, 0.0, 7.5, 7.75 ], "autoUv": false },
								"south": { "texture": "#acacia", "uv": [ 0.0, 0.0, 7.5, 7.75 ], "autoUv": false },
								"west": { "texture": "#acacia", "uv": [ 0.0, 0.0, 7.5, 7.5 ], "autoUv": false },
								"up": { "texture": "#acacia", "uv": [ 0.0, 0.0, 7.5, 7.5 ], "autoUv": false },
								"down": { "texture": "#acacia", "uv": [ 0.0, 0.0, 7.75, 7.75 ], "autoUv": false }
							},
							"children": [
								{
									"name": "leg1-1",
									"from": [ -1.845, 0.405, 0.135 ], 
									"to": [ 0.63, 1.125, 0.81 ], 
									"rotationOrigin": [ 0.405, 0.72, 0.45 ],
									"rotationZ": 80.0,
									"faces": {
										"north": { "texture": "#acacia", "uv": [ 0.0, 0.0, 7.475, 7.675 ], "autoUv": false },
										"east": { "texture": "#acacia", "uv": [ 0.0, 0.0, 7.75, 8.0 ], "autoUv": false },
										"south": { "texture": "#acacia", "uv": [ 0.0, 0.0, 7.5, 7.5 ], "autoUv": false },
										"west": { "texture": "#acacia", "uv": [ 0.0, 0.0, 7.5, 7.5 ], "autoUv": false },
										"up": { "texture": "#acacia", "uv": [ 0.0, 0.0, 7.75, 7.5 ], "autoUv": false },
										"down": { "texture": "#acacia", "uv": [ 0.0, 0.0, 7.75, 7.5 ], "autoUv": false }
									},
									"children": [
										{
											"name": "leg1-2",
											"from": [ -1.755, 0.54, 0.135 ], 
											"to": [ 0.81, 1.08, 0.54 ], 
											"rotationOrigin": [ 0.045, 0.765, 0.36 ],
											"rotationZ": -70.0,
											"faces": {
												"north": { "texture": "#acacia", "uv": [ 0.0, 0.0, 7.475, 7.7 ], "autoUv": false },
												"east": { "texture": "#acacia", "uv": [ 0.0, 0.0, 7.5, 7.75 ], "autoUv": false },
												"south": { "texture": "#acacia", "uv": [ 0.0, 0.0, 7.75, 7.75 ], "autoUv": false },
												"west": { "texture": "#acacia", "uv": [ 0.0, 0.0, 7.5, 7.75 ], "autoUv": false },
												"up": { "texture": "#acacia", "uv": [ 0.0, 0.0, 7.75, 7.5 ], "autoUv": false },
												"down": { "texture": "#acacia", "uv": [ 0.0, 0.0, 7.75, 7.75 ], "autoUv": false }
											},
											"children": [
												{
													"name": "leg1-3",
													"from": [ -0.855, 0.225, -0.09 ], 
													"to": [ 0.36, 0.675, 0.495 ], 
													"rotationOrigin": [ -0.225, 0.405, 0.18 ],
													"rotationZ": -38.0,
													"faces": {
														"north": { "texture": "#bituminous", "uv": [ 0.0, 0.0, 1.125, 0.45 ] },
														"east": { "texture": "#bituminous", "uv": [ 0.0, 0.0, 0.45, 0.45 ] },
														"south": { "texture": "#bituminous", "uv": [ 0.0, 0.0, 1.125, 0.45 ] },
														"west": { "texture": "#bituminous", "uv": [ 0.0, 0.0, 0.45, 0.45 ] },
														"up": { "texture": "#bituminous", "uv": [ 0.0, 0.0, 1.125, 0.45 ] },
														"down": { "texture": "#bituminous", "uv": [ 0.0, 0.0, 1.125, 0.45 ] }
													},
													"children": [
														{
															"name": "leg1-4",
															"from": [ -0.63, 0.0, -0.045 ], 
															"to": [ 0.27, 0.405, 0.63 ], 
															"rotationOrigin": [ 0.09, 0.18, 0.315 ],
															"rotationZ": -11.4,
															"faces": {
																"north": { "texture": "#bituminous", "uv": [ 0.0, 0.0, 0.9, 0.225 ] },
																"east": { "texture": "#bituminous", "uv": [ 0.0, 0.0, 0.675, 0.225 ] },
																"south": { "texture": "#bituminous", "uv": [ 0.0, 0.0, 0.9, 0.225 ] },
																"west": { "texture": "#bituminous", "uv": [ 0.0, 0.0, 0.675, 0.225 ] },
																"up": { "texture": "#bituminous", "uv": [ 0.0, 0.0, 0.9, 0.675 ] },
																"down": { "texture": "#bituminous", "uv": [ 0.0, 0.0, 0.9, 0.675 ] }
															},
															"children": [
																{
																	"name": "clow1",
																	"from": [ 0.09, 0.225, 0.09 ], 
																	"to": [ 0.18, 0.675, 0.18 ], 
																	"rotationOrigin": [ 0.135, 0.36, 0.09 ],
																	"rotationX": -7.0,
																	"rotationZ": 18.0,
																	"faces": {
																		"north": { "texture": "#bituminous", "uv": [ 0.0, 0.0, 0.225, 0.45 ] },
																		"east": { "texture": "#bituminous", "uv": [ 0.0, 0.0, 0.225, 0.45 ] },
																		"south": { "texture": "#bituminous", "uv": [ 0.0, 0.0, 0.225, 0.45 ] },
																		"west": { "texture": "#bituminous", "uv": [ 0.0, 0.0, 0.225, 0.45 ] },
																		"up": { "texture": "#bituminous", "uv": [ 0.0, 0.0, 0.225, 0.225 ] },
																		"down": { "texture": "#bituminous", "uv": [ 0.0, 0.0, 0.225, 0.225 ] }
																	}
																},
																{
																	"name": "clow2",
																	"from": [ 0.09, 0.225, 0.315 ], 
																	"to": [ 0.18, 0.675, 0.405 ], 
																	"rotationOrigin": [ 0.135, 0.36, 0.315 ],
																	"rotationX": -3.0,
																	"rotationZ": 33.0,
																	"faces": {
																		"north": { "texture": "#bituminous", "uv": [ 0.0, 0.0, 0.225, 0.45 ] },
																		"east": { "texture": "#bituminous", "uv": [ 0.0, 0.0, 0.225, 0.45 ] },
																		"south": { "texture": "#bituminous", "uv": [ 0.0, 0.0, 0.225, 0.45 ] },
																		"west": { "texture": "#bituminous", "uv": [ 0.0, 0.0, 0.225, 0.45 ] },
																		"up": { "texture": "#bituminous", "uv": [ 0.0, 0.0, 0.225, 0.225 ] },
																		"down": { "texture": "#bituminous", "uv": [ 0.0, 0.0, 0.225, 0.225 ] }
																	}
																},
																{
																	"name": "clow3",
																	"from": [ 0.09, 0.225, 0.495 ], 
																	"to": [ 0.18, 0.675, 0.585 ], 
																	"rotationOrigin": [ 0.135, 0.36, 0.495 ],
																	"rotationX": 14.0,
																	"rotationZ": 17.0,
																	"faces": {
																		"north": { "texture": "#bituminous", "uv": [ 0.0, 0.0, 0.225, 0.45 ] },
																		"east": { "texture": "#bituminous", "uv": [ 0.0, 0.0, 0.225, 0.45 ] },
																		"south": { "texture": "#bituminous", "uv": [ 0.0, 0.0, 0.225, 0.45 ] },
																		"west": { "texture": "#bituminous", "uv": [ 0.0, 0.0, 0.225, 0.45 ] },
																		"up": { "texture": "#bituminous", "uv": [ 0.0, 0.0, 0.225, 0.225 ] },
																		"down": { "texture": "#bituminous", "uv": [ 0.0, 0.0, 0.225, 0.225 ] }
																	}
																}
															]
														}
													]
												}
											]
										}
									]
								}
							]
						},
						{
							"name": "leg2",
							"from": [ 0.675, 0.225, -0.72 ], 
							"to": [ 3.15, 1.44, 0.18 ], 
							"rotationOrigin": [ 1.98, 0.81, -0.225 ],
							"rotationY": -13.0,
							"rotationZ": 30.0,
							"faces": {
								"north": { "texture": "#acacia", "uv": [ 0.0, 0.0, 7.725, 7.625 ], "autoUv": false },
								"east": { "texture": "#acacia", "uv": [ 0.0, 0.0, 7.5, 7.5 ], "autoUv": false },
								"south": { "texture": "#acacia", "uv": [ 0.0, 0.0, 7.75, 7.5 ], "autoUv": false },
								"west": { "texture": "#acacia", "uv": [ 0.0, 0.0, 7.75, 7.5 ], "autoUv": false },
								"up": { "texture": "#acacia", "uv": [ 0.0, 0.0, 7.5, 7.75 ], "autoUv": false },
								"down": { "texture": "#acacia", "uv": [ 0.0, 0.0, 7.75, 7.75 ], "autoUv": false }
							},
							"children": [
								{
									"name": "leg2-2",
									"from": [ -1.845, 0.405, 0.135 ], 
									"to": [ 0.63, 1.125, 0.81 ], 
									"rotationOrigin": [ 0.405, 0.72, 0.45 ],
									"rotationZ": 80.0,
									"faces": {
										"north": { "texture": "#acacia", "uv": [ 0.0, 0.0, 7.725, 7.675 ], "autoUv": false },
										"east": { "texture": "#acacia", "uv": [ 0.0, 0.0, 8.0, 7.5 ], "autoUv": false },
										"south": { "texture": "#acacia", "uv": [ 0.0, 0.0, 7.75, 7.75 ], "autoUv": false },
										"west": { "texture": "#acacia", "uv": [ 0.0, 0.0, 7.75, 7.5 ], "autoUv": false },
										"up": { "texture": "#acacia", "uv": [ 0.0, 0.0, 7.75, 7.75 ], "autoUv": false },
										"down": { "texture": "#acacia", "uv": [ 0.0, 0.0, 8.0, 7.75 ], "autoUv": false }
									},
									"children": [
										{
											"name": "leg2-3",
											"from": [ -1.755, 0.54, 0.135 ], 
											"to": [ 0.81, 1.08, 0.54 ], 
											"rotationOrigin": [ 0.045, 0.765, 0.36 ],
											"rotationZ": -70.0,
											"faces": {
												"north": { "texture": "#acacia", "uv": [ 0.0, 0.0, 7.725, 7.95 ], "autoUv": false },
												"east": { "texture": "#acacia", "uv": [ 0.0, 0.0, 7.5, 7.75 ], "autoUv": false },
												"south": { "texture": "#acacia", "uv": [ 0.0, 0.0, 7.5, 7.5 ], "autoUv": false },
												"west": { "texture": "#acacia", "uv": [ 0.0, 0.0, 7.75, 8.0 ], "autoUv": false },
												"up": { "texture": "#acacia", "uv": [ 0.0, 0.0, 7.5, 7.75 ], "autoUv": false },
												"down": { "texture": "#acacia", "uv": [ 0.0, 0.0, 7.5, 7.75 ], "autoUv": false }
											},
											"children": [
												{
													"name": "leg2-4",
													"from": [ -0.855, 0.225, -0.09 ], 
													"to": [ 0.36, 0.675, 0.495 ], 
													"rotationOrigin": [ -0.225, 0.405, 0.18 ],
													"rotationZ": -38.0,
													"faces": {
														"north": { "texture": "#bituminous", "uv": [ 0.0, 0.0, 1.125, 0.45 ] },
														"east": { "texture": "#bituminous", "uv": [ 0.0, 0.0, 0.45, 0.45 ] },
														"south": { "texture": "#bituminous", "uv": [ 0.0, 0.0, 1.125, 0.45 ] },
														"west": { "texture": "#bituminous", "uv": [ 0.0, 0.0, 0.45, 0.45 ] },
														"up": { "texture": "#bituminous", "uv": [ 0.0, 0.0, 1.125, 0.45 ] },
														"down": { "texture": "#bituminous", "uv": [ 0.0, 0.0, 1.125, 0.45 ] }
													},
													"children": [
														{
															"name": "leg2-5",
															"from": [ -0.63, 0.0, -0.045 ], 
															"to": [ 0.27, 0.405, 0.63 ], 
															"rotationOrigin": [ 0.09, 0.18, 0.315 ],
															"rotationZ": -11.4,
															"faces": {
																"north": { "texture": "#bituminous", "uv": [ 0.0, 0.0, 0.9, 0.225 ] },
																"east": { "texture": "#bituminous", "uv": [ 0.0, 0.0, 0.675, 0.225 ] },
																"south": { "texture": "#bituminous", "uv": [ 0.0, 0.0, 0.9, 0.225 ] },
																"west": { "texture": "#bituminous", "uv": [ 0.0, 0.0, 0.675, 0.225 ] },
																"up": { "texture": "#bituminous", "uv": [ 0.0, 0.0, 0.9, 0.675 ] },
																"down": { "texture": "#bituminous", "uv": [ 0.0, 0.0, 0.9, 0.675 ] }
															},
															"children": [
																{
																	"name": "clow4",
																	"from": [ 0.09, 0.225, 0.09 ], 
																	"to": [ 0.18, 0.675, 0.18 ], 
																	"rotationOrigin": [ 0.135, 0.36, 0.09 ],
																	"rotationX": -7.0,
																	"rotationZ": 18.0,
																	"faces": {
																		"north": { "texture": "#bituminous", "uv": [ 0.0, 0.0, 0.225, 0.45 ] },
																		"east": { "texture": "#bituminous", "uv": [ 0.0, 0.0, 0.225, 0.45 ] },
																		"south": { "texture": "#bituminous", "uv": [ 0.0, 0.0, 0.225, 0.45 ] },
																		"west": { "texture": "#bituminous", "uv": [ 0.0, 0.0, 0.225, 0.45 ] },
																		"up": { "texture": "#bituminous", "uv": [ 0.0, 0.0, 0.225, 0.225 ] },
																		"down": { "texture": "#bituminous", "uv": [ 0.0, 0.0, 0.225, 0.225 ] }
																	}
																},
																{
																	"name": "clow5",
																	"from": [ 0.09, 0.225, 0.315 ], 
																	"to": [ 0.18, 0.675, 0.405 ], 
																	"rotationOrigin": [ 0.135, 0.36, 0.315 ],
																	"rotationX": -3.0,
																	"rotationZ": 33.0,
																	"faces": {
																		"north": { "texture": "#bituminous", "uv": [ 0.0, 0.0, 0.225, 0.45 ] },
																		"east": { "texture": "#bituminous", "uv": [ 0.0, 0.0, 0.225, 0.45 ] },
																		"south": { "texture": "#bituminous", "uv": [ 0.0, 0.0, 0.225, 0.45 ] },
																		"west": { "texture": "#bituminous", "uv": [ 0.0, 0.0, 0.225, 0.45 ] },
																		"up": { "texture": "#bituminous", "uv": [ 0.0, 0.0, 0.225, 0.225 ] },
																		"down": { "texture": "#bituminous", "uv": [ 0.0, 0.0, 0.225, 0.225 ] }
																	}
																},
																{
																	"name": "clow6",
																	"from": [ 0.09, 0.225, 0.495 ], 
																	"to": [ 0.18, 0.675, 0.585 ], 
																	"rotationOrigin": [ 0.135, 0.36, 0.495 ],
																	"rotationX": 14.0,
																	"rotationZ": 17.0,
																	"faces": {
																		"north": { "texture": "#bituminous", "uv": [ 0.0, 0.0, 0.225, 0.45 ] },
																		"east": { "texture": "#bituminous", "uv": [ 0.0, 0.0, 0.225, 0.45 ] },
																		"south": { "texture": "#bituminous", "uv": [ 0.0, 0.0, 0.225, 0.45 ] },
																		"west": { "texture": "#bituminous", "uv": [ 0.0, 0.0, 0.225, 0.45 ] },
																		"up": { "texture": "#bituminous", "uv": [ 0.0, 0.0, 0.225, 0.225 ] },
																		"down": { "texture": "#bituminous", "uv": [ 0.0, 0.0, 0.225, 0.225 ] }
																	}
																}
															]
														}
													]
												}
											]
										}
									]
								}
							]
						},
						{
							"name": "ass",
							"from": [ 1.8, -0.045, -0.225 ], 
							"to": [ 3.42, 2.16, 2.025 ], 
							"rotationOrigin": [ 2.565, 1.035, 0.855 ],
							"faces": {
								"north": { "texture": "#bituminous", "uv": [ 0.0, 0.0, 1.5, 2.1 ] },
								"east": { "texture": "#bituminous", "uv": [ 0.0, 0.0, 2.25, 2.1 ] },
								"south": { "texture": "#bituminous", "uv": [ 0.0, 0.0, 1.5, 2.1 ] },
								"west": { "texture": "#bituminous", "uv": [ 0.0, 0.0, 2.25, 2.1 ] },
								"up": { "texture": "#bituminous", "uv": [ 0.0, 0.0, 1.5, 2.25 ] },
								"down": { "texture": "#bituminous", "uv": [ 0.0, 0.0, 1.5, 2.25 ] }
							},
							"children": [
								{
									"name": "schwanz",
									"from": [ 1.26, 0.135, 0.135 ], 
									"to": [ 2.16, 2.115, 2.115 ], 
									"rotationOrigin": [ 1.575, 1.125, 1.125 ],
									"rotationZ": -13.0,
									"faces": {
										"north": { "texture": "#bituminous", "uv": [ 0.0, 0.0, 0.9, 1.8 ] },
										"east": { "texture": "#bituminous", "uv": [ 0.0, 0.0, 1.8, 1.8 ] },
										"south": { "texture": "#bituminous", "uv": [ 0.0, 0.0, 0.9, 1.8 ] },
										"west": { "texture": "#bituminous", "uv": [ 0.0, 0.0, 1.8, 1.8 ] },
										"up": { "texture": "#bituminous", "uv": [ 0.0, 0.0, 0.9, 1.8 ] },
										"down": { "texture": "#bituminous", "uv": [ 0.0, 0.0, 0.9, 1.8 ] }
									},
									"children": [
										{
											"name": "sch1",
											"from": [ 0.63, 0.135, 0.135 ], 
											"to": [ 1.53, 1.845, 1.845 ], 
											"rotationOrigin": [ 0.855, 0.99, 0.99 ],
											"rotationZ": -13.0,
											"faces": {
												"north": { "texture": "#bituminous", "uv": [ 0.0, 0.0, 0.9, 1.575 ] },
												"east": { "texture": "#bituminous", "uv": [ 0.0, 0.0, 1.575, 1.575 ] },
												"south": { "texture": "#bituminous", "uv": [ 0.0, 0.0, 0.9, 1.575 ] },
												"west": { "texture": "#bituminous", "uv": [ 0.0, 0.0, 1.575, 1.575 ] },
												"up": { "texture": "#bituminous", "uv": [ 0.0, 0.0, 0.9, 1.575 ] },
												"down": { "texture": "#bituminous", "uv": [ 0.0, 0.0, 0.9, 1.575 ] }
											},
											"children": [
												{
													"name": "sch2",
													"from": [ 0.57, 0.09, 0.045 ], 
													"to": [ 1.47, 1.62, 1.62 ], 
													"rotationOrigin": [ 0.665, 0.765, 0.855 ],
													"rotationZ": -19.0,
													"faces": {
														"north": { "texture": "#bituminous", "uv": [ 0.0, 0.0, 0.5, 1.5 ] },
														"east": { "texture": "#bituminous", "uv": [ 0.0, 0.0, 1.5, 1.5 ] },
														"south": { "texture": "#bituminous", "uv": [ 0.0, 0.0, 0.5, 1.5 ] },
														"west": { "texture": "#bituminous", "uv": [ 0.0, 0.0, 1.5, 1.5 ] },
														"up": { "texture": "#bituminous", "uv": [ 0.0, 0.0, 0.5, 1.5 ] },
														"down": { "texture": "#bituminous", "uv": [ 0.0, 0.0, 0.5, 1.5 ] }
													},
													"children": [
														{
															"name": "sch3",
															"from": [ 0.63, 0.09, 0.09 ], 
															"to": [ 1.53, 1.44, 1.485 ], 
															"rotationOrigin": [ 0.81, 0.765, 0.765 ],
															"rotationZ": -21.0,
															"faces": {
																"north": { "texture": "#bituminous", "uv": [ 0.0, 0.0, 0.9, 1.35 ] },
																"east": { "texture": "#bituminous", "uv": [ 0.0, 0.0, 1.35, 1.35 ] },
																"south": { "texture": "#bituminous", "uv": [ 0.0, 0.0, 0.9, 1.35 ] },
																"west": { "texture": "#bituminous", "uv": [ 0.0, 0.0, 1.35, 1.35 ] },
																"up": { "texture": "#bituminous", "uv": [ 0.0, 0.0, 0.9, 1.35 ] },
																"down": { "texture": "#bituminous", "uv": [ 0.0, 0.0, 0.9, 1.35 ] }
															},
															"children": [
																{
																	"name": "sch4",
																	"from": [ 0.63, 0.09, 0.045 ], 
																	"to": [ 1.53, 1.305, 1.305 ], 
																	"rotationOrigin": [ 0.81, 0.72, 0.675 ],
																	"rotationZ": -23.0,
																	"faces": {
																		"north": { "texture": "#bituminous", "uv": [ 0.0, 0.0, 0.9, 1.125 ] },
																		"east": { "texture": "#bituminous", "uv": [ 0.0, 0.0, 1.125, 1.125 ] },
																		"south": { "texture": "#bituminous", "uv": [ 0.0, 0.0, 0.9, 1.125 ] },
																		"west": { "texture": "#bituminous", "uv": [ 0.0, 0.0, 1.125, 1.125 ] },
																		"up": { "texture": "#bituminous", "uv": [ 0.0, 0.0, 0.9, 1.125 ] },
																		"down": { "texture": "#bituminous", "uv": [ 0.0, 0.0, 0.9, 1.125 ] }
																	},
																	"children": [
																		{
																			"name": "sch5",
																			"from": [ 0.675, 0.09, 0.09 ], 
																			"to": [ 1.575, 1.125, 1.17 ], 
																			"rotationOrigin": [ 0.9, 0.585, 0.63 ],
																			"rotationZ": -8.0,
																			"faces": {
																				"north": { "texture": "#bituminous", "uv": [ 0.0, 0.0, 0.9, 0.9 ] },
																				"east": { "texture": "#bituminous", "uv": [ 0.0, 0.0, 0.9, 0.9 ] },
																				"south": { "texture": "#bituminous", "uv": [ 0.0, 0.0, 0.9, 0.9 ] },
																				"west": { "texture": "#bituminous", "uv": [ 0.0, 0.0, 0.9, 0.9 ] },
																				"up": { "texture": "#bituminous", "uv": [ 0.0, 0.0, 0.9, 0.9 ] },
																				"down": { "texture": "#bituminous", "uv": [ 0.0, 0.0, 0.9, 0.9 ] }
																			},
																			"children": [
																				{
																					"name": "sch6",
																					"from": [ 0.585, 0.045, 0.09 ], 
																					"to": [ 1.485, 0.99, 0.99 ], 
																					"rotationOrigin": [ 0.945, 0.45, 0.54 ],
																					"rotationZ": -4.0,
																					"faces": {
																						"north": { "texture": "#bituminous", "uv": [ 0.0, 0.0, 0.9, 0.9 ] },
																						"east": { "texture": "#bituminous", "uv": [ 0.0, 0.0, 0.9, 0.9 ] },
																						"south": { "texture": "#bituminous", "uv": [ 0.0, 0.0, 0.9, 0.9 ] },
																						"west": { "texture": "#bituminous", "uv": [ 0.0, 0.0, 0.9, 0.9 ] },
																						"up": { "texture": "#bituminous", "uv": [ 0.0, 0.0, 0.9, 0.9 ] },
																						"down": { "texture": "#bituminous", "uv": [ 0.0, 0.0, 0.9, 0.9 ] }
																					},
																					"children": [
																						{
																							"name": "sch7",
																							"from": [ 0.675, 0.045, 0.045 ], 
																							"to": [ 1.575, 0.855, 0.81 ], 
																							"rotationOrigin": [ 0.945, 0.405, 0.405 ],
																							"rotationZ": -6.0,
																							"faces": {
																								"north": { "texture": "#bituminous", "uv": [ 0.0, 0.0, 0.9, 0.675 ] },
																								"east": { "texture": "#bituminous", "uv": [ 0.0, 0.0, 0.675, 0.675 ] },
																								"south": { "texture": "#bituminous", "uv": [ 0.0, 0.0, 0.9, 0.675 ] },
																								"west": { "texture": "#bituminous", "uv": [ 0.0, 0.0, 0.675, 0.675 ] },
																								"up": { "texture": "#bituminous", "uv": [ 0.0, 0.0, 0.9, 0.675 ] },
																								"down": { "texture": "#bituminous", "uv": [ 0.0, 0.0, 0.9, 0.675 ] }
																							},
																							"children": [
																								{
																									"name": "sch8",
																									"from": [ 0.72, 0.09, 0.045 ], 
																									"to": [ 1.62, 0.765, 0.72 ], 
																									"rotationOrigin": [ 0.9, 0.405, 0.315 ],
																									"rotationZ": 25.0,
																									"faces": {
																										"north": { "texture": "#bituminous", "uv": [ 0.0, 0.0, 0.9, 0.675 ] },
																										"east": { "texture": "#bituminous", "uv": [ 0.0, 0.0, 0.675, 0.675 ] },
																										"south": { "texture": "#bituminous", "uv": [ 0.0, 0.0, 0.9, 0.675 ] },
																										"west": { "texture": "#bituminous", "uv": [ 0.0, 0.0, 0.675, 0.675 ] },
																										"up": { "texture": "#bituminous", "uv": [ 0.0, 0.0, 0.9, 0.675 ] },
																										"down": { "texture": "#bituminous", "uv": [ 0.0, 0.0, 0.9, 0.675 ] }
																									},
																									"children": [
																										{
																											"name": "sch9",
																											"from": [ 0.675, 0.0675, 0.045 ], 
																											"to": [ 1.575, 0.6075, 0.63 ], 
																											"rotationOrigin": [ 0.945, 0.315, 0.315 ],
																											"rotationZ": 34.0,
																											"faces": {
																												"north": { "texture": "#bituminous", "uv": [ 0.0, 0.0, 0.9, 0.45 ] },
																												"east": { "texture": "#bituminous", "uv": [ 0.0, 0.0, 0.45, 0.45 ] },
																												"south": { "texture": "#bituminous", "uv": [ 0.0, 0.0, 0.9, 0.45 ] },
																												"west": { "texture": "#bituminous", "uv": [ 0.0, 0.0, 0.45, 0.45 ] },
																												"up": { "texture": "#bituminous", "uv": [ 0.0, 0.0, 0.9, 0.45 ] },
																												"down": { "texture": "#bituminous", "uv": [ 0.0, 0.0, 0.9, 0.45 ] }
																											},
																											"children": [
																												{
																													"name": "sch10",
																													"from": [ 0.72, 0.045, 0.045 ], 
																													"to": [ 1.62, 0.495, 0.54 ], 
																													"rotationOrigin": [ 0.855, 0.27, 0.315 ],
																													"rotationZ": 25.0,
																													"faces": {
																														"north": { "texture": "#bituminous", "uv": [ 0.0, 0.0, 0.9, 0.45 ] },
																														"east": { "texture": "#bituminous", "uv": [ 0.0, 0.0, 0.45, 0.45 ] },
																														"south": { "texture": "#bituminous", "uv": [ 0.0, 0.0, 0.9, 0.45 ] },
																														"west": { "texture": "#bituminous", "uv": [ 0.0, 0.0, 0.45, 0.45 ] },
																														"up": { "texture": "#bituminous", "uv": [ 0.0, 0.0, 0.9, 0.45 ] },
																														"down": { "texture": "#bituminous", "uv": [ 0.0, 0.0, 0.9, 0.45 ] }
																													},
																													"children": [
																														{
																															"name": "sch11",
																															"from": [ 0.765, 0.045, 0.045 ], 
																															"to": [ 1.665, 0.405, 0.405 ], 
																															"rotationOrigin": [ 0.855, 0.225, 0.225 ],
																															"rotationZ": 34.0,
																															"faces": {
																																"north": { "texture": "#bituminous", "uv": [ 0.0, 0.0, 0.9, 0.225 ] },
																																"east": { "texture": "#bituminous", "uv": [ 0.0, 0.0, 0.225, 0.225 ] },
																																"south": { "texture": "#bituminous", "uv": [ 0.0, 0.0, 0.9, 0.225 ] },
																																"west": { "texture": "#bituminous", "uv": [ 0.0, 0.0, 0.225, 0.225 ] },
																																"up": { "texture": "#bituminous", "uv": [ 0.0, 0.0, 0.9, 0.225 ] },
																																"down": { "texture": "#bituminous", "uv": [ 0.0, 0.0, 0.9, 0.225 ] }
																															},
																															"children": [
																																{
																																	"name": "sch12",
																																	"from": [ 0.72, 0.045, 0.045 ], 
																																	"to": [ 1.62, 0.315, 0.315 ], 
																																	"rotationOrigin": [ 0.9, 0.18, 0.18 ],
																																	"rotationZ": 37.0,
																																	"faces": {
																																		"north": { "texture": "#cheddarjack", "uv": [ 0.0, 0.0, 0.75, 0.25 ], "glow": 150 },
																																		"east": { "texture": "#cheddarjack", "uv": [ 0.0, 0.0, 0.25, 0.25 ], "glow": 150 },
																																		"south": { "texture": "#cheddarjack", "uv": [ 0.0, 0.0, 0.75, 0.25 ], "glow": 150 },
																																		"west": { "texture": "#cheddarjack", "uv": [ 0.0, 0.0, 0.25, 0.25 ], "glow": 150 },
																																		"up": { "texture": "#cheddarjack", "uv": [ 0.0, 0.0, 0.75, 0.25 ], "glow": 150 },
																																		"down": { "texture": "#cheddarjack", "uv": [ 0.0, 0.0, 0.75, 0.25 ], "glow": 150 }
																																	},
																																	"children": [
																																		{
																																			"name": "sch13",
																																			"from": [ 0.81, 0.09, 0.045 ], 
																																			"to": [ 3.51, 0.225, 0.135 ], 
																																			"rotationOrigin": [ 0.9, 0.135, 0.09 ],
																																			"rotationX": -22.5,
																																			"rotationZ": 20.0,
																																			"faces": {
																																				"north": { "texture": "#cheddarjack", "uv": [ 0.0, 0.0, 2.5, 0.25 ], "glow": 150 },
																																				"east": { "texture": "#cheddarjack", "uv": [ 0.0, 0.0, 0.25, 0.25 ], "glow": 150 },
																																				"south": { "texture": "#cheddarjack", "uv": [ 0.0, 0.0, 2.5, 0.25 ], "glow": 150 },
																																				"west": { "texture": "#cheddarjack", "uv": [ 0.0, 0.0, 0.25, 0.25 ], "glow": 150 },
																																				"up": { "texture": "#cheddarjack", "uv": [ 0.0, 0.0, 2.5, 0.25 ], "glow": 150 },
																																				"down": { "texture": "#cheddarjack", "uv": [ 0.0, 0.0, 2.5, 0.25 ], "glow": 150 }
																																			}
																																		},
																																		{
																																			"name": "sch14",
																																			"from": [ 0.81, 0.09, 0.135 ], 
																																			"to": [ 3.51, 0.225, 0.225 ], 
																																			"rotationOrigin": [ 0.9, 0.135, 0.18 ],
																																			"rotationX": 22.5,
																																			"rotationZ": 20.0,
																																			"faces": {
																																				"north": { "texture": "#cheddarjack", "uv": [ 0.0, 0.5, 2.5, 0.75 ], "glow": 150 },
																																				"east": { "texture": "#cheddarjack", "uv": [ 0.0, 0.0, 0.25, 0.25 ], "glow": 150 },
																																				"south": { "texture": "#cheddarjack", "uv": [ 0.0, 0.0, 2.5, 0.25 ], "glow": 150 },
																																				"west": { "texture": "#cheddarjack", "uv": [ 2.5, 0.5, 2.75, 0.75 ], "glow": 150 },
																																				"up": { "texture": "#cheddarjack", "uv": [ 0.0, 0.0, 2.5, 0.25 ], "glow": 150 },
																																				"down": { "texture": "#cheddarjack", "uv": [ 0.5, 0.5, 3.0, 0.75 ], "glow": 150 }
																																			}
																																		},
																																		{
																																			"name": "sch15",
																																			"from": [ 2.43, 0.675, 0.405 ], 
																																			"to": [ 5.13, 0.72, 0.45 ], 
																																			"rotationOrigin": [ 2.52, 0.72, 0.45 ],
																																			"rotationX": 22.5,
																																			"rotationZ": 20.0,
																																			"faces": {
																																				"north": { "texture": "#cheddarjack", "uv": [ 0.0, 0.0, 2.5, 0.25 ], "glow": 150 },
																																				"east": { "texture": "#cheddarjack", "uv": [ 0.0, 0.0, 0.25, 0.25 ], "glow": 150 },
																																				"south": { "texture": "#cheddarjack", "uv": [ 0.0, 0.5, 2.5, 0.75 ], "glow": 150 },
																																				"west": { "texture": "#cheddarjack", "uv": [ 0.5, 0.5, 0.75, 0.75 ], "glow": 150 },
																																				"up": { "texture": "#cheddarjack", "uv": [ 0.0, 0.0, 2.5, 0.25 ], "glow": 150 },
																																				"down": { "texture": "#cheddarjack", "uv": [ 0.0, 0.0, 2.5, 0.25 ], "glow": 150 }
																																			}
																																		},
																																		{
																																			"name": "sch16",
																																			"from": [ 2.88, 0.81, -0.225 ], 
																																			"to": [ 5.58, 0.855, -0.18 ], 
																																			"rotationOrigin": [ 2.97, 0.855, -0.18 ],
																																			"rotationX": -22.5,
																																			"rotationZ": 20.0,
																																			"faces": {
																																				"north": { "texture": "#cheddarjack", "uv": [ 0.0, 0.0, 2.5, 0.25 ], "glow": 150 },
																																				"east": { "texture": "#cheddarjack", "uv": [ 0.0, 0.0, 0.25, 0.25 ], "glow": 150 },
																																				"south": { "texture": "#cheddarjack", "uv": [ 0.0, 0.0, 2.5, 0.25 ], "glow": 150 },
																																				"west": { "texture": "#cheddarjack", "uv": [ 0.0, 0.0, 0.25, 0.25 ], "glow": 150 },
																																				"up": { "texture": "#cheddarjack", "uv": [ 0.0, 0.0, 2.5, 0.25 ], "glow": 150 },
																																				"down": { "texture": "#cheddarjack", "uv": [ 0.0, 0.0, 2.5, 0.25 ], "glow": 150 }
																																			}
																																		}
																																	]
																																}
																															]
																														}
																													]
																												}
																											]
																										}
																									]
																								}
																							]
																						}
																					]
																				}
																			]
																		}
																	]
																}
															]
														}
													]
												}
											]
										}
									]
								}
							]
						}
					]
				}
			]
		}
	],
	"animations": [
		{
			"name": "Shamble",
			"code": "shamble",
			"quantityframes": 30,
			"onActivityStopped": "EaseOut",
			"onAnimationEnd": "Repeat",
			"keyframes": [

			]
		},

		{
			"name": "Party",
			"code": "null",
			"quantityframes": 30,
			"onActivityStopped": "Rewind",
			"onAnimationEnd": "Repeat",
			"keyframes": [

			]
		},

		{
			"name": "Low Shamble",
			"code": "lowshamble",
			"quantityframes": 30,
			"onActivityStopped": "EaseOut",
			"onAnimationEnd": "Repeat",
			"keyframes": [

			]
		},

		{
			"name": "Attack",
			"code": "attack",
			"quantityframes": 30,
			"onActivityStopped": "PlayTillEnd",
			"onAnimationEnd": "Stop",
			"keyframes": [

			]
		},

		{
			"name": "Idle",
			"code": "idle",
			"quantityframes": 30,
			"onActivityStopped": "EaseOut",
			"onAnimationEnd": "Repeat",
			"keyframes": [

			]
		},

		{
			"name": "Stun",
			"code": "stun",
			"quantityframes": 5,
			"onActivityStopped": "PlayTillEnd",
			"onAnimationEnd": "Hold",
			"keyframes": [

			]
		},

		{
			"name": "Die",
			"code": "die",
			"quantityframes": 30,
			"onActivityStopped": "PlayTillEnd",
			"onAnimationEnd": "Hold",
			"keyframes": [

			]
		},

		{
			"name": "Despair",
			"code": "despair",
			"quantityframes": 180,
			"onActivityStopped": "PlayTillEnd",
			"onAnimationEnd": "Stop",
			"keyframes": [

			]
		},

		{
			"name": "Cry",
			"code": "cry",
			"quantityframes": 110,
			"onActivityStopped": "EaseOut",
			"onAnimationEnd": "Stop",
			"keyframes": [

			]
		},

		{
			"name": "CrawlRun",
			"code": "crawlrun",
			"quantityframes": 30,
			"onActivityStopped": "EaseOut",
			"onAnimationEnd": "Repeat",
			"keyframes": [

			]
		},

		{
			"name": "CrawlWalk",
			"code": "crawlwalk",
			"quantityframes": 30,
			"onActivityStopped": "EaseOut",
			"onAnimationEnd": "Repeat",
			"keyframes": [

			]
		},

		{
			"name": "CrawlIdle",
			"code": "crawlidle",
			"quantityframes": 30,
			"onActivityStopped": "EaseOut",
			"onAnimationEnd": "Repeat",
			"keyframes": [

			]
		},

		{
			"name": "CrawlEmote",
			"code": "crawlemote",
			"quantityframes": 95,
			"onActivityStopped": "EaseOut",
			"onAnimationEnd": "Repeat",
			"keyframes": [

			]
		},

		{
			"name": "CrawlStun",
			"code": "crawlstun",
			"quantityframes": 5,
			"onActivityStopped": "EaseOut",
			"onAnimationEnd": "Hold",
			"keyframes": [

			]
		},

		{
			"name": "CrawlAttack",
			"code": "crawlattack",
			"quantityframes": 30,
			"onActivityStopped": "EaseOut",
			"onAnimationEnd": "Stop",
			"keyframes": [

			]
		},

		{
			"name": "CrawlHurt",
			"code": "crawlhurt",
			"quantityframes": 20,
			"onActivityStopped": "EaseOut",
			"onAnimationEnd": "Repeat",
			"keyframes": [

			]
		},

		{
			"name": "CrawlDie",
			"code": "crawldie",
			"quantityframes": 50,
			"onActivityStopped": "EaseOut",
			"onAnimationEnd": "Repeat",
			"keyframes": [

			]
		},

		{
			"name": "Run",
			"code": "run",
			"quantityframes": 30,
			"onActivityStopped": "EaseOut",
			"onAnimationEnd": "Repeat",
			"keyframes": [

			]
		},

		{
			"name": "Walk",
			"code": "walk",
			"quantityframes": 28,
			"onActivityStopped": "EaseOut",
			"onAnimationEnd": "Repeat",
			"keyframes": [
				{
					"frame": 0,
					"elements": {
						"base": { "offsetX": 0.0, "offsetY": -0.5, "offsetZ": 0.0 },
						"body": {  },
						"leg1": { "rotationX": 0.0, "rotationY": 0.0, "rotationZ": -10.0 },
						"leg1-1": { "rotationX": 0.0, "rotationY": 0.0, "rotationZ": 22.5 },
						"leg1-2": { "rotationX": 0.0, "rotationY": 0.0, "rotationZ": -22.5 },
						"leg1-3": {  },
						"leg1-4": { "rotationX": 0.0, "rotationY": 0.0, "rotationZ": 0.0 },
						"leg2": { "rotationX": 0.0, "rotationY": 0.0, "rotationZ": 45.0 },
						"leg2-2": { "rotationX": 0.0, "rotationY": 0.0, "rotationZ": 8.0 },
						"leg2-3": { "rotationX": 0.0, "rotationY": 0.0, "rotationZ": -12.0 },
						"leg2-4": {  },
						"leg2-5": { "rotationX": 0.0, "rotationY": 0.0, "rotationZ": -45.0 },
						"3": {  },
						"neck": { "rotationX": 0.0, "rotationY": 0.0, "rotationZ": 0.0 },
						"hand1": { "rotationX": 0.0, "rotationY": 0.0, "rotationZ": 0.0 },
						"hand1-1": { "rotationX": 0.0, "rotationY": 0.0, "rotationZ": 30.0 },
						"hand2": { "rotationX": 0.0, "rotationY": 0.0, "rotationZ": -20.0 },
						"hand2-1": { "rotationX": 0.0, "rotationY": 0.0, "rotationZ": 30.0 },
						"ass": {  },
						"schwanz": { "rotationX": 0.0, "rotationY": 0.0, "rotationZ": 0.0 },
						"sch1": {  },
						"sch2": { "rotationX": 0.0, "rotationY": 0.0, "rotationZ": 0.0 },
						"sch3": { "rotationX": 0.0, "rotationY": 0.0, "rotationZ": 0.0 }
					}
				},
				{
					"frame": 7,
					"elements": {
						"base": { "offsetX": 0.0, "offsetY": 0.75, "offsetZ": 0.0 },
						"body": {  },
						"leg1": {  },
						"leg1-1": { "rotationX": 0.0, "rotationY": 0.0, "rotationZ": 0.0 },
						"leg1-2": { "rotationX": 0.0, "rotationY": 0.0, "rotationZ": 0.0 },
						"leg2": { "rotationX": 0.0, "rotationY": 0.0, "rotationZ": 0.0 },
						"leg2-2": { "rotationX": 0.0, "rotationY": 0.0, "rotationZ": 22.5 },
						"leg2-3": { "rotationX": 0.0, "rotationY": 0.0, "rotationZ": -45.0 },
						"3": {  },
						"neck": { "rotationX": 0.0, "rotationY": 0.0, "rotationZ": 10.0 },
						"hand1": { "rotationX": 0.0, "rotationY": 0.0, "rotationZ": 0.0 },
						"hand1-1": { "rotationX": 0.0, "rotationY": 0.0, "rotationZ": 0.0 },
						"hand2": { "rotationX": 0.0, "rotationY": 0.0, "rotationZ": 0.0 },
						"hand2-1": { "rotationX": 0.0, "rotationY": 0.0, "rotationZ": 0.0 },
						"ass": {  },
						"schwanz": { "rotationX": 0.0, "rotationY": -10.0, "rotationZ": 0.0 },
						"sch1": {  },
						"sch2": { "rotationX": 0.0, "rotationY": -10.0, "rotationZ": 0.0 },
						"sch3": { "rotationX": 0.0, "rotationY": -10.0, "rotationZ": 0.0 },
						"sch4": { "rotationX": 0.0, "rotationY": -10.0, "rotationZ": 0.0 },
						"sch5": {  },
						"sch6": { "rotationX": 0.0, "rotationY": -10.0, "rotationZ": 0.0 },
						"sch7": {  },
						"sch8": { "rotationX": 0.0, "rotationY": -10.0, "rotationZ": 0.0 },
						"sch9": {  },
						"sch10": { "rotationX": 0.0, "rotationY": -10.0, "rotationZ": 0.0 }
					}
				},
				{
					"frame": 14,
					"elements": {
						"base": { "offsetX": 0.0, "offsetY": -0.5, "offsetZ": 0.0 },
						"body": {  },
						"leg1": { "rotationX": 0.0, "rotationY": 0.0, "rotationZ": 45.0 },
						"leg1-1": { "rotationX": 0.0, "rotationY": 0.0, "rotationZ": 8.0 },
						"leg1-2": { "rotationX": 0.0, "rotationY": 0.0, "rotationZ": -12.0 },
						"leg1-3": {  },
						"leg1-4": { "rotationX": 0.0, "rotationY": 0.0, "rotationZ": -45.0 },
						"leg2": { "rotationX": 0.0, "rotationY": 0.0, "rotationZ": -10.0 },
						"leg2-2": { "rotationX": 0.0, "rotationY": 0.0, "rotationZ": 22.5 },
						"leg2-3": { "rotationX": 0.0, "rotationY": 0.0, "rotationZ": -22.5 },
						"leg2-4": {  },
						"leg2-5": { "rotationX": 0.0, "rotationY": 0.0, "rotationZ": 0.0 },
						"3": {  },
						"neck": { "rotationX": 0.0, "rotationY": 0.0, "rotationZ": 0.0 },
						"hand1": { "rotationX": 0.0, "rotationY": 0.0, "rotationZ": -20.0 },
						"hand1-1": { "rotationX": 0.0, "rotationY": 0.0, "rotationZ": 30.0 },
						"hand2": { "rotationX": 0.0, "rotationY": 0.0, "rotationZ": 0.0 },
						"hand2-1": { "rotationX": 0.0, "rotationY": 0.0, "rotationZ": 30.0 },
						"ass": {  },
						"schwanz": { "rotationX": 0.0, "rotationY": 0.0, "rotationZ": 0.0 },
						"sch1": {  },
						"sch2": { "rotationX": 0.0, "rotationY": 0.0, "rotationZ": 0.0 },
						"sch3": {  },
						"sch4": { "rotationX": 0.0, "rotationY": 0.0, "rotationZ": 0.0 }
					}
				},
				{
					"frame": 21,
					"elements": {
						"base": { "offsetX": 0.0, "offsetY": 0.75, "offsetZ": 0.0 },
						"body": {  },
						"leg1": { "rotationX": 0.0, "rotationY": 0.0, "rotationZ": 0.0 },
						"leg1-1": { "rotationX": 0.0, "rotationY": 0.0, "rotationZ": 22.5 },
						"leg1-2": { "rotationX": 0.0, "rotationY": 0.0, "rotationZ": -45.0 },
						"leg2": {  },
						"leg2-2": { "rotationX": 0.0, "rotationY": 0.0, "rotationZ": 0.0 },
						"leg2-3": { "rotationX": 0.0, "rotationY": 0.0, "rotationZ": 0.0 },
						"3": {  },
						"neck": { "rotationX": 0.0, "rotationY": 0.0, "rotationZ": 10.0 },
						"hand2": { "rotationX": 0.0, "rotationY": 0.0, "rotationZ": 0.0 },
						"hand2-1": { "rotationX": 0.0, "rotationY": 0.0, "rotationZ": 0.0 },
						"hand1": { "rotationX": 0.0, "rotationY": 0.0, "rotationZ": 0.0 },
						"hand1-1": { "rotationX": 0.0, "rotationY": 0.0, "rotationZ": 0.0 },
						"ass": {  },
						"schwanz": { "rotationX": 0.0, "rotationY": 10.0, "rotationZ": 0.0 },
						"sch1": {  },
						"sch2": { "rotationX": 0.0, "rotationY": 10.0, "rotationZ": 0.0 },
						"sch3": {  },
						"sch4": { "rotationX": 0.0, "rotationY": 10.0, "rotationZ": 0.0 },
						"sch5": {  },
						"sch6": { "rotationX": 0.0, "rotationY": 10.0, "rotationZ": 0.0 },
						"sch7": {  },
						"sch8": { "rotationX": 0.0, "rotationY": 10.0, "rotationZ": 0.0 },
						"sch9": {  },
						"sch10": { "rotationX": 0.0, "rotationY": 10.0, "rotationZ": 0.0 }
					}
				}
			]
		},

		{
			"name": "Idle",
			"code": "idle",
			"quantityframes": 60,
			"onActivityStopped": "EaseOut",
			"onAnimationEnd": "Repeat",
			"keyframes": [
				{
					"frame": 0,
					"elements": {
						"base": { "offsetX": 0.0, "offsetY": 0.0, "offsetZ": 0.0 },
						"body": {  },
						"3": {  },
						"neck": { "rotationX": 0.0, "rotationY": 0.0, "rotationZ": 0.0 },
						"head": { "rotationX": 0.0, "rotationY": 0.0, "rotationZ": 0.0 },
						"leg1": { "rotationX": 0.0, "rotationY": 0.0, "rotationZ": 0.0 },
						"leg1-1": { "rotationX": 0.0, "rotationY": 0.0, "rotationZ": 0.0 },
						"leg1-2": { "rotationX": 0.0, "rotationY": 0.0, "rotationZ": 0.0 },
						"leg2": { "rotationX": 0.0, "rotationY": 0.0, "rotationZ": 0.0 },
						"leg2-2": { "rotationX": 0.0, "rotationY": 0.0, "rotationZ": 0.0 },
						"leg2-3": { "rotationX": 0.0, "rotationY": 0.0, "rotationZ": 0.0 }
					}
				},
				{
					"frame": 10,
					"elements": {
						"base": {  },
						"body": {  },
						"3": {  },
						"neck": { "rotationX": 0.0, "rotationY": 0.0, "rotationZ": 22.5 },
						"head": { "rotationX": 0.0, "rotationY": 0.0, "rotationZ": -22.5 }
					}
				},
				{
					"frame": 20,
					"elements": {
						"base": {  },
						"body": {  },
						"3": {  },
						"neck": { "rotationX": 0.0, "rotationY": 0.0, "rotationZ": 22.5 },
						"head": { "rotationX": 0.0, "rotationY": 22.5, "rotationZ": -22.5 }
					}
				},
				{
					"frame": 30,
					"elements": {
						"base": { "offsetX": 0.0, "offsetY": -1.0, "offsetZ": 0.0 },
						"body": {  },
						"3": {  },
						"neck": { "rotationX": 0.0, "rotationY": 0.0, "rotationZ": 22.5 },
						"head": { "rotationX": 0.0, "rotationY": 0.0, "rotationZ": -22.5 },
						"leg1": { "rotationX": 0.0, "rotationY": 0.0, "rotationZ": -10.0 },
						"leg1-1": { "rotationX": 0.0, "rotationY": 0.0, "rotationZ": 20.0 },
						"leg1-2": { "rotationX": 0.0, "rotationY": 0.0, "rotationZ": -15.0 },
						"leg2": { "rotationX": 0.0, "rotationY": 0.0, "rotationZ": -10.0 },
						"leg2-2": { "rotationX": 0.0, "rotationY": 0.0, "rotationZ": 20.0 },
						"leg2-3": { "rotationX": 0.0, "rotationY": 0.0, "rotationZ": -15.0 }
					}
				},
				{
					"frame": 40,
					"elements": {
						"base": {  },
						"body": {  },
						"3": {  },
						"neck": { "rotationX": 0.0, "rotationY": 0.0, "rotationZ": 22.5 },
						"head": { "rotationX": 0.0, "rotationY": -22.5, "rotationZ": -22.5 }
					}
				},
				{
					"frame": 50,
					"elements": {
						"base": {  },
						"body": {  },
						"3": {  },
						"neck": { "rotationX": 0.0, "rotationY": 0.0, "rotationZ": 22.5 },
						"head": { "rotationX": 0.0, "rotationY": 0.0, "rotationZ": -22.5 }
					}
				}
			]
		},

		{
			"name": "Hurt",
			"code": "hurt",
			"quantityframes": 30,
			"onActivityStopped": "PlayTillEnd",
			"onAnimationEnd": "Stop",
			"keyframes": [
				{
					"frame": 0,
					"elements": {
						"base": { "offsetX": 0.0, "offsetY": 0.0, "offsetZ": 0.0 },
						"body": {  },
						"3": {  },
						"neck": { "offsetX": 0.0, "offsetY": 0.0, "offsetZ": 0.0 },
						"head": { "offsetX": 0.0, "offsetY": 0.0, "offsetZ": 0.0 },
						"hand1": { "rotationX": 0.0, "rotationY": 0.0, "rotationZ": 0.0 },
						"hand2": { "rotationX": 0.0, "rotationY": 0.0, "rotationZ": 0.0 },
						"leg1": { "rotationX": 0.0, "rotationY": 0.0, "rotationZ": 0.0 },
						"leg1-1": { "rotationX": 0.0, "rotationY": 0.0, "rotationZ": 0.0 },
						"leg1-2": { "rotationX": 0.0, "rotationY": 0.0, "rotationZ": 0.0 },
						"leg2": { "rotationX": 0.0, "rotationY": 0.0, "rotationZ": 0.0 },
						"leg2-2": { "rotationX": 0.0, "rotationY": 0.0, "rotationZ": 0.0 },
						"leg2-3": { "rotationX": 0.0, "rotationY": 0.0, "rotationZ": 0.0 },
						"ass": {  },
						"schwanz": {  },
						"sch1": {  },
						"sch2": {  },
						"sch3": { "rotationX": 0.0, "rotationY": 0.0, "rotationZ": 0.0 },
						"sch4": {  },
						"sch5": { "rotationX": 0.0, "rotationY": 0.0, "rotationZ": 0.0 },
						"sch6": {  },
						"sch7": { "rotationX": 0.0, "rotationY": 0.0, "rotationZ": 0.0 },
						"sch8": {  },
						"sch9": { "rotationX": 0.0, "rotationY": 0.0, "rotationZ": 0.0 }
					}
				},
				{
					"frame": 7,
					"elements": {
						"base": { "offsetX": 0.0, "offsetY": -2.5, "offsetZ": 0.0 },
						"body": {  },
						"ass": {  },
						"schwanz": {  },
						"sch1": {  },
						"sch2": {  },
						"sch3": { "rotationX": 0.0, "rotationY": 0.0, "rotationZ": -10.0 },
						"sch4": {  },
						"sch5": { "rotationX": 0.0, "rotationY": 0.0, "rotationZ": -10.0 },
						"sch6": {  },
						"sch7": { "rotationX": 0.0, "rotationY": 0.0, "rotationZ": -10.0 },
						"sch8": {  },
						"sch9": { "rotationX": 0.0, "rotationY": 0.0, "rotationZ": -10.0 },
						"3": {  },
						"neck": { "offsetX": 0.5, "offsetY": 0.0, "offsetZ": 0.0 },
						"head": { "offsetX": 0.5, "offsetY": 0.0, "offsetZ": 0.0 },
						"hand1": { "rotationX": 0.0, "rotationY": 0.0, "rotationZ": -20.0 },
						"hand2": { "rotationX": 0.0, "rotationY": 0.0, "rotationZ": -20.0 },
						"leg1": { "rotationX": 0.0, "rotationY": 0.0, "rotationZ": -15.0 },
						"leg1-1": { "rotationX": 0.0, "rotationY": 0.0, "rotationZ": 20.0 },
						"leg1-2": { "rotationX": 0.0, "rotationY": 0.0, "rotationZ": -30.0 },
						"leg2": { "rotationX": 0.0, "rotationY": 0.0, "rotationZ": -15.0 },
						"leg2-2": { "rotationX": 0.0, "rotationY": 0.0, "rotationZ": 20.0 },
						"leg2-3": { "rotationX": 0.0, "rotationY": 0.0, "rotationZ": -30.0 }
					}
				}
			]
		},

		{
			"name": "Die",
			"code": "die",
			"quantityframes": 60,
			"onActivityStopped": "PlayTillEnd",
			"onAnimationEnd": "Hold",
			"keyframes": [
				{
					"frame": 0,
					"elements": {
						"base": { "offsetX": 0.0, "offsetY": 0.0, "offsetZ": 0.0, "rotationX": 0.0, "rotationY": 0.0, "rotationZ": 0.0 },
						"body": {  },
						"3": {  },
						"neck": { "rotationX": 0.0, "rotationY": 0.0, "rotationZ": 0.0 },
						"head": { "rotationX": 0.0, "rotationY": 0.0, "rotationZ": 0.0 },
						"hand1": { "rotationX": 0.0, "rotationY": 0.0, "rotationZ": 0.0 },
						"hand1-1": { "rotationX": 0.0, "rotationY": 0.0, "rotationZ": 0.0 },
						"hand2": { "rotationX": 0.0, "rotationY": 0.0, "rotationZ": 0.0 },
						"hand2-1": { "rotationX": 0.0, "rotationY": 0.0, "rotationZ": 0.0 },
						"leg2": { "rotationX": 0.0, "rotationY": 0.0, "rotationZ": 0.0 },
						"leg2-2": { "rotationX": 0.0, "rotationY": 0.0, "rotationZ": 0.0 },
						"leg2-3": { "rotationX": 0.0, "rotationY": 0.0, "rotationZ": 0.0 },
						"leg2-4": {  },
						"leg2-5": { "rotationX": 0.0, "rotationY": 0.0, "rotationZ": 0.0 },
						"leg1": { "rotationX": 0.0, "rotationY": 0.0, "rotationZ": 0.0 },
						"leg1-1": { "rotationX": 0.0, "rotationY": 0.0, "rotationZ": 0.0 },
						"leg1-2": { "rotationX": 0.0, "rotationY": 0.0, "rotationZ": 0.0 },
						"ass": {  },
						"schwanz": {  },
						"sch1": {  },
						"sch2": {  },
						"sch3": {  },
						"sch4": {  },
						"sch5": { "rotationX": 0.0, "rotationY": 0.0, "rotationZ": 0.0 },
						"sch6": {  },
						"sch7": { "rotationX": 0.0, "rotationY": 0.0, "rotationZ": 0.0 },
						"sch8": {  },
						"sch9": { "rotationX": 0.0, "rotationY": 0.0, "rotationZ": 0.0 },
						"sch10": { "rotationX": 0.0, "rotationY": 0.0, "rotationZ": 0.0 },
						"sch11": { "rotationX": 0.0, "rotationY": 0.0, "rotationZ": 0.0 }
					}
				},
				{
					"frame": 10,
					"elements": {
						"base": { "offsetX": 1.0, "offsetY": 1.5, "offsetZ": 0.0, "rotationX": 0.0, "rotationY": 0.0, "rotationZ": -8.0 },
						"body": {  },
						"3": {  },
						"neck": { "rotationX": 0.0, "rotationY": 0.0, "rotationZ": -13.0 },
						"head": { "rotationX": 0.0, "rotationY": 0.0, "rotationZ": -15.0 },
						"hand2": { "rotationX": 0.0, "rotationY": 0.0, "rotationZ": -25.0 },
						"leg1": { "rotationX": 0.0, "rotationY": 0.0, "rotationZ": 13.0 },
						"leg1-1": { "rotationX": 0.0, "rotationY": 0.0, "rotationZ": -22.0 },
						"leg1-2": { "rotationX": 0.0, "rotationY": 0.0, "rotationZ": 25.0 },
						"leg2": { "rotationX": 0.0, "rotationY": 0.0, "rotationZ": -26.0 },
						"leg2-2": { "rotationX": 0.0, "rotationY": 0.0, "rotationZ": 49.0 },
						"leg2-3": { "rotationX": 0.0, "rotationY": 0.0, "rotationZ": -52.0 },
						"ass": {  },
						"schwanz": {  },
						"sch1": {  },
						"sch2": {  },
						"sch3": {  },
						"sch4": {  },
						"sch5": {  },
						"sch6": {  },
						"sch7": { "rotationX": 0.0, "rotationY": 0.0, "rotationZ": -10.0 },
						"sch8": {  },
						"sch9": { "rotationX": 0.0, "rotationY": 0.0, "rotationZ": -15.0 },
						"sch10": { "rotationX": 0.0, "rotationY": 0.0, "rotationZ": -8.0 },
						"sch11": { "rotationX": 0.0, "rotationY": 0.0, "rotationZ": -12.0 }
					}
				},
				{
					"frame": 16,
					"elements": {
						"base": { "offsetX": 1.0, "offsetY": 1.0, "offsetZ": 0.0 }
					}
				},
				{
					"frame": 20,
					"elements": {
						"base": { "offsetX": 1.0, "offsetY": 1.5, "offsetZ": 0.0 },
						"body": {  },
						"leg2": { "rotationX": 0.0, "rotationY": 0.0, "rotationZ": 33.0 },
						"leg2-2": { "rotationX": 0.0, "rotationY": 0.0, "rotationZ": 0.0 },
						"leg2-3": { "rotationX": 0.0, "rotationY": 0.0, "rotationZ": 17.0 },
						"leg2-4": {  },
						"leg2-5": { "rotationX": 0.0, "rotationY": 0.0, "rotationZ": -40.0 },
						"3": {  },
						"hand1": { "rotationX": 0.0, "rotationY": 0.0, "rotationZ": -24.0 },
						"neck": { "rotationX": 0.0, "rotationY": 3.0, "rotationZ": 0.0 },
						"head": { "rotationX": 0.0, "rotationY": 13.0, "rotationZ": 0.0 },
						"leg1": { "rotationX": 0.0, "rotationY": 0.0, "rotationZ": 0.0 },
						"leg1-1": { "rotationX": 0.0, "rotationY": 0.0, "rotationZ": 25.0 },
						"leg1-2": { "rotationX": 0.0, "rotationY": 0.0, "rotationZ": -12.0 }
					}
				},
				{
					"frame": 30,
					"elements": {
						"base": { "offsetX": 0.0, "offsetY": 0.0, "offsetZ": 0.0 },
						"body": {  },
						"leg1": { "rotationX": -16.0, "rotationY": 0.0, "rotationZ": 0.0 },
						"leg2": { "rotationX": 18.0, "rotationY": 0.0, "rotationZ": 0.0 },
						"3": {  },
						"hand1": { "rotationX": 0.0, "rotationY": 0.0, "rotationZ": -30.0 },
						"hand2": { "rotationX": 0.0, "rotationY": 0.0, "rotationZ": -30.0 }
					}
				},
				{
					"frame": 40,
					"elements": {
						"base": { "offsetX": 1.0, "offsetY": -2.0, "offsetZ": 0.0 },
						"body": {  },
						"leg1": { "rotationX": -35.0, "rotationY": 0.0, "rotationZ": 0.0 },
						"leg2": { "rotationX": 35.0, "rotationY": 0.0, "rotationZ": 0.0 },
						"3": {  },
						"neck": { "rotationX": 0.0, "rotationY": 0.0, "rotationZ": -16.0 },
						"head": { "rotationX": 0.0, "rotationY": 0.0, "rotationZ": -15.0 }
					}
				},
				{
					"frame": 50,
					"elements": {
						"base": { "offsetX": 1.0, "offsetY": -4.5, "offsetZ": 0.0 },
						"body": {  },
						"leg1": { "rotationX": -60.0, "rotationY": 0.0, "rotationZ": 0.0 },
						"leg2": { "rotationX": 60.0, "rotationY": 0.0, "rotationZ": 0.0 },
						"3": {  },
						"hand1": { "rotationX": 0.0, "rotationY": 0.0, "rotationZ": -40.0 },
						"hand2": { "rotationX": 0.0, "rotationY": 0.0, "rotationZ": -40.0 }
					}
				},
				{
					"frame": 59,
					"elements": {
						"base": { "offsetX": 1.0, "offsetY": -6.5, "offsetZ": 0.0 },
						"body": {  },
						"leg1": { "rotationX": -77.0, "rotationY": 0.0, "rotationZ": 0.0 },
						"leg2": { "rotationX": 77.0, "rotationY": 0.0, "rotationZ": 0.0 },
						"3": {  },
						"hand1": { "rotationX": 0.0, "rotationY": 0.0, "rotationZ": -40.0 },
						"hand1-1": { "rotationX": 0.0, "rotationY": 0.0, "rotationZ": -40.0 },
						"hand2": { "rotationX": 0.0, "rotationY": 0.0, "rotationZ": -40.0 },
						"hand2-1": { "rotationX": 0.0, "rotationY": 0.0, "rotationZ": -40.0 },
						"neck": { "rotationX": 0.0, "rotationY": 0.0, "rotationZ": 30.0 },
						"head": { "rotationX": 0.0, "rotationY": 0.0, "rotationZ": 18.0 },
						"ass": {  },
						"schwanz": {  },
						"sch1": {  },
						"sch2": {  },
						"sch3": {  },
						"sch4": {  },
						"sch5": { "rotationX": 0.0, "rotationY": 0.0, "rotationZ": 15.0 },
						"sch6": {  },
						"sch7": { "rotationX": 0.0, "rotationY": 0.0, "rotationZ": 20.0 },
						"sch8": {  },
						"sch9": { "rotationX": 0.0, "rotationY": 0.0, "rotationZ": -30.0 },
						"sch10": { "rotationX": 0.0, "rotationY": 0.0, "rotationZ": -12.0 },
						"sch11": { "rotationX": 0.0, "rotationY": 0.0, "rotationZ": -18.0 }
					}
				}
			]
		}
	]
}