{
	"editor": {
		"allAngles": false,
		"entityTextureMode": false
	},
	"textureWidth": 16,
	"textureHeight": 16,
	"textureSizes": {
	},
	"textures": {
		"gold": "game:block/metal/ingot/gold",
		"blackbronze": "game:block/metal/ingot/blackbronze",
		"obsidian1": "game:block/stone/rock/obsidian1",
		"fat": "game:block/fat",
		"tallow": "game:block/tallow",
		"anthracite": "game:block/coal/anthracite"		
	},
	"elements": [
		{
			"name": "1",
			"from": [ 0.0, 0.0, 0.0 ], 
			"to": [ 16.0, 1.0, 16.0 ], 
			"faces": {
				"north": { "texture": "#obsidian1", "uv": [ 0.0, 5.5, 16.0, 6.5 ] },
				"east": { "texture": "#obsidian1", "uv": [ 0.0, 12.0, 16.0, 13.0 ] },
				"south": { "texture": "#obsidian1", "uv": [ 0.0, 4.5, 16.0, 5.5 ] },
				"west": { "texture": "#obsidian1", "uv": [ 0.0, 9.5, 16.0, 10.5 ] },
				"up": { "texture": "#obsidian1", "uv": [ 0.0, 0.0, 16.0, 16.0 ] },
				"down": { "texture": "#obsidian1", "uv": [ 0.0, 0.0, 16.0, 16.0 ] }
			},
			"children": [
				{
					"name": "2",
					"from": [ 2.0, 1.0, 2.0 ], 
					"to": [ 14.0, 2.0, 14.0 ], 
					"rotationOrigin": [ 2.0, 1.0, 2.0 ],
					"faces": {
						"north": { "texture": "#obsidian1", "uv": [ 0.5, 2.5, 12.5, 3.5 ] },
						"east": { "texture": "#obsidian1", "uv": [ 2.5, 4.0, 14.5, 5.0 ] },
						"south": { "texture": "#obsidian1", "uv": [ 3.0, 3.0, 15.0, 4.0 ] },
						"west": { "texture": "#obsidian1", "uv": [ 0.5, 11.5, 12.5, 12.5 ] },
						"up": { "texture": "#obsidian1", "uv": [ 0.5, 3.0, 12.5, 15.0 ] },
						"down": { "texture": "#obsidian1", "uv": [ 0.5, 3.5, 12.5, 15.5 ] }
					},
					"children": [
						{
							"name": "3",
							"from": [ 2.0, 1.0, 2.0 ], 
							"to": [ 10.0, 2.0, 10.0 ], 
							"rotationOrigin": [ 2.0, 1.0, 2.0 ],
							"faces": {
								"north": { "texture": "#obsidian1", "uv": [ 1.5, 5.0, 9.5, 6.0 ] },
								"east": { "texture": "#obsidian1", "uv": [ 2.0, 2.5, 10.0, 3.5 ] },
								"south": { "texture": "#obsidian1", "uv": [ 7.5, 14.5, 15.5, 15.5 ] },
								"west": { "texture": "#obsidian1", "uv": [ 1.5, 1.0, 9.5, 2.0 ] },
								"up": { "texture": "#obsidian1", "uv": [ 0.0, 0.0, 8.0, 8.0 ] },
								"down": { "texture": "#obsidian1", "uv": [ 7.5, 1.5, 15.5, 9.5 ] }
							},
							"children": [
								{
									"name": "4",
									"from": [ 2.0, 1.0, 2.0 ], 
									"to": [ 6.0, 2.0, 6.0 ], 
									"rotationOrigin": [ 2.0, 1.0, 2.0 ],
									"faces": {
										"north": { "texture": "#obsidian1", "uv": [ 1.5, 13.5, 5.5, 14.5 ] },
										"east": { "texture": "#obsidian1", "uv": [ 9.5, 0.0, 13.5, 1.0 ] },
										"south": { "texture": "#obsidian1", "uv": [ 0.5, 5.0, 4.5, 6.0 ] },
										"west": { "texture": "#obsidian1", "uv": [ 7.0, 6.5, 11.0, 7.5 ] },
										"up": { "texture": "#obsidian1", "uv": [ 10.5, 2.0, 14.5, 6.0 ] },
										"down": { "texture": "#obsidian1", "uv": [ 0.0, 9.0, 4.0, 13.0 ] }
									}
								}
							]
						}
					]
				},
				{
					"name": "sign",
					"from": [ 3.0, 1.0, 15.0 ], 
					"to": [ 13.0, 3.0, 15.1 ], 
					"rotationOrigin": [ 3.0, 1.0, 15.0 ],
					"faces": {
						"north": { "texture": "#gold", "uv": [ 3.5, 4.5, 9.5, 6.5 ], "autoUv": false },
						"east": { "texture": "#gold", "uv": [ 10.0, 8.0, 10.5, 10.0 ] },
						"south": { "texture": "#gold", "uv": [ 7.0, 3.0, 13.5, 5.0 ], "autoUv": false },
						"west": { "texture": "#gold", "uv": [ 14.5, 5.5, 15.0, 7.5 ] },
						"up": { "texture": "#gold", "uv": [ 4.0, 9.0, 14.0, 9.5 ] },
						"down": { "texture": "#gold", "uv": [ 4.5, 6.5, 14.5, 7.0 ] }
					}
				}
			]
		},
		{
			"name": "Body",
			"from": [ 8.0, 4.0, 7.6 ], 
			"to": [ 12.0, 6.8, 12.4 ], 
			"rotationOrigin": [ 8.0, 4.0, 10.0 ],
			"rotationY": 90.0,
			"faces": {
				"north": { "texture": "#tallow", "uv": [ 0.0, 0.5, 4.0, 3.0 ] },
				"east": { "texture": "#tallow", "uv": [ 0.0, 1.5, 4.5, 4.0 ] },
				"south": { "texture": "#tallow", "uv": [ 1.5, 2.5, 5.5, 5.0 ] },
				"west": { "texture": "#tallow", "uv": [ 0.0, 0.0, 4.5, 2.5 ] },
				"up": { "texture": "#tallow", "uv": [ 0.0, 0.0, 4.0, 4.5 ] },
				"down": { "texture": "#tallow", "uv": [ 0.0, 0.0, 4.0, 4.5 ] }
			},
			"children": [
				{
					"name": "Neck",
					"from": [ -0.8, 0.4, 0.8 ], 
					"to": [ 1.2, 2.0, 4.0 ], 
					"rotationOrigin": [ 0.0, 1.2, 2.4 ],
					"faces": {
						"north": { "texture": "#tallow", "uv": [ 0.0, 0.0, 2.0, 1.6 ] },
						"east": { "texture": "#tallow", "uv": [ 0.0, 0.0, 3.2, 1.6 ] },
						"south": { "texture": "#tallow", "uv": [ 0.0, 0.0, 2.0, 1.6 ] },
						"west": { "texture": "#tallow", "uv": [ 0.0, 0.0, 3.2, 1.6 ] },
						"up": { "texture": "#tallow", "uv": [ 0.0, 0.0, 2.0, 3.2 ] },
						"down": { "texture": "#tallow", "uv": [ 0.0, 0.0, 2.0, 3.2 ] }
					},
					"children": [
						{
							"name": "Head",
							"from": [ -1.6, -0.4, -0.4 ], 
							"to": [ 0.4, 2.0, 3.6 ], 
							"rotationOrigin": [ 0.4, 0.8, 1.6 ],
							"faces": {
								"north": { "texture": "#tallow", "uv": [ 0.0, 0.0, 2.0, 2.4 ] },
								"east": { "texture": "#tallow", "uv": [ 0.0, 0.0, 4.0, 2.4 ] },
								"south": { "texture": "#tallow", "uv": [ 0.0, 0.0, 2.0, 2.4 ] },
								"west": { "texture": "#tallow", "uv": [ 0.0, 0.0, 4.0, 2.4 ] },
								"up": { "texture": "#tallow", "uv": [ 0.0, 0.0, 2.0, 4.0 ] },
								"down": { "texture": "#tallow", "uv": [ 0.0, 0.0, 2.0, 4.0 ] }
							},
							"children": [
								{
									"name": "fibris",
									"from": [ 0.4, 2.2, 1.6 ], 
									"to": [ 0.6, 4.2, 1.8 ], 
									"rotationOrigin": [ 0.5, 2.4, 1.7 ],
									"rotationX": -22.5,
									"faces": {
										"north": { "texture": "#tallow", "uv": [ 0.0, 0.0, 0.2, 2.0 ] },
										"east": { "texture": "#tallow", "uv": [ 0.0, 0.0, 0.2, 2.0 ] },
										"south": { "texture": "#tallow", "uv": [ 0.0, 0.0, 0.2, 2.0 ] },
										"west": { "texture": "#tallow", "uv": [ 0.0, 0.0, 0.2, 2.0 ] },
										"up": { "texture": "#tallow", "uv": [ 0.0, 0.0, 0.2, 0.2 ] },
										"down": { "texture": "#tallow", "uv": [ 0.0, 0.0, 0.2, 0.2 ] }
									},
									"children": [
										{
											"name": "Cube1",
											"from": [ 0.02, 1.92, 0.02 ], 
											"to": [ 0.18, 3.32, 0.18 ], 
											"rotationOrigin": [ 0.1, 1.92, 0.1 ],
											"rotationX": -49.0,
											"faces": {
												"north": { "texture": "#tallow", "uv": [ 0.0, 0.0, 0.2, 1.4 ] },
												"east": { "texture": "#tallow", "uv": [ 0.0, 0.0, 0.2, 1.4 ] },
												"south": { "texture": "#tallow", "uv": [ 0.0, 0.0, 0.2, 1.4 ] },
												"west": { "texture": "#tallow", "uv": [ 0.0, 0.0, 0.2, 1.4 ] },
												"up": { "texture": "#tallow", "uv": [ 0.0, 0.0, 0.2, 0.2 ] },
												"down": { "texture": "#tallow", "uv": [ 0.0, 0.0, 0.2, 0.2 ] }
											}
										}
									]
								},
								{
									"name": "fibris2",
									"from": [ 0.4, 2.2, 2.2 ], 
									"to": [ 0.6, 4.2, 2.4 ], 
									"rotationOrigin": [ 0.5, 2.4, 2.3 ],
									"rotationX": 22.5,
									"faces": {
										"north": { "texture": "#tallow", "uv": [ 0.0, 0.0, 0.2, 2.0 ] },
										"east": { "texture": "#tallow", "uv": [ 0.0, 0.0, 0.2, 2.0 ] },
										"south": { "texture": "#tallow", "uv": [ 0.0, 0.0, 0.2, 2.0 ] },
										"west": { "texture": "#tallow", "uv": [ 0.0, 0.0, 0.2, 2.0 ] },
										"up": { "texture": "#tallow", "uv": [ 0.0, 0.0, 0.2, 0.2 ] },
										"down": { "texture": "#tallow", "uv": [ 0.0, 0.0, 0.2, 0.2 ] }
									},
									"children": [
										{
											"name": "Cube35",
											"from": [ 0.02, 1.92, 0.02 ], 
											"to": [ 0.18, 3.32, 0.18 ], 
											"rotationOrigin": [ 0.1, 1.92, 0.1 ],
											"rotationX": 55.0,
											"faces": {
												"north": { "texture": "#tallow", "uv": [ 0.0, 0.0, 0.2, 1.4 ] },
												"east": { "texture": "#tallow", "uv": [ 0.0, 0.0, 0.2, 1.4 ] },
												"south": { "texture": "#tallow", "uv": [ 0.0, 0.0, 0.2, 1.4 ] },
												"west": { "texture": "#tallow", "uv": [ 0.0, 0.0, 0.2, 1.4 ] },
												"up": { "texture": "#tallow", "uv": [ 0.0, 0.0, 0.2, 0.2 ] },
												"down": { "texture": "#tallow", "uv": [ 0.0, 0.0, 0.2, 0.2 ] }
											}
										}
									]
								},
								{
									"name": "Face",
									"from": [ -0.12, 0.2, 0.2 ], 
									"to": [ 0.0, 2.2, 3.8 ], 
									"rotationOrigin": [ -0.12, 0.2, 0.2 ],
									"faces": {
										"north": { "texture": "#blackbronze", "uv": [ 0.0, 0.0, 0.2, 2.0 ] },
										"east": { "texture": "#blackbronze", "uv": [ 0.0, 0.0, 3.6, 2.0 ] },
										"south": { "texture": "#blackbronze", "uv": [ 0.0, 0.0, 0.2, 2.0 ] },
										"west": { "texture": "#blackbronze", "uv": [ 0.0, 0.0, 3.6, 2.0 ] },
										"up": { "texture": "#blackbronze", "uv": [ 0.0, 0.0, 0.2, 3.6 ] },
										"down": { "texture": "#blackbronze", "uv": [ 0.0, 0.0, 0.2, 3.6 ] }
									},
									"children": [
										{
											"name": "REye",
											"from": [ -0.2, 0.2, 0.4 ], 
											"to": [ 0.0, 1.8, 1.6 ], 
											"rotationOrigin": [ -0.2, 0.2, 0.4 ],
											"faces": {
												"north": { "texture": "#fat", "uv": [ 0.0, 0.0, 0.2, 1.6 ], "glow": 180 },
												"east": { "texture": "#fat", "uv": [ 0.0, 0.0, 1.2, 1.6 ] },
												"south": { "texture": "#fat", "uv": [ 0.0, 0.0, 0.2, 1.6 ], "glow": 180 },
												"west": { "texture": "#fat", "uv": [ 0.0, 0.0, 1.2, 1.6 ], "glow": 180 },
												"up": { "texture": "#fat", "uv": [ 0.0, 0.0, 0.2, 1.2 ], "glow": 180 },
												"down": { "texture": "#fat", "uv": [ 0.0, 0.0, 0.2, 1.2 ], "glow": 180 }
											},
											"children": [
												{
													"name": "Pupil1",
													"from": [ -0.2, 0.2, 0.6 ], 
													"to": [ 0.0, 1.0, 1.0 ], 
													"rotationOrigin": [ -0.2, 0.2, 0.6 ],
													"faces": {
														"north": { "texture": "#anthracite", "uv": [ 0.0, 0.0, 0.2, 0.8 ] },
														"east": { "texture": "#anthracite", "uv": [ 0.0, 0.0, 0.4, 0.8 ] },
														"south": { "texture": "#anthracite", "uv": [ 0.0, 0.0, 0.2, 0.8 ] },
														"west": { "texture": "#anthracite", "uv": [ 3.5, 1.5, 3.9, 2.3 ] },
														"up": { "texture": "#anthracite", "uv": [ 0.0, 0.0, 0.2, 0.4 ] },
														"down": { "texture": "#anthracite", "uv": [ 0.0, 0.0, 0.2, 0.4 ] }
													}
												}
											]
										},
										{
											"name": "REye39",
											"from": [ -0.2, 0.2, 2.0 ], 
											"to": [ 0.0, 1.8, 3.2 ], 
											"rotationOrigin": [ -0.2, 0.2, 2.0 ],
											"faces": {
												"north": { "texture": "#fat", "uv": [ 0.0, 0.0, 0.2, 1.6 ], "glow": 180 },
												"east": { "texture": "#fat", "uv": [ 0.0, 0.0, 1.2, 1.6 ], "glow": 180 },
												"south": { "texture": "#fat", "uv": [ 0.0, 0.0, 0.2, 1.6 ], "glow": 180 },
												"west": { "texture": "#fat", "uv": [ 3.0, 0.0, 4.2, 1.6 ], "glow": 180 },
												"up": { "texture": "#fat", "uv": [ 0.0, 0.0, 0.2, 1.2 ], "glow": 180 },
												"down": { "texture": "#fat", "uv": [ 0.0, 0.0, 0.2, 1.2 ], "glow": 180 }
											},
											"children": [
												{
													"name": "Pupil40",
													"from": [ -0.2, 0.2, 0.2 ], 
													"to": [ 0.0, 1.0, 0.6 ], 
													"rotationOrigin": [ -0.2, 0.2, 0.2 ],
													"faces": {
														"north": { "texture": "#anthracite", "uv": [ 0.0, 0.0, 0.2, 0.8 ] },
														"east": { "texture": "#anthracite", "uv": [ 0.0, 0.0, 0.4, 0.8 ] },
														"south": { "texture": "#anthracite", "uv": [ 0.0, 0.0, 0.2, 0.8 ] },
														"west": { "texture": "#anthracite", "uv": [ 1.5, 1.0, 1.9, 1.8 ] },
														"up": { "texture": "#anthracite", "uv": [ 0.0, 0.0, 0.2, 0.4 ] },
														"down": { "texture": "#anthracite", "uv": [ 0.0, 0.0, 0.2, 0.4 ] }
													}
												}
											]
										}
									]
								}
							]
						}
					]
				},
				{
					"name": "Tail1",
					"from": [ 3.2, 0.08, 0.4 ], 
					"to": [ 5.2, 2.48, 4.4 ], 
					"rotationOrigin": [ 3.2, 0.08, 2.4 ],
					"rotationY": -2.0,
					"rotationZ": 11.0,
					"faces": {
						"north": { "texture": "#tallow", "uv": [ 0.0, 0.0, 2.0, 2.4 ] },
						"east": { "texture": "#tallow", "uv": [ 0.0, 0.0, 4.0, 2.4 ] },
						"south": { "texture": "#tallow", "uv": [ 0.0, 0.0, 2.0, 2.4 ] },
						"west": { "texture": "#tallow", "uv": [ 0.0, 0.0, 4.0, 2.4 ] },
						"up": { "texture": "#tallow", "uv": [ 0.0, 0.0, 2.0, 4.0 ] },
						"down": { "texture": "#tallow", "uv": [ 0.0, 0.0, 2.0, 4.0 ] }
					},
					"children": [
						{
							"name": "Tail2",
							"from": [ 1.2, 0.08, 0.4 ], 
							"to": [ 3.2, 2.08, 3.6 ], 
							"rotationOrigin": [ 1.2, 0.08, 2.0 ],
							"rotationZ": 9.0,
							"faces": {
								"north": { "texture": "#tallow", "uv": [ 0.0, 0.0, 2.0, 2.0 ] },
								"east": { "texture": "#tallow", "uv": [ 0.0, 0.0, 3.2, 2.0 ] },
								"south": { "texture": "#tallow", "uv": [ 0.0, 0.0, 2.0, 2.0 ] },
								"west": { "texture": "#tallow", "uv": [ 0.0, 0.0, 3.2, 2.0 ] },
								"up": { "texture": "#tallow", "uv": [ 0.0, 0.0, 2.0, 3.2 ] },
								"down": { "texture": "#tallow", "uv": [ 0.0, 0.0, 2.0, 3.2 ] }
							},
							"children": [
								{
									"name": "Tail3",
									"from": [ 1.2, -0.02, 0.4 ], 
									"to": [ 3.2, 1.58, 2.8 ], 
									"rotationOrigin": [ 1.2, -0.02, 1.6 ],
									"rotationZ": 12.0,
									"faces": {
										"north": { "texture": "#tallow", "uv": [ 0.0, 0.0, 2.0, 1.5 ] },
										"east": { "texture": "#tallow", "uv": [ 0.0, 0.0, 2.0, 1.5 ] },
										"south": { "texture": "#tallow", "uv": [ 0.0, 0.0, 2.0, 1.5 ] },
										"west": { "texture": "#tallow", "uv": [ 0.0, 0.0, 2.0, 1.5 ] },
										"up": { "texture": "#tallow", "uv": [ 0.0, 0.0, 2.0, 2.0 ] },
										"down": { "texture": "#tallow", "uv": [ 0.0, 0.0, 2.0, 2.0 ] }
									},
									"children": [
										{
											"name": "Tail4",
											"from": [ 1.2, -0.12, 0.4 ], 
											"to": [ 3.2, 1.08, 2.0 ], 
											"rotationOrigin": [ 1.2, -0.12, 1.2 ],
											"rotationZ": 16.0,
											"faces": {
												"north": { "texture": "#tallow", "uv": [ 0.0, 0.0, 2.0, 1.0 ] },
												"east": { "texture": "#tallow", "uv": [ 0.0, 0.0, 1.5, 1.0 ] },
												"south": { "texture": "#tallow", "uv": [ 0.0, 0.0, 2.0, 1.0 ] },
												"west": { "texture": "#tallow", "uv": [ 0.0, 0.0, 1.5, 1.0 ] },
												"up": { "texture": "#tallow", "uv": [ 0.0, 0.0, 2.0, 1.5 ] },
												"down": { "texture": "#tallow", "uv": [ 0.0, 0.0, 2.0, 1.5 ] }
											},
											"children": [
												{
													"name": "Tail5",
													"from": [ 1.2, 0.08, 0.2 ], 
													"to": [ 3.2, 0.88, 1.4 ], 
													"rotationOrigin": [ 1.2, 0.08, 0.8 ],
													"rotationZ": 10.0,
													"faces": {
														"north": { "texture": "#anthracite", "uv": [ 0.0, 0.0, 2.0, 0.8 ] },
														"east": { "texture": "#anthracite", "uv": [ 0.0, 0.0, 1.2, 0.8 ] },
														"south": { "texture": "#anthracite", "uv": [ 0.0, 0.0, 2.0, 0.8 ] },
														"west": { "texture": "#anthracite", "uv": [ 0.0, 0.0, 1.2, 0.8 ] },
														"up": { "texture": "#anthracite", "uv": [ 0.0, 0.0, 2.0, 1.2 ] },
														"down": { "texture": "#anthracite", "uv": [ 0.0, 0.0, 2.0, 1.2 ] }
													},
													"children": [
														{
															"name": "Tail6",
															"from": [ 1.2, -0.02, 0.4 ], 
															"to": [ 4.0, 0.38, 0.8 ], 
															"rotationOrigin": [ 1.2, -0.02, 0.6 ],
															"rotationZ": 19.0,
															"faces": {
																"north": { "texture": "#anthracite", "uv": [ 0.0, 0.0, 2.5, 0.5 ] },
																"east": { "texture": "#anthracite", "uv": [ 0.0, 0.0, 0.5, 0.5 ] },
																"south": { "texture": "#anthracite", "uv": [ 0.0, 0.0, 2.5, 0.5 ] },
																"west": { "texture": "#anthracite", "uv": [ 0.0, 0.0, 0.5, 0.5 ] },
																"up": { "texture": "#anthracite", "uv": [ 0.0, 0.0, 2.5, 0.5 ] },
																"down": { "texture": "#anthracite", "uv": [ 0.0, 0.0, 2.5, 0.5 ] }
															},
															"children": [
																{
																	"name": "Sting1",
																	"from": [ 2.8, 0.14, 0.14 ], 
																	"to": [ 4.4, 0.26, 0.26 ], 
																	"rotationOrigin": [ 2.8, 0.14, 0.2 ],
																	"rotationZ": 22.0,
																	"faces": {
																		"north": { "texture": "#anthracite", "uv": [ 0.0, 0.0, 1.6, 0.2 ] },
																		"east": { "texture": "#anthracite", "uv": [ 0.0, 0.0, 0.2, 0.2 ] },
																		"south": { "texture": "#anthracite", "uv": [ 0.0, 0.0, 1.6, 0.2 ] },
																		"west": { "texture": "#anthracite", "uv": [ 0.0, 0.0, 0.2, 0.2 ] },
																		"up": { "texture": "#anthracite", "uv": [ 0.0, 0.0, 1.6, 0.2 ] },
																		"down": { "texture": "#anthracite", "uv": [ 0.0, 0.0, 1.6, 0.2 ] }
																	},
																	"children": [
																		{
																			"name": "Sting2",
																			"from": [ 1.6, 0.04, 0.04 ], 
																			"to": [ 5.6, 0.08, 0.08 ], 
																			"rotationOrigin": [ 1.6, 0.06, 0.06 ],
																			"rotationY": -2.0,
																			"rotationZ": 22.5,
																			"faces": {
																				"north": { "texture": "#anthracite", "uv": [ 0.0, 0.0, 4.0, 0.2 ] },
																				"east": { "texture": "#anthracite", "uv": [ 0.0, 0.0, 0.2, 0.2 ] },
																				"south": { "texture": "#anthracite", "uv": [ 0.0, 0.0, 4.0, 0.2 ] },
																				"west": { "texture": "#anthracite", "uv": [ 0.0, 0.0, 0.2, 0.2 ] },
																				"up": { "texture": "#anthracite", "uv": [ 0.0, 0.0, 4.0, 0.2 ] },
																				"down": { "texture": "#anthracite", "uv": [ 0.0, 0.0, 4.0, 0.2 ] }
																			}
																		}
																	]
																}
															]
														}
													]
												}
											]
										}
									]
								}
							]
						}
					]
				},
				{
					"name": "FRLeg_Limb",
					"from": [ 0.4, 0.4, -0.4 ], 
					"to": [ 1.2, 1.2, 0.4 ], 
					"rotationOrigin": [ 0.8, 0.8, 0.0 ],
					"faces": {
						"north": { "texture": "#tallow", "uv": [ 0.0, 0.0, 0.8, 0.8 ] },
						"east": { "texture": "#tallow", "uv": [ 0.0, 0.0, 0.8, 0.8 ] },
						"south": { "texture": "#tallow", "uv": [ 0.0, 0.0, 0.8, 0.8 ] },
						"west": { "texture": "#tallow", "uv": [ 0.0, 0.0, 0.8, 0.8 ] },
						"up": { "texture": "#tallow", "uv": [ 0.0, 0.0, 0.8, 0.8 ] },
						"down": { "texture": "#tallow", "uv": [ 0.0, 0.0, 0.8, 0.8 ] }
					},
					"children": [
						{
							"name": "FRLeg1",
							"from": [ 0.2, 0.2, -1.6 ], 
							"to": [ 0.6, 0.6, 0.4 ], 
							"rotationOrigin": [ 0.4, 0.4, 0.0 ],
							"rotationX": 22.5,
							"faces": {
								"north": { "texture": "#tallow", "uv": [ 0.0, 0.0, 0.4, 0.4 ] },
								"east": { "texture": "#tallow", "uv": [ 0.0, 0.0, 2.0, 0.4 ] },
								"south": { "texture": "#tallow", "uv": [ 0.0, 0.0, 0.4, 0.4 ] },
								"west": { "texture": "#tallow", "uv": [ 0.0, 0.0, 2.0, 0.4 ] },
								"up": { "texture": "#tallow", "uv": [ 0.0, 0.0, 0.4, 2.0 ] },
								"down": { "texture": "#tallow", "uv": [ 0.0, 0.0, 0.4, 2.0 ] }
							},
							"children": [
								{
									"name": "FRLeg2",
									"from": [ -0.2, -0.2, -0.4 ], 
									"to": [ 0.6, 0.6, 0.4 ], 
									"rotationOrigin": [ 0.2, 0.2, 0.0 ],
									"rotationX": -22.5,
									"faces": {
										"north": { "texture": "#blackbronze", "uv": [ 0.0, 0.0, 0.8, 0.8 ] },
										"east": { "texture": "#blackbronze", "uv": [ 0.0, 0.0, 0.8, 0.8 ] },
										"south": { "texture": "#blackbronze", "uv": [ 0.0, 0.0, 0.8, 0.8 ] },
										"west": { "texture": "#blackbronze", "uv": [ 0.0, 0.0, 0.8, 0.8 ] },
										"up": { "texture": "#blackbronze", "uv": [ 0.0, 0.0, 0.8, 0.8 ] },
										"down": { "texture": "#blackbronze", "uv": [ 0.0, 0.0, 0.8, 0.8 ] }
									},
									"children": [
										{
											"name": "FRLeg3",
											"from": [ 0.2, -1.6, 0.2 ], 
											"to": [ 0.6, 0.0, 0.6 ], 
											"rotationOrigin": [ 0.4, 0.0, 0.4 ],
											"faces": {
												"north": { "texture": "#tallow", "uv": [ 0.0, 0.0, 0.4, 1.6 ] },
												"east": { "texture": "#tallow", "uv": [ 0.0, 0.0, 0.4, 1.6 ] },
												"south": { "texture": "#tallow", "uv": [ 0.0, 0.0, 0.4, 1.6 ] },
												"west": { "texture": "#tallow", "uv": [ 0.0, 0.0, 0.4, 1.6 ] },
												"up": { "texture": "#tallow", "uv": [ 0.0, 0.0, 0.4, 0.4 ] },
												"down": { "texture": "#tallow", "uv": [ 0.0, 0.0, 0.4, 0.4 ] }
											},
											"children": [
												{
													"name": "FRLeg4",
													"from": [ 0.08, 0.0, -1.2 ], 
													"to": [ 0.32, 0.24, 0.0 ], 
													"rotationOrigin": [ 0.2, 0.0, 0.0 ],
													"faces": {
														"north": { "texture": "#tallow", "uv": [ 0.0, 0.0, 0.2, 0.2 ] },
														"east": { "texture": "#tallow", "uv": [ 0.0, 0.0, 1.2, 0.2 ] },
														"south": { "texture": "#tallow", "uv": [ 0.0, 0.0, 0.2, 0.2 ] },
														"west": { "texture": "#tallow", "uv": [ 0.0, 0.0, 1.2, 0.2 ] },
														"up": { "texture": "#tallow", "uv": [ 0.0, 0.0, 0.2, 1.2 ] },
														"down": { "texture": "#tallow", "uv": [ 0.0, 0.0, 0.2, 1.2 ] }
													}
												}
											]
										}
									]
								}
							]
						}
					]
				},
				{
					"name": "BRLeg_Limb",
					"from": [ 2.8, 0.4, -0.4 ], 
					"to": [ 3.6, 1.2, 0.4 ], 
					"rotationOrigin": [ 3.2, 0.8, 0.0 ],
					"faces": {
						"north": { "texture": "#tallow", "uv": [ 0.0, 0.0, 0.8, 0.8 ] },
						"east": { "texture": "#tallow", "uv": [ 0.0, 0.0, 0.8, 0.8 ] },
						"south": { "texture": "#tallow", "uv": [ 0.0, 0.0, 0.8, 0.8 ] },
						"west": { "texture": "#tallow", "uv": [ 0.0, 0.0, 0.8, 0.8 ] },
						"up": { "texture": "#tallow", "uv": [ 0.0, 0.0, 0.8, 0.8 ] },
						"down": { "texture": "#tallow", "uv": [ 0.0, 0.0, 0.8, 0.8 ] }
					},
					"children": [
						{
							"name": "BRLeg1",
							"from": [ 0.2, 0.2, -1.6 ], 
							"to": [ 0.6, 0.6, 0.4 ], 
							"rotationOrigin": [ 0.4, 0.4, 0.0 ],
							"rotationX": 22.5,
							"faces": {
								"north": { "texture": "#tallow", "uv": [ 0.0, 0.0, 0.4, 0.4 ] },
								"east": { "texture": "#tallow", "uv": [ 0.0, 0.0, 2.0, 0.4 ] },
								"south": { "texture": "#tallow", "uv": [ 0.0, 0.0, 0.4, 0.4 ] },
								"west": { "texture": "#tallow", "uv": [ 0.0, 0.0, 2.0, 0.4 ] },
								"up": { "texture": "#tallow", "uv": [ 0.0, 0.0, 0.4, 2.0 ] },
								"down": { "texture": "#tallow", "uv": [ 0.0, 0.0, 0.4, 2.0 ] }
							},
							"children": [
								{
									"name": "BRLeg2",
									"from": [ -0.2, -0.2, -0.4 ], 
									"to": [ 0.6, 0.6, 0.4 ], 
									"rotationOrigin": [ 0.2, 0.2, 0.0 ],
									"rotationX": -22.5,
									"faces": {
										"north": { "texture": "#blackbronze", "uv": [ 0.0, 0.0, 0.8, 0.8 ] },
										"east": { "texture": "#blackbronze", "uv": [ 0.0, 0.0, 0.8, 0.8 ] },
										"south": { "texture": "#blackbronze", "uv": [ 0.0, 0.0, 0.8, 0.8 ] },
										"west": { "texture": "#blackbronze", "uv": [ 0.0, 0.0, 0.8, 0.8 ] },
										"up": { "texture": "#blackbronze", "uv": [ 0.0, 0.0, 0.8, 0.8 ] },
										"down": { "texture": "#blackbronze", "uv": [ 0.0, 0.0, 0.8, 0.8 ] }
									},
									"children": [
										{
											"name": "BRLeg3",
											"from": [ 0.2, -1.6, 0.2 ], 
											"to": [ 0.6, 0.0, 0.6 ], 
											"rotationOrigin": [ 0.4, 0.0, 0.4 ],
											"faces": {
												"north": { "texture": "#tallow", "uv": [ 0.0, 0.0, 0.4, 1.6 ] },
												"east": { "texture": "#tallow", "uv": [ 0.0, 0.0, 0.4, 1.6 ] },
												"south": { "texture": "#tallow", "uv": [ 0.0, 0.0, 0.4, 1.6 ] },
												"west": { "texture": "#tallow", "uv": [ 0.0, 0.0, 0.4, 1.6 ] },
												"up": { "texture": "#tallow", "uv": [ 0.0, 0.0, 0.4, 0.4 ] },
												"down": { "texture": "#tallow", "uv": [ 0.0, 0.0, 0.4, 0.4 ] }
											},
											"children": [
												{
													"name": "BRLeg4",
													"from": [ 0.08, 0.0, -1.2 ], 
													"to": [ 0.32, 0.24, 0.0 ], 
													"rotationOrigin": [ 0.2, 0.0, 0.0 ],
													"faces": {
														"north": { "texture": "#tallow", "uv": [ 0.0, 0.0, 0.2, 0.2 ] },
														"east": { "texture": "#tallow", "uv": [ 0.0, 0.0, 1.2, 0.2 ] },
														"south": { "texture": "#tallow", "uv": [ 0.0, 0.0, 0.2, 0.2 ] },
														"west": { "texture": "#tallow", "uv": [ 0.0, 0.0, 1.2, 0.2 ] },
														"up": { "texture": "#tallow", "uv": [ 0.0, 0.0, 0.2, 1.2 ] },
														"down": { "texture": "#tallow", "uv": [ 0.0, 0.0, 0.2, 1.2 ] }
													}
												}
											]
										}
									]
								}
							]
						}
					]
				},
				{
					"name": "FLLeg_Limb",
					"from": [ 0.4, 0.4, 4.4 ], 
					"to": [ 1.2, 1.2, 5.2 ], 
					"rotationOrigin": [ 0.8, 0.8, 4.8 ],
					"rotationY": -180.0,
					"faces": {
						"north": { "texture": "#tallow", "uv": [ 0.0, 0.0, 0.8, 0.8 ] },
						"east": { "texture": "#tallow", "uv": [ 0.0, 0.0, 0.8, 0.8 ] },
						"south": { "texture": "#tallow", "uv": [ 0.0, 0.0, 0.8, 0.8 ] },
						"west": { "texture": "#tallow", "uv": [ 0.0, 0.0, 0.8, 0.8 ] },
						"up": { "texture": "#tallow", "uv": [ 0.0, 0.0, 0.8, 0.8 ] },
						"down": { "texture": "#tallow", "uv": [ 0.0, 0.0, 0.8, 0.8 ] }
					},
					"children": [
						{
							"name": "FRLeg23",
							"from": [ 0.2, 0.2, -1.6 ], 
							"to": [ 0.6, 0.6, 0.4 ], 
							"rotationOrigin": [ 0.4, 0.4, 0.0 ],
							"rotationX": 22.5,
							"faces": {
								"north": { "texture": "#tallow", "uv": [ 0.0, 0.0, 0.4, 0.4 ] },
								"east": { "texture": "#tallow", "uv": [ 0.0, 0.0, 2.0, 0.4 ] },
								"south": { "texture": "#tallow", "uv": [ 0.0, 0.0, 0.4, 0.4 ] },
								"west": { "texture": "#tallow", "uv": [ 0.0, 0.0, 2.0, 0.4 ] },
								"up": { "texture": "#tallow", "uv": [ 0.0, 0.0, 0.4, 2.0 ] },
								"down": { "texture": "#tallow", "uv": [ 0.0, 0.0, 0.4, 2.0 ] }
							},
							"children": [
								{
									"name": "FRLeg24",
									"from": [ -0.2, -0.2, -0.4 ], 
									"to": [ 0.6, 0.6, 0.4 ], 
									"rotationOrigin": [ 0.2, 0.2, 0.0 ],
									"rotationX": -22.5,
									"faces": {
										"north": { "texture": "#blackbronze", "uv": [ 0.0, 0.0, 0.8, 0.8 ] },
										"east": { "texture": "#blackbronze", "uv": [ 0.0, 0.0, 0.8, 0.8 ] },
										"south": { "texture": "#blackbronze", "uv": [ 0.0, 0.0, 0.8, 0.8 ] },
										"west": { "texture": "#blackbronze", "uv": [ 0.0, 0.0, 0.8, 0.8 ] },
										"up": { "texture": "#blackbronze", "uv": [ 0.0, 0.0, 0.8, 0.8 ] },
										"down": { "texture": "#blackbronze", "uv": [ 0.0, 0.0, 0.8, 0.8 ] }
									},
									"children": [
										{
											"name": "FRLeg25",
											"from": [ 0.2, -1.6, 0.2 ], 
											"to": [ 0.6, 0.0, 0.6 ], 
											"rotationOrigin": [ 0.4, 0.0, 0.4 ],
											"faces": {
												"north": { "texture": "#tallow", "uv": [ 0.0, 0.0, 0.4, 1.6 ] },
												"east": { "texture": "#tallow", "uv": [ 0.0, 0.0, 0.4, 1.6 ] },
												"south": { "texture": "#tallow", "uv": [ 0.0, 0.0, 0.4, 1.6 ] },
												"west": { "texture": "#tallow", "uv": [ 0.0, 0.0, 0.4, 1.6 ] },
												"up": { "texture": "#tallow", "uv": [ 0.0, 0.0, 0.4, 0.4 ] },
												"down": { "texture": "#tallow", "uv": [ 0.0, 0.0, 0.4, 0.4 ] }
											},
											"children": [
												{
													"name": "FRLeg26",
													"from": [ 0.08, 0.0, -1.2 ], 
													"to": [ 0.32, 0.24, 0.0 ], 
													"rotationOrigin": [ 0.2, 0.0, 0.0 ],
													"faces": {
														"north": { "texture": "#tallow", "uv": [ 0.0, 0.0, 0.2, 0.2 ] },
														"east": { "texture": "#tallow", "uv": [ 0.0, 0.0, 1.2, 0.2 ] },
														"south": { "texture": "#tallow", "uv": [ 0.0, 0.0, 0.2, 0.2 ] },
														"west": { "texture": "#tallow", "uv": [ 0.0, 0.0, 1.2, 0.2 ] },
														"up": { "texture": "#tallow", "uv": [ 0.0, 0.0, 0.2, 1.2 ] },
														"down": { "texture": "#tallow", "uv": [ 0.0, 0.0, 0.2, 1.2 ] }
													}
												}
											]
										}
									]
								}
							]
						}
					]
				},
				{
					"name": "BLLeg_Limb",
					"from": [ 2.8, 0.4, 4.4 ], 
					"to": [ 3.6, 1.2, 5.2 ], 
					"rotationOrigin": [ 3.2, 0.8, 4.8 ],
					"rotationY": 180.0,
					"faces": {
						"north": { "texture": "#tallow", "uv": [ 0.0, 0.0, 0.8, 0.8 ] },
						"east": { "texture": "#tallow", "uv": [ 0.0, 0.0, 0.8, 0.8 ] },
						"south": { "texture": "#tallow", "uv": [ 0.0, 0.0, 0.8, 0.8 ] },
						"west": { "texture": "#tallow", "uv": [ 0.0, 0.0, 0.8, 0.8 ] },
						"up": { "texture": "#tallow", "uv": [ 0.0, 0.0, 0.8, 0.8 ] },
						"down": { "texture": "#tallow", "uv": [ 0.0, 0.0, 0.8, 0.8 ] }
					},
					"children": [
						{
							"name": "FRLeg28",
							"from": [ 0.2, 0.2, -1.6 ], 
							"to": [ 0.6, 0.6, 0.4 ], 
							"rotationOrigin": [ 0.4, 0.4, 0.0 ],
							"rotationX": 22.5,
							"faces": {
								"north": { "texture": "#tallow", "uv": [ 0.0, 0.0, 0.4, 0.4 ] },
								"east": { "texture": "#tallow", "uv": [ 0.0, 0.0, 2.0, 0.4 ] },
								"south": { "texture": "#tallow", "uv": [ 0.0, 0.0, 0.4, 0.4 ] },
								"west": { "texture": "#tallow", "uv": [ 0.0, 0.0, 2.0, 0.4 ] },
								"up": { "texture": "#tallow", "uv": [ 0.0, 0.0, 0.4, 2.0 ] },
								"down": { "texture": "#tallow", "uv": [ 0.0, 0.0, 0.4, 2.0 ] }
							},
							"children": [
								{
									"name": "FRLeg29",
									"from": [ -0.2, -0.2, -0.4 ], 
									"to": [ 0.6, 0.6, 0.4 ], 
									"rotationOrigin": [ 0.2, 0.2, 0.0 ],
									"rotationX": -22.5,
									"faces": {
										"north": { "texture": "#blackbronze", "uv": [ 0.0, 0.0, 0.8, 0.8 ] },
										"east": { "texture": "#blackbronze", "uv": [ 0.0, 0.0, 0.8, 0.8 ] },
										"south": { "texture": "#blackbronze", "uv": [ 0.0, 0.0, 0.8, 0.8 ] },
										"west": { "texture": "#blackbronze", "uv": [ 0.0, 0.0, 0.8, 0.8 ] },
										"up": { "texture": "#blackbronze", "uv": [ 0.0, 0.0, 0.8, 0.8 ] },
										"down": { "texture": "#blackbronze", "uv": [ 0.0, 0.0, 0.8, 0.8 ] }
									},
									"children": [
										{
											"name": "FRLeg30",
											"from": [ 0.2, -1.6, 0.2 ], 
											"to": [ 0.6, 0.0, 0.6 ], 
											"rotationOrigin": [ 0.4, 0.0, 0.4 ],
											"faces": {
												"north": { "texture": "#tallow", "uv": [ 0.0, 0.0, 0.4, 1.6 ] },
												"east": { "texture": "#tallow", "uv": [ 0.0, 0.0, 0.4, 1.6 ] },
												"south": { "texture": "#tallow", "uv": [ 0.0, 0.0, 0.4, 1.6 ] },
												"west": { "texture": "#tallow", "uv": [ 0.0, 0.0, 0.4, 1.6 ] },
												"up": { "texture": "#tallow", "uv": [ 0.0, 0.0, 0.4, 0.4 ] },
												"down": { "texture": "#tallow", "uv": [ 0.0, 0.0, 0.4, 0.4 ] }
											},
											"children": [
												{
													"name": "FRLeg31",
													"from": [ 0.08, 0.0, -1.2 ], 
													"to": [ 0.32, 0.24, 0.0 ], 
													"rotationOrigin": [ 0.2, 0.0, 0.0 ],
													"faces": {
														"north": { "texture": "#tallow", "uv": [ 0.0, 0.0, 0.2, 0.2 ] },
														"east": { "texture": "#tallow", "uv": [ 0.0, 0.0, 1.2, 0.2 ] },
														"south": { "texture": "#tallow", "uv": [ 0.0, 0.0, 0.2, 0.2 ] },
														"west": { "texture": "#tallow", "uv": [ 0.0, 0.0, 1.2, 0.2 ] },
														"up": { "texture": "#tallow", "uv": [ 0.0, 0.0, 0.2, 1.2 ] },
														"down": { "texture": "#tallow", "uv": [ 0.0, 0.0, 0.2, 1.2 ] }
													}
												}
											]
										}
									]
								}
							]
						}
					]
				}
			]
		}
	],
	"animations": [
		{
			"name": "Shamble",
			"code": "shamble",
			"quantityframes": 30,
			"onActivityStopped": "EaseOut",
			"onAnimationEnd": "Repeat",
			"keyframes": [

			]
		},

		{
			"name": "Party",
			"code": "null",
			"quantityframes": 30,
			"onActivityStopped": "Rewind",
			"onAnimationEnd": "Repeat",
			"keyframes": [

			]
		},

		{
			"name": "Low Shamble",
			"code": "lowshamble",
			"quantityframes": 30,
			"onActivityStopped": "EaseOut",
			"onAnimationEnd": "Repeat",
			"keyframes": [

			]
		},

		{
			"name": "Attack",
			"code": "attack",
			"quantityframes": 30,
			"onActivityStopped": "PlayTillEnd",
			"onAnimationEnd": "Stop",
			"keyframes": [

			]
		},

		{
			"name": "Idle",
			"code": "idle",
			"quantityframes": 30,
			"onActivityStopped": "EaseOut",
			"onAnimationEnd": "Repeat",
			"keyframes": [

			]
		},

		{
			"name": "Stun",
			"code": "stun",
			"quantityframes": 5,
			"onActivityStopped": "PlayTillEnd",
			"onAnimationEnd": "Hold",
			"keyframes": [

			]
		},

		{
			"name": "Die",
			"code": "die",
			"quantityframes": 30,
			"onActivityStopped": "PlayTillEnd",
			"onAnimationEnd": "Hold",
			"keyframes": [

			]
		},

		{
			"name": "Despair",
			"code": "despair",
			"quantityframes": 180,
			"onActivityStopped": "PlayTillEnd",
			"onAnimationEnd": "Stop",
			"keyframes": [

			]
		},

		{
			"name": "Cry",
			"code": "cry",
			"quantityframes": 110,
			"onActivityStopped": "EaseOut",
			"onAnimationEnd": "Stop",
			"keyframes": [

			]
		},

		{
			"name": "CrawlRun",
			"code": "crawlrun",
			"quantityframes": 30,
			"onActivityStopped": "EaseOut",
			"onAnimationEnd": "Repeat",
			"keyframes": [

			]
		},

		{
			"name": "CrawlWalk",
			"code": "crawlwalk",
			"quantityframes": 30,
			"onActivityStopped": "EaseOut",
			"onAnimationEnd": "Repeat",
			"keyframes": [

			]
		},

		{
			"name": "CrawlIdle",
			"code": "crawlidle",
			"quantityframes": 30,
			"onActivityStopped": "EaseOut",
			"onAnimationEnd": "Repeat",
			"keyframes": [

			]
		},

		{
			"name": "CrawlEmote",
			"code": "crawlemote",
			"quantityframes": 95,
			"onActivityStopped": "EaseOut",
			"onAnimationEnd": "Repeat",
			"keyframes": [

			]
		},

		{
			"name": "CrawlStun",
			"code": "crawlstun",
			"quantityframes": 5,
			"onActivityStopped": "EaseOut",
			"onAnimationEnd": "Hold",
			"keyframes": [

			]
		},

		{
			"name": "CrawlAttack",
			"code": "crawlattack",
			"quantityframes": 30,
			"onActivityStopped": "EaseOut",
			"onAnimationEnd": "Stop",
			"keyframes": [

			]
		},

		{
			"name": "CrawlHurt",
			"code": "crawlhurt",
			"quantityframes": 20,
			"onActivityStopped": "EaseOut",
			"onAnimationEnd": "Repeat",
			"keyframes": [

			]
		},

		{
			"name": "CrawlDie",
			"code": "crawldie",
			"quantityframes": 50,
			"onActivityStopped": "EaseOut",
			"onAnimationEnd": "Repeat",
			"keyframes": [

			]
		},

		{
			"name": "Run",
			"code": "run",
			"quantityframes": 30,
			"onActivityStopped": "EaseOut",
			"onAnimationEnd": "Repeat",
			"keyframes": [

			]
		},

		{
			"name": "Walk",
			"code": "walk",
			"quantityframes": 28,
			"onActivityStopped": "EaseOut",
			"onAnimationEnd": "Repeat",
			"keyframes": [

			]
		},

		{
			"name": "Idle",
			"code": "idle",
			"quantityframes": 60,
			"onActivityStopped": "EaseOut",
			"onAnimationEnd": "Repeat",
			"keyframes": [

			]
		},

		{
			"name": "Hurt",
			"code": "hurt",
			"quantityframes": 30,
			"onActivityStopped": "PlayTillEnd",
			"onAnimationEnd": "Stop",
			"keyframes": [

			]
		},

		{
			"name": "Die",
			"code": "die",
			"quantityframes": 60,
			"onActivityStopped": "PlayTillEnd",
			"onAnimationEnd": "Hold",
			"keyframes": [

			]
		},

		{
			"name": "Walk",
			"code": "walk",
			"quantityframes": 28,
			"onActivityStopped": "EaseOut",
			"onAnimationEnd": "Repeat",
			"keyframes": [

			]
		},

		{
			"name": "Idle",
			"code": "idle",
			"quantityframes": 60,
			"onActivityStopped": "EaseOut",
			"onAnimationEnd": "Repeat",
			"keyframes": [

			]
		},

		{
			"name": "Hurt",
			"code": "hurt",
			"quantityframes": 30,
			"onActivityStopped": "PlayTillEnd",
			"onAnimationEnd": "Stop",
			"keyframes": [

			]
		},

		{
			"name": "Die",
			"code": "die",
			"quantityframes": 60,
			"onActivityStopped": "PlayTillEnd",
			"onAnimationEnd": "Hold",
			"keyframes": [

			]
		},

		{
			"name": "Attack",
			"code": "attack",
			"quantityframes": 30,
			"onActivityStopped": "PlayTillEnd",
			"onAnimationEnd": "Stop",
			"keyframes": [

			]
		},

		{
			"name": "Walk",
			"code": "walk",
			"quantityframes": 28,
			"onActivityStopped": "EaseOut",
			"onAnimationEnd": "Repeat",
			"keyframes": [

			]
		},

		{
			"name": "Idle",
			"code": "idle",
			"quantityframes": 60,
			"onActivityStopped": "EaseOut",
			"onAnimationEnd": "Repeat",
			"keyframes": [

			]
		},

		{
			"name": "Hurt",
			"code": "hurt",
			"quantityframes": 30,
			"onActivityStopped": "PlayTillEnd",
			"onAnimationEnd": "Stop",
			"keyframes": [

			]
		},

		{
			"name": "Die",
			"code": "die",
			"quantityframes": 60,
			"onActivityStopped": "PlayTillEnd",
			"onAnimationEnd": "Hold",
			"keyframes": [

			]
		},

		{
			"name": "Attack",
			"code": "attack",
			"quantityframes": 30,
			"onActivityStopped": "PlayTillEnd",
			"onAnimationEnd": "Stop",
			"keyframes": [

			]
		},

		{
			"name": "Idle",
			"code": "idle",
			"quantityframes": 60,
			"onActivityStopped": "EaseOut",
			"onAnimationEnd": "Repeat",
			"keyframes": [

			]
		},

		{
			"name": "Walk",
			"code": "walk",
			"quantityframes": 30,
			"onActivityStopped": "EaseOut",
			"onAnimationEnd": "Repeat",
			"keyframes": [

			]
		},

		{
			"name": "Hurt",
			"code": "hurt",
			"quantityframes": 30,
			"onActivityStopped": "PlayTillEnd",
			"onAnimationEnd": "Stop",
			"keyframes": [

			]
		},

		{
			"name": "Die",
			"code": "die",
			"quantityframes": 60,
			"onActivityStopped": "PlayTillEnd",
			"onAnimationEnd": "Hold",
			"keyframes": [

			]
		},

		{
			"name": "Attack",
			"code": "attack",
			"quantityframes": 30,
			"onActivityStopped": "PlayTillEnd",
			"onAnimationEnd": "Stop",
			"keyframes": [

			]
		},

		{
			"name": "Idle",
			"code": "idle",
			"quantityframes": 30,
			"onActivityStopped": "EaseOut",
			"onAnimationEnd": "Repeat",
			"keyframes": [
				{
					"frame": 0,
					"elements": {
						"Body": { "offsetX": 0.0, "offsetY": 0.0, "offsetZ": 0.0 },
						"Tail1": { "offsetX": 0.0, "offsetY": 0.0, "offsetZ": 0.0, "rotationX": 0.0, "rotationY": 0.0, "rotationZ": -1.0 },
						"Tail2": { "rotationX": 0.0, "rotationY": 0.0, "rotationZ": -1.0 },
						"Tail3": { "rotationX": 0.0, "rotationY": 0.0, "rotationZ": -1.0 },
						"Tail4": { "rotationX": 0.0, "rotationY": 0.0, "rotationZ": -1.0 },
						"Tail5": { "rotationX": 0.0, "rotationY": 0.0, "rotationZ": -1.0 },
						"Tail6": { "rotationX": 0.0, "rotationY": 0.0, "rotationZ": -1.0 },
						"Sting1": { "rotationX": 0.0, "rotationY": 0.0, "rotationZ": -1.0 },
						"FLLeg_Limb": {  },
						"FRLeg23": { "rotationX": 0.0, "rotationY": 0.0, "rotationZ": 0.0 },
						"FRLeg24": {  },
						"FRLeg25": {  },
						"FRLeg26": { "rotationX": 0.0, "rotationY": 0.0, "rotationZ": 0.0 },
						"BLLeg_Limb": {  },
						"FRLeg28": { "rotationX": 0.0, "rotationY": 0.0, "rotationZ": 0.0 },
						"FRLeg29": {  },
						"FRLeg30": {  },
						"FRLeg31": { "rotationX": 0.0, "rotationY": 0.0, "rotationZ": 0.0 },
						"FRLeg_Limb": {  },
						"FRLeg1": { "rotationX": 0.0, "rotationY": 0.0, "rotationZ": 0.0 },
						"FRLeg2": {  },
						"FRLeg3": {  },
						"FRLeg4": { "rotationX": 0.0, "rotationY": 0.0, "rotationZ": 0.0 },
						"BRLeg_Limb": {  },
						"BRLeg1": { "rotationX": 0.0, "rotationY": 0.0, "rotationZ": 0.0 },
						"BRLeg2": {  },
						"BRLeg3": {  },
						"BRLeg4": { "rotationX": 0.0, "rotationY": 0.0, "rotationZ": 0.0 },
						"Neck": { "rotationX": 0.0, "rotationY": 0.0, "rotationZ": 0.0 },
						"Head": {  },
						"fibris2": { "rotationX": 0.0, "rotationY": 0.0, "rotationZ": 0.0 },
						"Cube35": { "rotationX": 0.0, "rotationY": 0.0, "rotationZ": 0.0 },
						"fibris": { "rotationX": 0.0, "rotationY": 0.0, "rotationZ": 0.0 },
						"Cube1": { "rotationX": 0.0, "rotationY": 0.0, "rotationZ": 0.0 },
						"Face": {  },
						"REye": {  },
						"Pupil1": { "offsetX": 0.0, "offsetY": 0.0, "offsetZ": 0.0 },
						"REye39": {  },
						"Pupil40": { "offsetX": 0.0, "offsetY": 0.0, "offsetZ": 0.0 }
					}
				},
				{
					"frame": 7,
					"elements": {
						"Body": {  },
						"Neck": { "rotationX": 0.0, "rotationY": 6.0, "rotationZ": -4.0 },
						"Head": {  },
						"Face": {  },
						"REye39": {  },
						"Pupil40": { "offsetX": 0.0, "offsetY": 0.4000000059604645, "offsetZ": 0.4000000059604645 },
						"REye": {  },
						"Pupil1": { "offsetX": 0.0, "offsetY": 0.4000000059604645, "offsetZ": 0.0 }
					}
				},
				{
					"frame": 15,
					"elements": {
						"Body": { "offsetX": 0.0, "offsetY": -0.2800000041723251, "offsetZ": 0.0 },
						"FLLeg_Limb": {  },
						"FRLeg23": { "rotationX": 8.0, "rotationY": 0.0, "rotationZ": 0.0 },
						"FRLeg24": {  },
						"FRLeg25": {  },
						"FRLeg26": { "rotationX": -8.0, "rotationY": 0.0, "rotationZ": 0.0 },
						"BLLeg_Limb": {  },
						"FRLeg28": { "rotationX": 8.0, "rotationY": 0.0, "rotationZ": 0.0 },
						"FRLeg29": {  },
						"FRLeg30": {  },
						"FRLeg31": { "rotationX": -8.0, "rotationY": 0.0, "rotationZ": 0.0 },
						"FRLeg_Limb": {  },
						"FRLeg1": { "rotationX": 8.0, "rotationY": 0.0, "rotationZ": 0.0 },
						"FRLeg2": {  },
						"FRLeg3": {  },
						"FRLeg4": { "rotationX": -8.0, "rotationY": 0.0, "rotationZ": 0.0 },
						"BRLeg_Limb": {  },
						"BRLeg1": { "rotationX": 8.0, "rotationY": 0.0, "rotationZ": 0.0 },
						"BRLeg2": {  },
						"BRLeg3": {  },
						"BRLeg4": { "rotationX": -8.0, "rotationY": 0.0, "rotationZ": 0.0 },
						"Neck": { "rotationX": 0.0, "rotationY": -8.0, "rotationZ": 5.0 },
						"Head": {  },
						"fibris2": { "rotationX": -4.0, "rotationY": 0.0, "rotationZ": 0.0 },
						"Cube35": { "rotationX": 7.0, "rotationY": 0.0, "rotationZ": 0.0 },
						"fibris": { "rotationX": 6.0, "rotationY": 0.0, "rotationZ": 0.0 },
						"Cube1": { "rotationX": 5.0, "rotationY": 0.0, "rotationZ": 0.0 },
						"Face": {  },
						"REye": {  },
						"Pupil1": { "offsetX": 0.0, "offsetY": 0.0, "offsetZ": -0.4000000059604645 },
						"REye39": {  },
						"Pupil40": { "offsetX": 0.0, "offsetY": 0.0, "offsetZ": 0.0 },
						"Tail1": { "rotationX": 0.0, "rotationY": 0.0, "rotationZ": 2.0 },
						"Tail2": { "rotationX": 0.0, "rotationY": 0.0, "rotationZ": 2.0 },
						"Tail3": { "rotationX": 0.0, "rotationY": 0.0, "rotationZ": 2.0 },
						"Tail4": { "rotationX": 0.0, "rotationY": 0.0, "rotationZ": 2.0 },
						"Tail5": { "rotationX": 0.0, "rotationY": 0.0, "rotationZ": 2.0 },
						"Tail6": { "rotationX": 0.0, "rotationY": 0.0, "rotationZ": 2.0 }
					}
				},
				{
					"frame": 22,
					"elements": {
						"Body": {  },
						"Neck": { "rotationX": 0.0, "rotationY": -5.0, "rotationZ": -3.0 },
						"Head": {  },
						"Face": {  },
						"REye39": {  },
						"Pupil40": { "offsetX": 0.0, "offsetY": 0.4000000059604645, "offsetZ": 0.0 },
						"REye": {  },
						"Pupil1": { "offsetX": 0.0, "offsetY": 0.4000000059604645, "offsetZ": -0.4000000059604645 }
					}
				}
			]
		},

		{
			"name": "walk",
			"code": "walk",
			"quantityframes": 30,
			"onActivityStopped": "EaseOut",
			"onAnimationEnd": "Repeat",
			"keyframes": [
				{
					"frame": 0,
					"elements": {
						"Body": { "rotationX": 0.0, "rotationY": 4.0, "rotationZ": 0.0 },
						"FRLeg_Limb": { "rotationX": 0.0, "rotationY": 22.5, "rotationZ": 0.0 },
						"FRLeg1": {  },
						"FRLeg2": {  },
						"FRLeg3": {  },
						"FRLeg4": { "rotationX": 0.0, "rotationY": 0.0, "rotationZ": 0.0 },
						"BRLeg_Limb": { "rotationX": 0.0, "rotationY": -22.5, "rotationZ": 0.0 },
						"BRLeg1": {  },
						"BRLeg2": {  },
						"BRLeg3": {  },
						"BRLeg4": { "rotationX": 0.0, "rotationY": 0.0, "rotationZ": 0.0 },
						"FLLeg_Limb": { "rotationX": 0.0, "rotationY": 22.5, "rotationZ": 0.0 },
						"FRLeg23": {  },
						"FRLeg24": {  },
						"FRLeg25": {  },
						"FRLeg26": { "rotationX": 0.0, "rotationY": 0.0, "rotationZ": 0.0 },
						"BLLeg_Limb": { "rotationX": 0.0, "rotationY": -22.5, "rotationZ": 0.0 },
						"FRLeg28": {  },
						"FRLeg29": {  },
						"FRLeg30": {  },
						"FRLeg31": { "rotationX": 0.0, "rotationY": 0.0, "rotationZ": 0.0 },
						"Neck": { "rotationX": 0.0, "rotationY": -8.0, "rotationZ": -7.0 },
						"Tail1": { "rotationX": 0.0, "rotationY": -2.0, "rotationZ": 0.0 },
						"Tail2": { "rotationX": 0.0, "rotationY": -2.0, "rotationZ": 0.0 },
						"Tail3": { "rotationX": 0.0, "rotationY": -2.0, "rotationZ": 0.0 },
						"Tail4": { "rotationX": 0.0, "rotationY": -2.0, "rotationZ": 0.0 },
						"Tail5": { "rotationX": 0.0, "rotationY": -2.0, "rotationZ": 0.0 },
						"Tail6": { "rotationX": 0.0, "rotationY": -2.0, "rotationZ": 0.0 }
					}
				},
				{
					"frame": 7,
					"elements": {
						"Body": {  },
						"BRLeg_Limb": { "rotationX": 22.5, "rotationY": 0.0, "rotationZ": 0.0 },
						"BRLeg1": {  },
						"BRLeg2": {  },
						"BRLeg3": {  },
						"BRLeg4": { "rotationX": -18.0, "rotationY": 0.0, "rotationZ": 0.0 },
						"FLLeg_Limb": { "rotationX": -22.5, "rotationY": 0.0, "rotationZ": 0.0 },
						"FRLeg23": {  },
						"FRLeg24": {  },
						"FRLeg25": {  },
						"FRLeg26": { "rotationX": -18.0, "rotationY": 0.0, "rotationZ": 0.0 }
					}
				},
				{
					"frame": 15,
					"elements": {
						"Body": { "rotationX": 0.0, "rotationY": -4.0, "rotationZ": 0.0 },
						"Neck": { "rotationX": 0.0, "rotationY": 8.0, "rotationZ": -6.0 },
						"FLLeg_Limb": { "rotationX": 0.0, "rotationY": -22.5, "rotationZ": 0.0 },
						"BLLeg_Limb": { "rotationX": 0.0, "rotationY": 22.5, "rotationZ": 0.0 },
						"FRLeg_Limb": { "rotationX": 0.0, "rotationY": -22.5, "rotationZ": 0.0 },
						"BRLeg_Limb": { "rotationX": 0.0, "rotationY": 22.5, "rotationZ": 0.0 },
						"Tail1": { "rotationX": 0.0, "rotationY": 2.0, "rotationZ": 0.0 },
						"Tail2": { "rotationX": 0.0, "rotationY": 2.0, "rotationZ": 0.0 },
						"Tail3": { "rotationX": 0.0, "rotationY": 2.0, "rotationZ": 0.0 },
						"Tail4": { "rotationX": 0.0, "rotationY": 2.0, "rotationZ": 0.0 },
						"Tail5": { "rotationX": 0.0, "rotationY": 2.0, "rotationZ": 0.0 },
						"Tail6": { "rotationX": 0.0, "rotationY": 2.0, "rotationZ": 0.0 }
					}
				},
				{
					"frame": 24,
					"elements": {
						"Body": {  },
						"BLLeg_Limb": { "rotationX": -22.5, "rotationY": 0.0, "rotationZ": 0.0 },
						"FRLeg28": {  },
						"FRLeg29": {  },
						"FRLeg30": {  },
						"FRLeg31": { "rotationX": -18.0, "rotationY": 0.0, "rotationZ": 0.0 },
						"FRLeg_Limb": { "rotationX": 22.5, "rotationY": 0.0, "rotationZ": 0.0 },
						"FRLeg1": {  },
						"FRLeg2": {  },
						"FRLeg3": {  },
						"FRLeg4": { "rotationX": -18.0, "rotationY": 0.0, "rotationZ": 0.0 }
					}
				}
			]
		},

		{
			"name": "Hurt",
			"code": "hurt",
			"quantityframes": 30,
			"onActivityStopped": "PlayTillEnd",
			"onAnimationEnd": "Stop",
			"keyframes": [
				{
					"frame": 0,
					"elements": {
						"Body": { "offsetX": 0.0, "offsetY": 0.0, "offsetZ": 0.0 },
						"FLLeg_Limb": { "rotationX": 0.0, "rotationY": 0.0, "rotationZ": 0.0 },
						"BLLeg_Limb": { "rotationX": 0.0, "rotationY": 0.0, "rotationZ": 0.0 },
						"FRLeg_Limb": { "rotationX": 0.0, "rotationY": 0.0, "rotationZ": 0.0 },
						"BRLeg_Limb": { "rotationX": 0.0, "rotationY": 0.0, "rotationZ": 0.0 },
						"Neck": { "rotationX": 0.0, "rotationY": 0.0, "rotationZ": 0.0 },
						"Head": { "rotationX": 0.0, "rotationY": 0.0, "rotationZ": 0.0 },
						"fibris2": { "rotationX": 0.0, "rotationY": 0.0, "rotationZ": 0.0 },
						"Cube35": { "rotationX": 0.0, "rotationY": 0.0, "rotationZ": 0.0 },
						"fibris": { "rotationX": 0.0, "rotationY": 0.0, "rotationZ": 0.0 },
						"Cube1": { "rotationX": 0.0, "rotationY": 0.0, "rotationZ": 0.0 },
						"Tail1": { "rotationX": 0.0, "rotationY": 0.0, "rotationZ": 0.0 },
						"Tail2": { "rotationX": 0.0, "rotationY": 0.0, "rotationZ": 0.0 },
						"Tail3": { "rotationX": 0.0, "rotationY": 0.0, "rotationZ": 0.0 },
						"Tail4": { "rotationX": 0.0, "rotationY": 0.0, "rotationZ": 0.0 },
						"Tail5": { "rotationX": 0.0, "rotationY": 0.0, "rotationZ": 0.0 },
						"Tail6": { "rotationX": 0.0, "rotationY": 0.0, "rotationZ": 0.0 }
					}
				},
				{
					"frame": 7,
					"elements": {
						"Body": { "offsetX": 0.800000011920929, "offsetY": -0.2800000041723251, "offsetZ": 0.0 },
						"FLLeg_Limb": { "rotationX": -7.0, "rotationY": -17.0, "rotationZ": 0.0 },
						"BLLeg_Limb": { "rotationX": -8.0, "rotationY": -19.0, "rotationZ": 0.0 },
						"FRLeg_Limb": { "rotationX": 5.0, "rotationY": 21.0, "rotationZ": 0.0 },
						"BRLeg_Limb": { "rotationX": 8.0, "rotationY": 23.0, "rotationZ": 0.0 },
						"Neck": { "rotationX": 0.0, "rotationY": 0.0, "rotationZ": -6.0 },
						"Head": { "rotationX": 0.0, "rotationY": 0.0, "rotationZ": -8.0 },
						"fibris2": { "rotationX": 0.0, "rotationY": 0.0, "rotationZ": 12.0 },
						"Cube35": { "rotationX": 0.0, "rotationY": 0.0, "rotationZ": 17.0 },
						"fibris": { "rotationX": 0.0, "rotationY": 0.0, "rotationZ": 14.0 },
						"Cube1": { "rotationX": 0.0, "rotationY": 0.0, "rotationZ": 18.0 },
						"Tail1": { "rotationX": 0.0, "rotationY": 0.0, "rotationZ": -4.0 },
						"Tail2": { "rotationX": 0.0, "rotationY": 0.0, "rotationZ": -3.0 },
						"Tail3": { "rotationX": 0.0, "rotationY": 0.0, "rotationZ": -4.0 },
						"Tail4": { "rotationX": 0.0, "rotationY": 0.0, "rotationZ": 4.0 },
						"Tail5": { "rotationX": 0.0, "rotationY": 0.0, "rotationZ": 4.0 },
						"Tail6": { "rotationX": 0.0, "rotationY": 0.0, "rotationZ": 6.0 }
					}
				},
				{
					"frame": 11,
					"elements": {
						"Body": {  },
						"BRLeg_Limb": { "rotationX": 0.0, "rotationY": 6.0, "rotationZ": 0.0 },
						"BLLeg_Limb": { "rotationX": 0.0, "rotationY": 4.0, "rotationZ": 0.0 }
					}
				}
			]
		},

		{
			"name": "Die",
			"code": "die",
			"quantityframes": 29,
			"onActivityStopped": "PlayTillEnd",
			"onAnimationEnd": "Hold",
			"keyframes": [
				{
					"frame": 0,
					"elements": {
						"Body": { "offsetX": 0.0, "offsetY": 0.0, "offsetZ": 0.0, "rotationX": 0.0, "rotationY": 0.0, "rotationZ": 0.0 },
						"Neck": { "rotationX": 0.0, "rotationY": 0.0, "rotationZ": 0.0 },
						"Head": { "rotationX": 0.0, "rotationY": 0.0, "rotationZ": 0.0 },
						"fibris2": { "rotationX": 0.0, "rotationY": 0.0, "rotationZ": 0.0 },
						"Cube35": { "rotationX": 0.0, "rotationY": 0.0, "rotationZ": 0.0 },
						"fibris": { "rotationX": 0.0, "rotationY": 0.0, "rotationZ": 0.0 },
						"Cube1": { "rotationX": 0.0, "rotationY": 0.0, "rotationZ": 0.0 },
						"Face": {  },
						"REye39": {  },
						"Pupil40": { "offsetX": 0.0, "offsetY": 0.0, "offsetZ": 0.0 },
						"REye": {  },
						"Pupil1": { "offsetX": 0.0, "offsetY": 0.0, "offsetZ": 0.0 },
						"FLLeg_Limb": { "rotationX": 0.0, "rotationY": 0.0, "rotationZ": 0.0 },
						"FRLeg23": { "rotationX": 0.0, "rotationY": 0.0, "rotationZ": 0.0 },
						"FRLeg24": {  },
						"FRLeg25": { "rotationX": 0.0, "rotationY": 0.0, "rotationZ": 0.0 },
						"FRLeg26": { "rotationX": 0.0, "rotationY": 0.0, "rotationZ": 0.0 },
						"BLLeg_Limb": {  },
						"FRLeg28": { "rotationX": 0.0, "rotationY": 0.0, "rotationZ": 0.0 },
						"FRLeg29": {  },
						"FRLeg30": { "rotationX": 0.0, "rotationY": 0.0, "rotationZ": 0.0 },
						"FRLeg31": { "rotationX": 0.0, "rotationY": 0.0, "rotationZ": 0.0 },
						"FRLeg_Limb": { "rotationX": 0.0, "rotationY": 0.0, "rotationZ": 0.0 },
						"FRLeg1": { "rotationX": 0.0, "rotationY": 0.0, "rotationZ": 0.0 },
						"FRLeg2": {  },
						"FRLeg3": { "rotationX": 0.0, "rotationY": 0.0, "rotationZ": 0.0 },
						"FRLeg4": { "rotationX": 0.0, "rotationY": 0.0, "rotationZ": 0.0 },
						"BRLeg_Limb": {  },
						"BRLeg1": { "rotationX": 0.0, "rotationY": 0.0, "rotationZ": 0.0 },
						"BRLeg2": {  },
						"BRLeg3": { "rotationX": 0.0, "rotationY": 0.0, "rotationZ": 0.0 },
						"BRLeg4": { "rotationX": 0.0, "rotationY": 0.0, "rotationZ": 0.0 },
						"Tail1": { "rotationX": 0.0, "rotationY": 0.0, "rotationZ": 0.0 },
						"Tail2": { "rotationX": 0.0, "rotationY": 0.0, "rotationZ": 0.0 },
						"Tail3": { "rotationX": 0.0, "rotationY": 0.0, "rotationZ": 0.0 },
						"Tail4": { "rotationX": 0.0, "rotationY": 0.0, "rotationZ": 0.0 },
						"Tail5": { "rotationX": 0.0, "rotationY": 0.0, "rotationZ": 0.0 },
						"Tail6": { "rotationX": 0.0, "rotationY": 0.0, "rotationZ": 0.0 }
					}
				},
				{
					"frame": 10,
					"elements": {
						"Body": { "rotationX": 0.0, "rotationY": 0.0, "rotationZ": -5.0 },
						"Tail1": { "rotationX": 0.0, "rotationY": 0.0, "rotationZ": 4.0 },
						"Tail2": { "rotationX": 0.0, "rotationY": 0.0, "rotationZ": 5.0 },
						"Tail3": { "rotationX": 0.0, "rotationY": 0.0, "rotationZ": 5.0 },
						"Tail4": { "rotationX": 0.0, "rotationY": 0.0, "rotationZ": 5.0 },
						"Tail5": { "rotationX": 0.0, "rotationY": 0.0, "rotationZ": 5.0 },
						"Tail6": { "rotationX": 0.0, "rotationY": 0.0, "rotationZ": 5.0 },
						"Neck": { "rotationX": 0.0, "rotationY": 0.0, "rotationZ": -6.0 },
						"Head": { "rotationX": 0.0, "rotationY": 0.0, "rotationZ": -8.0 },
						"BLLeg_Limb": {  },
						"FRLeg28": { "rotationX": 10.0, "rotationY": 0.0, "rotationZ": 0.0 },
						"BRLeg_Limb": {  },
						"BRLeg1": { "rotationX": 11.0, "rotationY": 0.0, "rotationZ": 0.0 }
					}
				},
				{
					"frame": 16,
					"elements": {
						"Body": { "offsetX": 0.0, "offsetY": 0.4000000059604645, "offsetZ": 0.0, "rotationX": 0.0, "rotationY": 0.0, "rotationZ": -14.0 },
						"Neck": { "rotationX": 0.0, "rotationY": 5.0, "rotationZ": -14.0 },
						"Head": { "rotationX": 0.0, "rotationY": 6.0, "rotationZ": -3.0 },
						"FLLeg_Limb": { "rotationX": 0.0, "rotationY": -15.0, "rotationZ": 0.0 },
						"FRLeg23": {  },
						"FRLeg24": {  },
						"FRLeg25": { "rotationX": 30.0, "rotationY": 0.0, "rotationZ": 0.0 },
						"FRLeg26": { "rotationX": -26.0, "rotationY": 0.0, "rotationZ": 0.0 },
						"FRLeg_Limb": { "rotationX": 0.0, "rotationY": 16.0, "rotationZ": 0.0 },
						"FRLeg1": {  },
						"FRLeg2": {  },
						"FRLeg3": { "rotationX": 23.0, "rotationY": 0.0, "rotationZ": 0.0 },
						"FRLeg4": { "rotationX": -33.0, "rotationY": 0.0, "rotationZ": 0.0 },
						"BLLeg_Limb": {  },
						"FRLeg28": { "rotationX": 20.0, "rotationY": 0.0, "rotationZ": 0.0 },
						"BRLeg_Limb": {  },
						"BRLeg1": { "rotationX": 19.0, "rotationY": 0.0, "rotationZ": 0.0 }
					}
				},
				{
					"frame": 28,
					"elements": {
						"Body": { "offsetX": 0.0, "offsetY": -0.6400000095367432, "offsetZ": 0.0, "rotationX": 0.0, "rotationY": 0.0, "rotationZ": 0.0 },
						"FLLeg_Limb": { "rotationX": 0.0, "rotationY": -33.0, "rotationZ": 0.0 },
						"FRLeg23": { "rotationX": -15.0, "rotationY": 0.0, "rotationZ": 0.0 },
						"FRLeg24": {  },
						"FRLeg25": { "rotationX": 79.0, "rotationY": 0.0, "rotationZ": 0.0 },
						"FRLeg26": { "rotationX": -70.0, "rotationY": 0.0, "rotationZ": 0.0 },
						"BLLeg_Limb": { "rotationX": 0.0, "rotationY": 14.0, "rotationZ": 0.0 },
						"FRLeg28": { "rotationX": -18.0, "rotationY": 0.0, "rotationZ": 0.0 },
						"FRLeg29": {  },
						"FRLeg30": { "rotationX": 87.0, "rotationY": 0.0, "rotationZ": 0.0 },
						"FRLeg31": { "rotationX": -78.0, "rotationY": 0.0, "rotationZ": 0.0 },
						"FRLeg_Limb": { "rotationX": 0.0, "rotationY": 40.0, "rotationZ": 0.0 },
						"FRLeg1": { "rotationX": -17.0, "rotationY": 0.0, "rotationZ": 0.0 },
						"FRLeg2": {  },
						"FRLeg3": { "rotationX": 84.0, "rotationY": 0.0, "rotationZ": 0.0 },
						"FRLeg4": { "rotationX": -82.0, "rotationY": 0.0, "rotationZ": 0.0 },
						"BRLeg_Limb": { "rotationX": 0.0, "rotationY": -25.0, "rotationZ": 0.0 },
						"BRLeg1": { "rotationX": -13.0, "rotationY": 0.0, "rotationZ": 0.0 },
						"BRLeg2": {  },
						"BRLeg3": { "rotationX": 77.0, "rotationY": 0.0, "rotationZ": 0.0 },
						"BRLeg4": { "rotationX": -69.0, "rotationY": 0.0, "rotationZ": 0.0 },
						"Neck": { "rotationX": 0.0, "rotationY": 0.0, "rotationZ": 9.0 },
						"Head": {  },
						"fibris2": { "rotationX": 54.0, "rotationY": 0.0, "rotationZ": 0.0 },
						"fibris": { "rotationX": -58.0, "rotationY": 0.0, "rotationZ": 0.0 },
						"Tail1": { "rotationX": 0.0, "rotationY": 0.0, "rotationZ": -2.0 },
						"Tail2": { "rotationX": 0.0, "rotationY": 0.0, "rotationZ": -2.0 },
						"Tail3": { "rotationX": 0.0, "rotationY": 0.0, "rotationZ": -1.0 },
						"Tail4": { "rotationX": 0.0, "rotationY": 0.0, "rotationZ": -1.0 }
					}
				}
			]
		},

		{
			"name": "Attack",
			"code": "attack",
			"quantityframes": 30,
			"onActivityStopped": "PlayTillEnd",
			"onAnimationEnd": "Stop",
			"keyframes": [
				{
					"frame": 0,
					"elements": {
						"Body": { "offsetX": 0.0, "offsetY": 0.0, "offsetZ": 0.0, "rotationX": 0.0, "rotationY": 0.0, "rotationZ": 0.0 },
						"Neck": { "rotationX": 0.0, "rotationY": 0.0, "rotationZ": 0.0 },
						"Head": { "rotationX": 0.0, "rotationY": 0.0, "rotationZ": 0.0 },
						"fibris2": { "rotationX": 0.0, "rotationY": 0.0, "rotationZ": 0.0 },
						"Cube35": { "rotationX": 0.0, "rotationY": 0.0, "rotationZ": 0.0 },
						"fibris": { "rotationX": 0.0, "rotationY": 0.0, "rotationZ": 0.0 },
						"Cube1": { "rotationX": 0.0, "rotationY": 0.0, "rotationZ": 0.0 },
						"Face": {  },
						"REye": {  },
						"Pupil1": { "offsetX": 0.0, "offsetY": 0.0, "offsetZ": 0.0 },
						"REye39": {  },
						"Pupil40": { "offsetX": 0.0, "offsetY": 0.0, "offsetZ": 0.0 },
						"FLLeg_Limb": { "rotationX": 0.0, "rotationY": 0.0, "rotationZ": 0.0 },
						"FRLeg23": { "rotationX": 0.0, "rotationY": 0.0, "rotationZ": 0.0 },
						"FRLeg24": {  },
						"FRLeg25": { "rotationX": 0.0, "rotationY": 0.0, "rotationZ": 0.0 },
						"FRLeg26": { "rotationX": 0.0, "rotationY": 0.0, "rotationZ": 0.0 },
						"BLLeg_Limb": {  },
						"FRLeg28": { "rotationX": 0.0, "rotationY": 0.0, "rotationZ": 0.0 },
						"FRLeg29": {  },
						"FRLeg30": { "rotationX": 0.0, "rotationY": 0.0, "rotationZ": 0.0 },
						"FRLeg31": { "rotationX": 0.0, "rotationY": 0.0, "rotationZ": 0.0 },
						"FRLeg_Limb": { "rotationX": 0.0, "rotationY": 0.0, "rotationZ": 0.0 },
						"FRLeg1": { "rotationX": 0.0, "rotationY": 0.0, "rotationZ": 0.0 },
						"FRLeg2": {  },
						"FRLeg3": { "rotationX": 0.0, "rotationY": 0.0, "rotationZ": 0.0 },
						"FRLeg4": { "rotationX": 0.0, "rotationY": 0.0, "rotationZ": 0.0 },
						"BRLeg_Limb": {  },
						"BRLeg1": { "rotationX": 0.0, "rotationY": 0.0, "rotationZ": 0.0 },
						"BRLeg2": {  },
						"BRLeg3": { "rotationX": 0.0, "rotationY": 0.0, "rotationZ": 0.0 },
						"BRLeg4": { "rotationX": 0.0, "rotationY": 0.0, "rotationZ": 0.0 },
						"Tail1": { "rotationX": 0.0, "rotationY": 0.0, "rotationZ": 0.0 },
						"Tail2": { "rotationX": 0.0, "rotationY": 0.0, "rotationZ": 0.0 },
						"Tail3": { "rotationX": 0.0, "rotationY": 0.0, "rotationZ": 0.0 },
						"Tail4": { "rotationX": 0.0, "rotationY": 0.0, "rotationZ": 0.0 },
						"Tail5": { "rotationX": 0.0, "rotationY": 0.0, "rotationZ": 0.0 },
						"Tail6": { "rotationX": 0.0, "rotationY": 0.0, "rotationZ": 0.0 },
						"Sting1": { "rotationX": 0.0, "rotationY": 0.0, "rotationZ": 0.0 }
					}
				},
				{
					"frame": 7,
					"elements": {
						"Body": { "offsetX": 0.4000000059604645, "offsetY": -0.4000000059604645, "offsetZ": 0.0, "rotationX": 0.0, "rotationY": 0.0, "rotationZ": 8.0 },
						"FLLeg_Limb": {  },
						"FRLeg23": { "rotationX": 9.0, "rotationY": 0.0, "rotationZ": 0.0 },
						"FRLeg24": {  },
						"FRLeg25": { "rotationX": 0.0, "rotationY": 0.0, "rotationZ": 12.0 },
						"FRLeg26": { "rotationX": -17.0, "rotationY": 0.0, "rotationZ": 0.0 },
						"FRLeg_Limb": {  },
						"FRLeg1": { "rotationX": 9.0, "rotationY": 0.0, "rotationZ": 0.0 },
						"FRLeg2": {  },
						"FRLeg3": { "rotationX": 0.0, "rotationY": 0.0, "rotationZ": -13.0 },
						"FRLeg4": { "rotationX": -14.0, "rotationY": 0.0, "rotationZ": 0.0 },
						"BLLeg_Limb": {  },
						"FRLeg28": { "rotationX": -7.0, "rotationY": 0.0, "rotationZ": 0.0 },
						"FRLeg29": {  },
						"FRLeg30": { "rotationX": 0.0, "rotationY": 0.0, "rotationZ": 8.0 },
						"FRLeg31": { "rotationX": 11.0, "rotationY": 0.0, "rotationZ": 0.0 },
						"BRLeg_Limb": {  },
						"BRLeg1": { "rotationX": -9.0, "rotationY": 0.0, "rotationZ": 0.0 },
						"BRLeg2": {  },
						"BRLeg3": { "rotationX": 0.0, "rotationY": 0.0, "rotationZ": -10.0 },
						"BRLeg4": { "rotationX": 11.0, "rotationY": 0.0, "rotationZ": 0.0 },
						"Neck": { "rotationX": 0.0, "rotationY": 0.0, "rotationZ": -6.0 },
						"Head": { "rotationX": 0.0, "rotationY": 0.0, "rotationZ": -10.0 },
						"fibris2": { "rotationX": -12.0, "rotationY": 0.0, "rotationZ": 0.0 },
						"Cube35": { "rotationX": -16.0, "rotationY": 0.0, "rotationZ": 0.0 },
						"fibris": { "rotationX": 9.0, "rotationY": 0.0, "rotationZ": 0.0 },
						"Cube1": { "rotationX": 15.0, "rotationY": 0.0, "rotationZ": 0.0 },
						"Face": {  },
						"REye39": {  },
						"Pupil40": { "offsetX": 0.0, "offsetY": 0.4000000059604645, "offsetZ": 0.0 },
						"REye": {  },
						"Pupil1": { "offsetX": 0.0, "offsetY": 0.4000000059604645, "offsetZ": 0.0 },
						"Tail1": { "rotationX": 0.0, "rotationY": 0.0, "rotationZ": 2.0 },
						"Tail2": { "rotationX": 0.0, "rotationY": 0.0, "rotationZ": 2.0 },
						"Tail3": { "rotationX": 0.0, "rotationY": 0.0, "rotationZ": 3.0 },
						"Tail4": { "rotationX": 0.0, "rotationY": 0.0, "rotationZ": 3.0 },
						"Tail5": { "rotationX": 0.0, "rotationY": 0.0, "rotationZ": 3.0 },
						"Tail6": { "rotationX": 0.0, "rotationY": 0.0, "rotationZ": 3.0 },
						"Sting1": { "rotationX": 0.0, "rotationY": 0.0, "rotationZ": 3.0 }
					}
				},
				{
					"frame": 15,
					"elements": {
						"Body": { "offsetX": 1.2000000178813934, "offsetY": -0.800000011920929, "offsetZ": 0.0, "rotationX": 0.0, "rotationY": 0.0, "rotationZ": 15.0 },
						"Tail1": { "rotationX": 0.0, "rotationY": 0.0, "rotationZ": 23.0 },
						"Tail2": { "rotationX": 0.0, "rotationY": 0.0, "rotationZ": 28.0 },
						"Tail3": { "rotationX": 0.0, "rotationY": 0.0, "rotationZ": 27.0 },
						"Tail4": { "rotationX": 0.0, "rotationY": 0.0, "rotationZ": 24.0 },
						"Tail5": { "rotationX": 0.0, "rotationY": 0.0, "rotationZ": 23.0 },
						"Tail6": { "rotationX": 0.0, "rotationY": 0.0, "rotationZ": 27.0 },
						"Sting1": { "rotationX": 0.0, "rotationY": 0.0, "rotationZ": 36.0 },
						"BLLeg_Limb": {  },
						"FRLeg28": { "rotationX": -17.0, "rotationY": 0.0, "rotationZ": 0.0 },
						"BRLeg_Limb": {  },
						"BRLeg1": { "rotationX": -16.0, "rotationY": 0.0, "rotationZ": 0.0 },
						"Neck": {  },
						"Head": {  },
						"fibris2": { "rotationX": 20.0, "rotationY": 0.0, "rotationZ": 0.0 },
						"fibris": { "rotationX": -18.0, "rotationY": 0.0, "rotationZ": 0.0 },
						"Face": {  },
						"REye": {  },
						"Pupil1": { "offsetX": 0.0, "offsetY": 0.4000000059604645, "offsetZ": 0.0 },
						"REye39": {  },
						"Pupil40": { "offsetX": 0.0, "offsetY": 0.4000000059604645, "offsetZ": 0.0 },
						"FLLeg_Limb": { "rotationX": 0.0, "rotationY": -27.0, "rotationZ": 0.0 },
						"FRLeg23": {  },
						"FRLeg24": {  },
						"FRLeg25": { "rotationX": 20.0, "rotationY": 0.0, "rotationZ": 0.0 },
						"FRLeg26": { "rotationX": -23.0, "rotationY": 0.0, "rotationZ": 0.0 },
						"FRLeg_Limb": { "rotationX": 0.0, "rotationY": 27.0, "rotationZ": 0.0 },
						"FRLeg1": {  },
						"FRLeg2": {  },
						"FRLeg3": { "rotationX": 21.0, "rotationY": 0.0, "rotationZ": 0.0 },
						"FRLeg4": { "rotationX": -31.0, "rotationY": 0.0, "rotationZ": 0.0 }
					}
				}
			]
		}
	]
}