[
{
	ingredientPattern: "S",
	requiresTrait: "greenthumb",
	ingredients: {
		"S": { type: "item", code: "game:vegetable-carrot" }
	},
	width: 1,
	height: 1,
	"shapeless": true,
	output: { type: "item", code: "game:seeds-carrot", quantity: 1  }
},
{
	ingredientPattern: "S",
	requiresTrait: "greenthumb",
	ingredients: {
		"S": { type: "item", code: "game:grain-flax" }
	},
	width: 1,
	height: 1,
	"shapeless": true,
	output: { type: "item", code: "game:seeds-flax", quantity: 1  }
},
{
	ingredientPattern: "S",
	requiresTrait: "greenthumb",
	ingredients: {
		"S": { type: "item", code: "game:vegetable-onion" }
	},
	width: 1,
	height: 1,
	"shapeless": true,
	output: { type: "item", code: "game:seeds-onion", quantity: 1  }
},
{
	ingredientPattern: "S",
	requiresTrait: "greenthumb",
	ingredients: {
		"S": { type: "item", code: "game:grain-spelt" }
	},
	width: 1,
	height: 1,
	"shapeless": true,
	output: { type: "item", code: "game:seeds-spelt", quantity: 1  }
},
{
	ingredientPattern: "S",
	requiresTrait: "greenthumb",
	ingredients: {
		"S": { type: "item", code: "game:vegetable-turnip" }
	},
	width: 1,
	height: 1,
	"shapeless": true,
	output: { type: "item", code: "game:seeds-turnip", quantity: 1  }
},
{
	ingredientPattern: "S",
	requiresTrait: "greenthumb",
	ingredients: {
		"S": { type: "item", code: "game:vegetable-parsnip" }
	},
	width: 1,
	height: 1,
	"shapeless": true,
	output: { type: "item", code: "game:seeds-parsnip", quantity: 1  }
},
{
	ingredientPattern: "S",
	requiresTrait: "greenthumb",
	ingredients: {
		"S": { type: "item", code: "game:grain-rice" }
	},
	width: 1,
	height: 1,
	"shapeless": true,
	output: { type: "item", code: "game:seeds-rice", quantity: 1  }
},
{
	ingredientPattern: "S",
	requiresTrait: "greenthumb",
	ingredients: {
		"S": { type: "item", code: "game:grain-rye" }
	},
	width: 1,
	height: 1,
	"shapeless": true,
	output: { type: "item", code: "game:seeds-rye", quantity: 1  }
},
{
	ingredientPattern: "S",
	requiresTrait: "greenthumb",
	ingredients: {
		"S": { type: "item", code: "game:legume-soybean" }
	},
	width: 1,
	height: 1,
	"shapeless": true,
	output: { type: "item", code: "game:seeds-soybean", quantity: 1  }
},
{
	ingredientPattern: "S",
	requiresTrait: "greenthumb",
	ingredients: {
		"S": { type: "item", code: "game:vegetable-cabbage" }
	},
	width: 1,
	height: 1,
	"shapeless": true,
	output: { type: "item", code: "game:seeds-cabbage", quantity: 1  }
},
]