{
	ingredientPattern: "_S_,BBB,MFM",
	"_comment": "pemmican is concentrated protein for long trips and packs tight. Its rock hard and unappetizing when raw. Best when heated because one portion becomes many",
	

	ingredients: {
		"S": {type: "item", code: "game:stone-*"	},
		"B": { type: "item", code: "game:fruit-*"	},
		"M": { type: "item", code: "game:bushmeat-raw"	},
		"F": { type: "item", code: "game:fat" }
	},
	width: 3,
	height: 3,
	output: { type: "item", code: "pemmican-ball", quantity: 6  }
}