[
{
	ingredientPattern: "T_,SR",
	ingredients: {
		"T": { type: "item", code: "hoehead-*", name: "metal"  },
		"S": { type: "item", code: "weaponpacka:haftmedium" },
		"R": { type: "item", code: "rope" }
	},
	width: 2,
	height: 2,
	shapeless: true,
	output: { type: "item", code: "hoe-{metal}", quantity: 1  }
},
{
	ingredientPattern: "T_,SR",
	ingredients: {
		"T": { type: "item", code: "hoehead-*", name: "stone", allowedVariants: ["granite", "andesite", "basalt", "obsidian", "flint", "peridotite"]    },
		"S": { type: "item", code: "stick" },
		"R": { type: "item", code: "rope" }
	},
	width: 2,
	height: 2,
	shapeless: true,
	output: { type: "item", code: "hoe-{stone}", quantity: 1  }
}
]