[
  {
	ingredientPattern: "MF",
	ingredients: {
		"M": { 
			type: "item", 
			code: "acornbreadedmeatnugget-*-redmeat-cooked", name: "type", allowedVariants: ["flax", "rice", "rye", "spelt"],
			name: "type",
		},
		"F": { 
			type: "block", 
			code: "game:woodbucket"
		},
	},
	width: 2,
	height: 1,
	name: "fishy breaded meat",
	attributes: {
		liquidContainerProps: {
			requiresContent: { type: "item", code: "game:fishsauce" },
			requiresQuantity: 1
		}
	},
	output: { type: "item", code: "acornfishbreadedmeatnugget-{type}-redmeat-cooked"  }
  },
  {
	ingredientPattern: "MF",
	ingredients: {
		"M": { 
			type: "item", 
			code: "acornbreadedmeatnugget-*-redmeat-tender", name: "type", allowedVariants: ["flax", "rice", "rye", "spelt"],
			name: "type",
		},
		"F": { 
			type: "block", 
			code: "game:woodbucket"
		},
	},
	width: 2,
	height: 1,
	name: "fishy breaded meat",
	attributes: {
		liquidContainerProps: {
			requiresContent: { type: "item", code: "game:fishsauce" },
			requiresQuantity: 1
		}
	},
	output: { type: "item", code: "acornfishbreadedmeatnugget-{type}-redmeat-tender"  }
  },
  {
	ingredientPattern: "MF",
	ingredients: {
		"M": { 
			type: "item", 
			code: "acornbreadedmeatnugget-*-bushmeat-cooked", name: "type", allowedVariants: ["flax", "rice", "rye", "spelt"],
			name: "type",
		},
		"F": { 
			type: "block", 
			code: "game:woodbucket"
		},
	},
	width: 2,
	height: 1,
	name: "fishy breaded meat",
	attributes: {
		liquidContainerProps: {
			requiresContent: { type: "item", code: "game:fishsauce" },
			requiresQuantity: 1
		}
	},
	output: { type: "item", code: "acornfishbreadedmeatnugget-{type}-bushmeat-cooked"  }
  },
  {
	ingredientPattern: "MF",
	ingredients: {
		"M": { 
			type: "item", 
			code: "acornbreadedmeatnugget-*-bushmeat-tender", name: "type", allowedVariants: ["flax", "rice", "rye", "spelt"],
			name: "type",
		},
		"F": { 
			type: "block", 
			code: "game:woodbucket"
		},
	},
	width: 2,
	height: 1,
	name: "fishy breaded meat",
	attributes: {
		liquidContainerProps: {
			requiresContent: { type: "item", code: "game:fishsauce" },
			requiresQuantity: 1
		}
	},
	output: { type: "item", code: "acornfishbreadedmeatnugget-{type}-bushmeat-tender"  }
  },
  {
	ingredientPattern: "MF",
	ingredients: {
		"M": { 
			type: "item", 
			code: "acornbreadedmeatnugget-*-poultry-cooked", name: "type", allowedVariants: ["flax", "rice", "rye", "spelt"],
			name: "type",
		},
		"F": { 
			type: "block", 
			code: "game:woodbucket"
		},
	},
	width: 2,
	height: 1,
	name: "fishy breaded meat",
	attributes: {
		liquidContainerProps: {
			requiresContent: { type: "item", code: "game:fishsauce" },
			requiresQuantity: 1
		}
	},
	output: { type: "item", code: "acornfishbreadedmeatnugget-{type}-poultry-cooked"  }
  },
  {
	ingredientPattern: "MF",
	ingredients: {
		"M": { 
			type: "item", 
			code: "acornbreadedmeatnugget-*-poultry-tender", name: "type", allowedVariants: ["flax", "rice", "rye", "spelt"],
			name: "type",
		},
		"F": { 
			type: "block", 
			code: "game:woodbucket"
		},
	},
	width: 2,
	height: 1,
	name: "fishy breaded meat",
	attributes: {
		liquidContainerProps: {
			requiresContent: { type: "item", code: "game:fishsauce" },
			requiresQuantity: 1
		}
	},
	output: { type: "item", code: "acornfishbreadedmeatnugget-{type}-poultry-tender"  }
  },
]