[
 {
	ingredientPattern: "_S_,BBB,MFM",
	ingredients: {
		"S": { 	type: "item", code: "game:stone-*"	},
		"B": { 	type: "item", code: "game:fruit-*"	},
		"M": {			
			type: "item", 
			code: "primitivesurvival:fishfillet-raw", 
			name: "fish",
			quantity: 2
			},
		"F": { 	type: "item", code: "game:fat" }
	},
	width: 3,
	height: 3,
	output: { type: "item", code: "pemmicanfish-ball", quantity: 6  }
 },
 {
	ingredientPattern: "PPP	PPP",
	ingredients: {
		"P": { type: "item", code: "pemmicanfish-ball"  }
	},
	name: "pemmicanfish-block",
	width: 3,
	height: 2,
	shapeless: false,
	output: { type: "item", code: "pemmicanfish-block", quantity: 1  }
}
]