{
	"editor": {
		"allAngles": false,
		"entityTextureMode": false
	},
	"textureWidth": 16,
	"textureHeight": 16,
	"textureSizes": {
	},
	"textures": {
	},
	"elements": [
		{
			"name": "waist",
			"from": [ 6.0, 8.0, 6.0 ], 
			"to": [ 10.0, 12.0, 9.0 ], 
			"rotationOrigin": [ 8.0, 8.0, 7.5 ],
			"faces": {
				"north": { "texture": "#null", "uv": [ 0.0, 0.0, 4.0, 4.0 ] },
				"east": { "texture": "#null", "uv": [ 0.0, 0.0, 3.0, 4.0 ] },
				"south": { "texture": "#null", "uv": [ 0.0, 0.0, 4.0, 4.0 ] },
				"west": { "texture": "#null", "uv": [ 0.0, 0.0, 3.0, 4.0 ] },
				"up": { "texture": "#null", "uv": [ 0.0, 0.0, 4.0, 3.0 ] },
				"down": { "texture": "#null", "uv": [ 0.0, 0.0, 4.0, 3.0 ] }
			},
			"children": [
				{
					"name": "chest",
					"from": [ -0.5, 2.8, -0.4 ], 
					"to": [ 4.5, 5.8, 3.6 ], 
					"rotationOrigin": [ 2.2, 2.8, 1.7 ],
					"rotationX": 22.5,
					"faces": {
						"north": { "texture": "#null", "uv": [ 0.0, 0.0, 5.0, 3.0 ] },
						"east": { "texture": "#null", "uv": [ 0.0, 0.0, 4.0, 3.0 ] },
						"south": { "texture": "#null", "uv": [ 0.0, 0.0, 5.0, 3.0 ] },
						"west": { "texture": "#null", "uv": [ 0.0, 0.0, 4.0, 3.0 ] },
						"up": { "texture": "#null", "uv": [ 0.0, 0.0, 5.0, 4.0 ] },
						"down": { "texture": "#null", "uv": [ 0.0, 0.0, 5.0, 4.0 ] }
					},
					"children": [
						{
							"name": "upper_body",
							"from": [ -0.4, 1.9, -0.5 ], 
							"to": [ 5.6, 3.9, 4.5 ], 
							"rotationOrigin": [ 2.7, 1.9, 2.0 ],
							"rotationX": 22.5,
							"faces": {
								"north": { "texture": "#null", "uv": [ 0.0, 0.0, 6.0, 2.0 ] },
								"east": { "texture": "#null", "uv": [ 0.0, 0.0, 5.0, 2.0 ] },
								"south": { "texture": "#null", "uv": [ 0.0, 0.0, 6.0, 2.0 ] },
								"west": { "texture": "#null", "uv": [ 0.0, 0.0, 5.0, 2.0 ] },
								"up": { "texture": "#null", "uv": [ 0.0, 0.0, 6.0, 5.0 ] },
								"down": { "texture": "#null", "uv": [ 0.0, 0.0, 6.0, 5.0 ] }
							},
							"children": [
								{
									"name": "hump",
									"from": [ 1.4, 1.1, 0.6 ], 
									"to": [ 4.4, 3.1, 3.6 ], 
									"rotationOrigin": [ 3.0, 2.0, 2.0 ],
									"rotationX": 22.5,
									"faces": {
										"north": { "texture": "#null", "uv": [ 0.0, 0.0, 3.0, 2.0 ] },
										"east": { "texture": "#null", "uv": [ 0.0, 0.0, 3.0, 2.0 ] },
										"south": { "texture": "#null", "uv": [ 0.0, 0.0, 3.0, 2.0 ] },
										"west": { "texture": "#null", "uv": [ 0.0, 0.0, 3.0, 2.0 ] },
										"up": { "texture": "#null", "uv": [ 0.0, 0.0, 3.0, 3.0 ] },
										"down": { "texture": "#null", "uv": [ 0.0, 0.0, 3.0, 3.0 ] }
									},
									"children": [
										{
											"name": "neck",
											"from": [ 0.3, 0.8, 0.5 ], 
											"to": [ 2.7, 3.3, 2.7 ], 
											"rotationOrigin": [ 1.4, 1.9, 1.6 ],
											"faces": {
												"north": { "texture": "#null", "uv": [ 0.0, 0.0, 2.0, 2.5 ] },
												"east": { "texture": "#null", "uv": [ 0.0, 0.0, 2.0, 2.5 ] },
												"south": { "texture": "#null", "uv": [ 0.0, 0.0, 2.0, 2.5 ] },
												"west": { "texture": "#null", "uv": [ 0.0, 0.0, 2.0, 2.5 ] },
												"up": { "texture": "#null", "uv": [ 0.0, 0.0, 2.0, 2.0 ] },
												"down": { "texture": "#null", "uv": [ 0.0, 0.0, 2.0, 2.0 ] }
											},
											"children": [
												{
													"name": "neck2",
													"from": [ 0.4, 1.7, 0.4 ], 
													"to": [ 2.1, 3.4, 2.0 ], 
													"rotationOrigin": [ 1.3, 2.5, 1.2 ],
													"rotationX": 10.0,
													"faces": {
														"north": { "texture": "#null", "uv": [ 0.0, 0.0, 1.5, 1.5 ] },
														"east": { "texture": "#null", "uv": [ 0.0, 0.0, 1.5, 1.5 ] },
														"south": { "texture": "#null", "uv": [ 0.0, 0.0, 1.5, 1.5 ] },
														"west": { "texture": "#null", "uv": [ 0.0, 0.0, 1.5, 1.5 ] },
														"up": { "texture": "#null", "uv": [ 0.0, 0.0, 1.5, 1.5 ] },
														"down": { "texture": "#null", "uv": [ 0.0, 0.0, 1.5, 1.5 ] }
													},
													"children": [
														{
															"name": "occiput",
															"from": [ -0.7, -0.1, -0.8 ], 
															"to": [ 2.3, 2.2, 2.3 ], 
															"rotationOrigin": [ 0.8, 1.0, 0.7 ],
															"rotationX": 22.5,
															"faces": {
																"north": { "texture": "#null", "uv": [ 0.0, 0.0, 3.0, 2.0 ] },
																"east": { "texture": "#null", "uv": [ 0.0, 0.0, 3.0, 2.0 ] },
																"south": { "texture": "#null", "uv": [ 0.0, 0.0, 3.0, 2.0 ] },
																"west": { "texture": "#null", "uv": [ 0.0, 0.0, 3.0, 2.0 ] },
																"up": { "texture": "#null", "uv": [ 0.0, 0.0, 3.0, 3.0 ] },
																"down": { "texture": "#null", "uv": [ 0.0, 0.0, 3.0, 3.0 ] }
															},
															"children": [
																{
																	"name": "muzzle",
																	"from": [ 0.4, 0.8, 0.7 ], 
																	"to": [ 2.6, 4.8, 3.0 ], 
																	"rotationOrigin": [ 1.5, 2.6, 1.9 ],
																	"faces": {
																		"north": { "texture": "#null", "uv": [ 0.0, 0.0, 2.0, 4.0 ] },
																		"east": { "texture": "#null", "uv": [ 0.0, 0.0, 2.0, 4.0 ] },
																		"south": { "texture": "#null", "uv": [ 0.0, 0.0, 2.0, 4.0 ] },
																		"west": { "texture": "#null", "uv": [ 0.0, 0.0, 2.0, 4.0 ] },
																		"up": { "texture": "#null", "uv": [ 0.0, 0.0, 2.0, 2.0 ] },
																		"down": { "texture": "#null", "uv": [ 0.0, 0.0, 2.0, 2.0 ] }
																	},
																	"children": [
																		{
																			"name": "fall",
																			"from": [ 0.4, 3.3, 0.2 ], 
																			"to": [ 1.8, 5.8, 1.3 ], 
																			"rotationOrigin": [ 1.1, 3.4, 0.8 ],
																			"rotationX": 6.0,
																			"faces": {
																				"north": { "texture": "#null", "uv": [ 0.0, 0.0, 1.0, 2.5 ] },
																				"east": { "texture": "#null", "uv": [ 0.0, 0.0, 1.0, 2.5 ] },
																				"south": { "texture": "#null", "uv": [ 0.0, 0.0, 1.0, 2.5 ] },
																				"west": { "texture": "#null", "uv": [ 0.0, 0.0, 1.0, 2.5 ] },
																				"up": { "texture": "#null", "uv": [ 0.0, 0.0, 1.0, 1.0 ] },
																				"down": { "texture": "#null", "uv": [ 0.0, 0.0, 1.0, 1.0 ] }
																			},
																			"children": [
																				{
																					"name": "nose",
																					"from": [ 0.2, 2.5, 0.3 ], 
																					"to": [ 1.2, 4.1, 1.1 ], 
																					"rotationOrigin": [ 0.7, 2.5, 0.7 ],
																					"faces": {
																						"north": { "texture": "#null", "uv": [ 0.0, 0.0, 1.0, 1.5 ] },
																						"east": { "texture": "#null", "uv": [ 0.0, 0.0, 0.5, 1.5 ] },
																						"south": { "texture": "#null", "uv": [ 0.0, 0.0, 1.0, 1.5 ] },
																						"west": { "texture": "#null", "uv": [ 0.0, 0.0, 0.5, 1.5 ] },
																						"up": { "texture": "#null", "uv": [ 0.0, 0.0, 1.0, 0.5 ] },
																						"down": { "texture": "#null", "uv": [ 0.0, 0.0, 1.0, 0.5 ] }
																					},
																					"children": [
																						{
																							"name": "2",
																							"from": [ 0.15, 1.6, 0.2 ], 
																							"to": [ 0.85, 2.6, 0.8 ], 
																							"rotationOrigin": [ 0.5, 1.6, 0.5 ],
																							"faces": {
																								"north": { "texture": "#null", "uv": [ 0.0, 0.0, 0.5, 1.0 ] },
																								"east": { "texture": "#null", "uv": [ 0.0, 0.0, 0.5, 1.0 ] },
																								"south": { "texture": "#null", "uv": [ 0.0, 0.0, 0.5, 1.0 ] },
																								"west": { "texture": "#null", "uv": [ 0.0, 0.0, 0.5, 1.0 ] },
																								"up": { "texture": "#null", "uv": [ 0.0, 0.0, 0.5, 0.5 ] },
																								"down": { "texture": "#null", "uv": [ 0.0, 0.0, 0.5, 0.5 ] }
																							},
																							"children": [
																								{
																									"name": "",
																									"from": [ 0.0, 0.0, 0.0 ], 
																									"to": [ 0.7, 1.0, 0.6 ], 
																									"rotationOrigin": [ 0.4, 0.0, 0.3 ],
																									"faces": {
																										"north": { "texture": "#null", "uv": [ 0.0, 0.0, 0.5, 1.0 ] },
																										"east": { "texture": "#null", "uv": [ 0.0, 0.0, 0.5, 1.0 ] },
																										"south": { "texture": "#null", "uv": [ 0.0, 0.0, 0.5, 1.0 ] },
																										"west": { "texture": "#null", "uv": [ 0.0, 0.0, 0.5, 1.0 ] },
																										"up": { "texture": "#null", "uv": [ 0.0, 0.0, 0.5, 0.5 ] },
																										"down": { "texture": "#null", "uv": [ 0.0, 0.0, 0.5, 0.5 ] }
																									},
																									"children": [
																										{
																											"name": "4",
																											"from": [ 0.1, 1.0, 0.2 ], 
																											"to": [ 0.6, 2.0, 0.6 ], 
																											"rotationOrigin": [ 0.4, 1.0, 0.4 ],
																											"faces": {
																												"north": { "texture": "#null", "uv": [ 0.0, 0.0, 0.5, 1.0 ] },
																												"east": { "texture": "#null", "uv": [ 0.0, 0.0, 0.5, 1.0 ] },
																												"south": { "texture": "#null", "uv": [ 0.0, 0.0, 0.5, 1.0 ] },
																												"west": { "texture": "#null", "uv": [ 0.0, 0.0, 0.5, 1.0 ] },
																												"up": { "texture": "#null", "uv": [ 0.0, 0.0, 0.5, 0.5 ] },
																												"down": { "texture": "#null", "uv": [ 0.0, 0.0, 0.5, 0.5 ] }
																											},
																											"children": [
																												{
																													"name": "5",
																													"from": [ 0.1, 1.0, 0.2 ], 
																													"to": [ 0.4, 2.0, 0.4 ], 
																													"rotationOrigin": [ 0.2, 1.0, 0.3 ],
																													"faces": {
																														"north": { "texture": "#null", "uv": [ 0.0, 0.0, 0.5, 1.0 ] },
																														"east": { "texture": "#null", "uv": [ 0.0, 0.0, 0.5, 1.0 ] },
																														"south": { "texture": "#null", "uv": [ 0.0, 0.0, 0.5, 1.0 ] },
																														"west": { "texture": "#null", "uv": [ 0.0, 0.0, 0.5, 1.0 ] },
																														"up": { "texture": "#null", "uv": [ 0.0, 0.0, 0.5, 0.5 ] },
																														"down": { "texture": "#null", "uv": [ 0.0, 0.0, 0.5, 0.5 ] }
																													}
																												}
																											]
																										}
																									]
																								}
																							]
																						}
																					]
																				}
																			]
																		},
																		{
																			"name": "fall2",
																			"from": [ 0.6, 3.3, 1.3 ], 
																			"to": [ 1.5, 5.6, 1.9 ], 
																			"rotationOrigin": [ 1.1, 3.3, 1.6 ],
																			"faces": {
																				"north": { "texture": "#null", "uv": [ 0.0, 0.0, 0.5, 2.0 ] },
																				"east": { "texture": "#null", "uv": [ 0.0, 0.0, 0.5, 2.0 ] },
																				"south": { "texture": "#null", "uv": [ 0.0, 0.0, 0.5, 2.0 ] },
																				"west": { "texture": "#null", "uv": [ 0.0, 0.0, 0.5, 2.0 ] },
																				"up": { "texture": "#null", "uv": [ 0.0, 0.0, 0.5, 0.5 ] },
																				"down": { "texture": "#null", "uv": [ 0.0, 0.0, 0.5, 0.5 ] }
																			},
																			"children": [
																				{
																					"name": "nose2",
																					"from": [ 0.15, 2.3, 0.0 ], 
																					"to": [ 0.75, 3.3, 0.4 ], 
																					"rotationOrigin": [ 0.5, 2.3, 0.3 ],
																					"faces": {
																						"north": { "texture": "#null", "uv": [ 0.0, 0.0, 0.5, 1.0 ] },
																						"east": { "texture": "#null", "uv": [ 0.0, 0.0, 0.5, 1.0 ] },
																						"south": { "texture": "#null", "uv": [ 0.0, 0.0, 0.5, 1.0 ] },
																						"west": { "texture": "#null", "uv": [ 0.0, 0.0, 0.5, 1.0 ] },
																						"up": { "texture": "#null", "uv": [ 0.0, 0.0, 0.5, 0.5 ] },
																						"down": { "texture": "#null", "uv": [ 0.0, 0.0, 0.5, 0.5 ] }
																					},
																					"children": [
																						{
																							"name": "3",
																							"from": [ 0.0, 1.0, 0.0 ], 
																							"to": [ 0.6, 2.0, 0.2 ], 
																							"rotationOrigin": [ 0.3, 1.0, 0.1 ],
																							"faces": {
																								"north": { "texture": "#null", "uv": [ 0.0, 0.0, 0.5, 1.0 ] },
																								"east": { "texture": "#null", "uv": [ 0.0, 0.0, 0.5, 1.0 ] },
																								"south": { "texture": "#null", "uv": [ 0.0, 0.0, 0.5, 1.0 ] },
																								"west": { "texture": "#null", "uv": [ 0.0, 0.0, 0.5, 1.0 ] },
																								"up": { "texture": "#null", "uv": [ 0.0, 0.0, 0.5, 0.5 ] },
																								"down": { "texture": "#null", "uv": [ 0.0, 0.0, 0.5, 0.5 ] }
																							}
																						}
																					]
																				}
																			]
																		}
																	]
																},
																{
																	"name": "ears",
																	"from": [ -0.7, 0.4, 0.9 ], 
																	"to": [ 3.9, 1.7, 1.9 ], 
																	"rotationOrigin": [ -0.7, 1.0, 1.3 ],
																	"rotationX": 45.0,
																	"faces": {
																		"north": { "texture": "#null", "uv": [ 0.0, 0.0, 4.5, 1.0 ] },
																		"east": { "texture": "#null", "uv": [ 0.0, 0.0, 1.0, 1.0 ] },
																		"south": { "texture": "#null", "uv": [ 0.0, 0.0, 4.5, 1.0 ] },
																		"west": { "texture": "#null", "uv": [ 0.0, 0.0, 1.0, 1.0 ] },
																		"up": { "texture": "#null", "uv": [ 0.0, 0.0, 4.5, 1.0 ] },
																		"down": { "texture": "#null", "uv": [ 0.0, 0.0, 4.5, 1.0 ] }
																	},
																	"children": [
																		{
																			"name": "ears2",
																			"from": [ -0.4, 0.6, 0.3 ], 
																			"to": [ 5.0, 1.5, 1.2 ], 
																			"rotationOrigin": [ -0.4, 1.1, 0.7 ],
																			"faces": {
																				"north": { "texture": "#null", "uv": [ 0.0, 0.0, 5.0, 0.5 ] },
																				"east": { "texture": "#null", "uv": [ 0.0, 0.0, 0.5, 0.5 ] },
																				"south": { "texture": "#null", "uv": [ 0.0, 0.0, 5.0, 0.5 ] },
																				"west": { "texture": "#null", "uv": [ 0.0, 0.0, 0.5, 0.5 ] },
																				"up": { "texture": "#null", "uv": [ 0.0, 0.0, 5.0, 0.5 ] },
																				"down": { "texture": "#null", "uv": [ 0.0, 0.0, 5.0, 0.5 ] }
																			}
																		}
																	]
																}
															]
														}
													]
												}
											]
										}
									]
								}
							]
						}
					]
				}
			]
		}
	]}