{
	"editor": {
		"allAngles": false,
		"entityTextureMode": false
	},
	"textureWidth": 16,
	"textureHeight": 16,
	"textureSizes": {
	},
	"textures": {
		"limestone1": "game:block/stone/rock/limestone1",
		"tree": "game:block/plant/croton/tree",
		"corundum": "game:block/stone/gem/corundum"
	},
	"elements": [
		{
			"name": "body5",
			"from": [ 9.3, 22.47, 7.15 ], 
			"to": [ 20.5, 28.07, 11.35 ], 
			"rotationOrigin": [ 14.3, 22.467, 7.1535 ],
			"rotationY": -90.0,
			"faces": {
				"north": { "texture": "#tree", "uv": [ 4.0, 6.5, 9.0, 11.5 ], "autoUv": false },
				"east": { "texture": "#tree", "uv": [ 4.5, 6.0, 8.5, 11.5 ] },
				"south": { "texture": "#tree", "uv": [ 4.5, 6.5, 8.5, 12.5 ], "autoUv": false },
				"west": { "texture": "#tree", "uv": [ 5.0, 7.0, 9.0, 12.5 ] },
				"up": { "texture": "#tree", "uv": [ 5.0, 6.5, 8.0, 12.5 ], "autoUv": false },
				"down": { "texture": "#tree", "uv": [ 4.5, 6.0, 8.5, 12.0 ], "autoUv": false }
			},
			"children": [
				{
					"name": "leg1",
					"from": [ 0.4, -12.2, 1.35 ], 
					"to": [ 4.4, 1.8, 5.35 ], 
					"rotationOrigin": [ 2.4, 1.5, 3.0 ],
					"rotationX": -18.0,
					"faces": {
						"north": { "texture": "#tree", "uv": [ 5.0, 5.0, 7.0, 11.0 ], "autoUv": false },
						"east": { "texture": "#tree", "uv": [ 5.0, 4.5, 6.5, 10.0 ], "autoUv": false },
						"south": { "texture": "#tree", "uv": [ 5.0, 4.5, 7.0, 10.0 ], "autoUv": false },
						"west": { "texture": "#tree", "uv": [ 5.5, 5.0, 8.0, 11.5 ], "autoUv": false },
						"up": { "texture": "#tree", "uv": [ 4.5, 6.5, 6.5, 10.5 ], "autoUv": false },
						"down": { "texture": "#tree", "uv": [ 5.0, 6.5, 7.0, 10.5 ], "autoUv": false }
					},
					"children": [
						{
							"name": "leg1-2",
							"from": [ 0.4, -10.2, 0.4 ], 
							"to": [ 3.6, 1.0, 3.6 ], 
							"rotationOrigin": [ 2.0, 0.8, 2.0 ],
							"rotationX": 36.0,
							"faces": {
								"north": { "texture": "#tree", "uv": [ 4.5, 5.5, 6.5, 10.5 ], "autoUv": false },
								"east": { "texture": "#tree", "uv": [ 5.0, 6.0, 7.0, 12.0 ], "autoUv": false },
								"south": { "texture": "#tree", "uv": [ 4.5, 5.5, 6.5, 9.5 ], "autoUv": false },
								"west": { "texture": "#tree", "uv": [ 5.0, 4.5, 7.0, 10.5 ], "autoUv": false },
								"up": { "texture": "#tree", "uv": [ 4.5, 5.5, 6.5, 10.0 ], "autoUv": false },
								"down": { "texture": "#tree", "uv": [ 5.0, 6.0, 7.0, 10.0 ], "autoUv": false }
							},
							"children": [
								{
									"name": "leg1-3",
									"from": [ 0.2, -1.2, 0.4 ], 
									"to": [ 2.9, 1.6, 3.6 ], 
									"rotationOrigin": [ 0.2, -1.2, 0.4 ],
									"faces": {
										"north": { "texture": "#tree", "uv": [ 6.0, 7.5, 8.0, 9.5 ] },
										"east": { "texture": "#tree", "uv": [ 6.0, 7.0, 9.0, 9.0 ] },
										"south": { "texture": "#tree", "uv": [ 5.5, 7.5, 7.5, 9.5 ] },
										"west": { "texture": "#tree", "uv": [ 5.5, 8.0, 8.5, 10.0 ] },
										"up": { "texture": "#tree", "uv": [ 6.5, 7.0, 8.5, 10.0 ] },
										"down": { "texture": "#tree", "uv": [ 6.5, 7.0, 8.5, 10.0 ] }
									}
								}
							]
						}
					]
				},
				{
					"name": "leg2",
					"from": [ 6.7, -12.1982, 1.35 ], 
					"to": [ 10.7, 1.8018, 5.35 ], 
					"rotationOrigin": [ 8.7, 1.5, 3.0 ],
					"rotationX": -18.0,
					"faces": {
						"north": { "texture": "#tree", "uv": [ 5.5, 4.5, 7.0, 11.5 ], "autoUv": false },
						"east": { "texture": "#tree", "uv": [ 5.5, 4.5, 6.5, 9.0 ], "autoUv": false },
						"south": { "texture": "#tree", "uv": [ 5.0, 5.5, 6.5, 10.5 ], "autoUv": false },
						"west": { "texture": "#tree", "uv": [ 5.0, 4.5, 7.0, 10.0 ], "autoUv": false },
						"up": { "texture": "#tree", "uv": [ 5.5, 6.5, 7.0, 10.5 ], "autoUv": false },
						"down": { "texture": "#tree", "uv": [ 5.5, 6.5, 7.0, 10.5 ], "autoUv": false }
					},
					"children": [
						{
							"name": "leg2-2",
							"from": [ 0.4, -10.2, 0.4 ], 
							"to": [ 3.6, 1.0, 3.6 ], 
							"rotationOrigin": [ 2.1, 0.8, 2.1 ],
							"rotationX": 36.0,
							"faces": {
								"north": { "texture": "#tree", "uv": [ 5.5, 5.5, 7.0, 11.0 ], "autoUv": false },
								"east": { "texture": "#tree", "uv": [ 5.0, 6.0, 6.5, 11.5 ], "autoUv": false },
								"south": { "texture": "#tree", "uv": [ 5.5, 5.5, 7.0, 10.5 ], "autoUv": false },
								"west": { "texture": "#tree", "uv": [ 5.0, 4.5, 6.5, 10.0 ], "autoUv": false },
								"up": { "texture": "#tree", "uv": [ 5.0, 6.0, 7.0, 10.5 ], "autoUv": false },
								"down": { "texture": "#tree", "uv": [ 4.5, 5.5, 6.5, 10.0 ], "autoUv": false }
							},
							"children": [
								{
									"name": "leg2-3",
									"from": [ 0.2, -1.2, 0.4 ], 
									"to": [ 2.9, 1.6, 3.6 ], 
									"rotationOrigin": [ 0.2, -1.2, 0.4 ],
									"faces": {
										"north": { "texture": "#tree", "uv": [ 6.0, 7.5, 8.0, 9.5 ] },
										"east": { "texture": "#tree", "uv": [ 6.0, 7.0, 9.0, 9.0 ] },
										"south": { "texture": "#tree", "uv": [ 5.5, 7.5, 7.5, 9.5 ] },
										"west": { "texture": "#tree", "uv": [ 5.5, 8.0, 8.5, 10.0 ] },
										"up": { "texture": "#tree", "uv": [ 6.5, 7.0, 8.5, 10.0 ] },
										"down": { "texture": "#tree", "uv": [ 6.5, 7.0, 8.5, 10.0 ] }
									}
								}
							]
						}
					]
				},
				{
					"name": "body1",
					"from": [ -0.4, 0.533, 0.8465 ], 
					"to": [ 11.6, 14.533, 8.8465 ], 
					"rotationOrigin": [ 5.6, 0.533, 3.8465 ],
					"faces": {
						"north": { "texture": "#tree", "uv": [ 0.0, 0.0, 12.0, 14.0 ] },
						"east": { "texture": "#tree", "uv": [ 0.0, 0.0, 8.0, 14.0 ] },
						"south": { "texture": "#tree", "uv": [ 0.0, 0.0, 12.0, 14.0 ] },
						"west": { "texture": "#tree", "uv": [ 0.0, 0.0, 8.0, 14.0 ] },
						"up": { "texture": "#tree", "uv": [ 0.0, 0.0, 12.0, 8.0 ] },
						"down": { "texture": "#tree", "uv": [ 0.0, 0.0, 12.0, 8.0 ] }
					},
					"children": [
						{
							"name": "body2",
							"from": [ 0.4, 0.4, 5.6 ], 
							"to": [ 11.6, 13.6, 9.6 ], 
							"rotationOrigin": [ 0.4, 0.4, 5.6 ],
							"faces": {
								"north": { "texture": "#tree", "uv": [ 0.0, 0.0, 11.0, 13.0 ] },
								"east": { "texture": "#tree", "uv": [ 0.0, 0.0, 4.0, 13.0 ] },
								"south": { "texture": "#tree", "uv": [ 0.0, 0.0, 11.0, 13.0 ] },
								"west": { "texture": "#tree", "uv": [ 0.0, 0.0, 4.0, 13.0 ] },
								"up": { "texture": "#tree", "uv": [ 0.0, 0.0, 11.0, 4.0 ] },
								"down": { "texture": "#tree", "uv": [ 0.0, 0.0, 11.0, 4.0 ] }
							}
						},
						{
							"name": "neck1",
							"from": [ 0.6, 11.8, 0.6 ], 
							"to": [ 11.4, 15.8, 7.6 ], 
							"rotationOrigin": [ 5.6, 11.8, 4.6 ],
							"rotationX": 7.0,
							"rotationZ": -1.1,
							"faces": {
								"north": { "texture": "#tree", "uv": [ 4.5, 7.0, 8.5, 13.0 ], "autoUv": false },
								"east": { "texture": "#tree", "uv": [ 5.0, 6.5, 9.0, 11.5 ], "autoUv": false },
								"south": { "texture": "#tree", "uv": [ 4.5, 7.0, 9.5, 13.0 ], "autoUv": false },
								"west": { "texture": "#tree", "uv": [ 4.5, 6.5, 9.5, 11.5 ], "autoUv": false },
								"up": { "texture": "#tree", "uv": [ 5.0, 5.5, 9.0, 13.5 ], "autoUv": false },
								"down": { "texture": "#tree", "uv": [ 5.0, 6.5, 9.0, 14.5 ], "autoUv": false }
							},
							"children": [
								{
									"name": "neck2",
									"from": [ 0.8, 3.14, 0.3362 ], 
									"to": [ 10.0, 5.74, 6.1362 ], 
									"rotationOrigin": [ 5.8, 3.1409, 3.34 ],
									"rotationX": 5.0,
									"rotationZ": 1.1,
									"faces": {
										"north": { "texture": "#tree", "uv": [ 5.0, 6.5, 14.0, 9.0 ] },
										"east": { "texture": "#tree", "uv": [ 5.0, 7.5, 10.5, 10.0 ] },
										"south": { "texture": "#tree", "uv": [ 4.0, 7.0, 13.0, 9.5 ] },
										"west": { "texture": "#tree", "uv": [ 5.0, 6.5, 10.5, 9.0 ] },
										"up": { "texture": "#tree", "uv": [ 5.0, 6.5, 9.0, 13.5 ], "autoUv": false },
										"down": { "texture": "#tree", "uv": [ 5.5, 6.0, 9.5, 13.0 ], "autoUv": false }
									},
									"children": [
										{
											"name": "neck3",
											"from": [ 1.46, 1.5998, 0.6575 ], 
											"to": [ 7.86, 5.3998, 5.2575 ], 
											"rotationOrigin": [ 4.46, 1.5998, 2.66 ],
											"rotationX": 0.5,
											"rotationY": 1.2,
											"faces": {
												"north": { "texture": "#tree", "uv": [ 5.5, 7.5, 11.5, 10.5 ] },
												"east": { "texture": "#tree", "uv": [ 5.5, 7.0, 9.5, 10.0 ] },
												"south": { "texture": "#tree", "uv": [ 5.0, 7.0, 11.0, 10.0 ] },
												"west": { "texture": "#tree", "uv": [ 6.5, 6.0, 10.5, 9.0 ] },
												"up": { "texture": "#tree", "uv": [ 5.0, 7.5, 11.0, 11.5 ] },
												"down": { "texture": "#tree", "uv": [ 4.5, 7.0, 10.5, 11.0 ] }
											},
											"children": [
												{
													"name": "head1",
													"from": [ 0.34, 2.7693, 0.24 ], 
													"to": [ 5.94, 7.5693, 5.24 ], 
													"rotationOrigin": [ 3.34, 2.7693, 2.25 ],
													"rotationX": 12.0,
													"faces": {
														"north": { "texture": "#tree", "uv": [ 5.0, 6.5, 10.0, 10.5 ] },
														"east": { "texture": "#tree", "uv": [ 8.0, 4.5, 13.0, 8.5 ] },
														"south": { "texture": "#tree", "uv": [ 7.5, 5.5, 12.5, 9.5 ] },
														"west": { "texture": "#tree", "uv": [ 8.0, 5.0, 13.0, 9.0 ] },
														"up": { "texture": "#tree", "uv": [ 5.0, 6.5, 10.0, 11.5 ] },
														"down": { "texture": "#tree", "uv": [ 5.5, 6.0, 10.5, 11.0 ] }
													},
													"children": [
														{
															"name": "head2",
															"from": [ -1.2, 3.2, -2.8 ], 
															"to": [ 6.8, 8.6, 5.8 ], 
															"rotationOrigin": [ 2.8, 3.2, 1.2 ],
															"rotationX": -9.0,
															"faces": {
																"north": { "texture": "#tree", "uv": [ 5.0, 6.5, 6.0, 10.0 ], "autoUv": false },
																"east": { "texture": "#tree", "uv": [ 5.0, 7.5, 6.5, 10.5 ], "autoUv": false },
																"south": { "texture": "#tree", "uv": [ 6.5, 7.0, 7.0, 11.0 ], "autoUv": false },
																"west": { "texture": "#tree", "uv": [ 4.5, 6.0, 6.0, 10.5 ], "autoUv": false },
																"up": { "texture": "#tree", "uv": [ 5.0, 5.0, 7.0, 10.0 ], "autoUv": false },
																"down": { "texture": "#tree", "uv": [ 4.0, 6.0, 6.5, 9.5 ], "autoUv": false }
															},
															"children": [
																{
																	"name": "face1",
																	"from": [ 2.2, 0.2, 7.6 ], 
																	"to": [ 5.8, 5.0, 9.6 ], 
																	"rotationOrigin": [ 2.2, 0.2, 7.6 ],
																	"rotationX": 9.4,
																	"faces": {
																		"north": { "texture": "#tree", "uv": [ 4.25, 7.0, 9.75, 14.0 ], "autoUv": false },
																		"east": { "texture": "#tree", "uv": [ 4.75, 6.5, 9.25, 12.5 ], "autoUv": false },
																		"south": { "texture": "#tree", "uv": [ 5.25, 6.5, 8.75, 12.5 ], "autoUv": false },
																		"west": { "texture": "#tree", "uv": [ 4.75, 6.5, 8.25, 11.5 ], "autoUv": false },
																		"up": { "texture": "#tree", "uv": [ 4.75, 6.5, 9.25, 11.5 ], "autoUv": false },
																		"down": { "texture": "#tree", "uv": [ 5.25, 7.0, 8.75, 11.0 ], "autoUv": false }
																	},
																	"children": [
																		{
																			"name": "fang1",
																			"from": [ 0.6, 0.8, 1.2 ], 
																			"to": [ 1.4, 2.8, 2.0 ], 
																			"rotationOrigin": [ 0.6, 0.8, 1.2 ],
																			"rotationX": 29.0,
																			"faces": {
																				"north": { "texture": "#limestone1", "uv": [ 0.0, 0.0, 1.0, 2.0 ] },
																				"east": { "texture": "#limestone1", "uv": [ 0.0, 0.0, 1.0, 2.0 ] },
																				"south": { "texture": "#limestone1", "uv": [ 0.0, 0.0, 1.0, 2.0 ] },
																				"west": { "texture": "#limestone1", "uv": [ 0.0, 0.0, 1.0, 2.0 ] },
																				"up": { "texture": "#limestone1", "uv": [ 0.0, 0.0, 1.0, 1.0 ] },
																				"down": { "texture": "#limestone1", "uv": [ 0.0, 0.0, 1.0, 1.0 ] }
																			},
																			"children": [
																				{
																					"name": "fang1-2",
																					"from": [ 0.1, 1.4, 0.16 ], 
																					"to": [ 0.7, 3.4, 0.76 ], 
																					"rotationOrigin": [ 0.2, 1.4, 0.2 ],
																					"rotationX": -5.5,
																					"faces": {
																						"north": { "texture": "#limestone1", "uv": [ 0.0, 0.0, 1.0, 2.0 ] },
																						"east": { "texture": "#limestone1", "uv": [ 0.0, 0.0, 1.0, 2.0 ] },
																						"south": { "texture": "#limestone1", "uv": [ 0.0, 0.0, 1.0, 2.0 ] },
																						"west": { "texture": "#limestone1", "uv": [ 0.0, 0.0, 1.0, 2.0 ] },
																						"up": { "texture": "#limestone1", "uv": [ 0.0, 0.0, 1.0, 1.0 ] },
																						"down": { "texture": "#limestone1", "uv": [ 0.0, 0.0, 1.0, 1.0 ] }
																					},
																					"children": [
																						{
																							"name": "fang1-3",
																							"from": [ 0.1, 1.6, 0.16 ], 
																							"to": [ 0.5, 3.2, 0.56 ], 
																							"rotationOrigin": [ 0.0, 1.6, 0.2 ],
																							"rotationX": -7.0,
																							"faces": {
																								"north": { "texture": "#limestone1", "uv": [ 0.0, 0.0, 1.0, 1.0 ] },
																								"east": { "texture": "#limestone1", "uv": [ 0.0, 0.0, 1.0, 1.0 ] },
																								"south": { "texture": "#limestone1", "uv": [ 0.0, 0.0, 1.0, 1.0 ] },
																								"west": { "texture": "#limestone1", "uv": [ 0.0, 0.0, 1.0, 1.0 ] },
																								"up": { "texture": "#limestone1", "uv": [ 0.0, 0.0, 1.0, 1.0 ] },
																								"down": { "texture": "#limestone1", "uv": [ 0.0, 0.0, 1.0, 1.0 ] }
																							},
																							"children": [
																								{
																									"name": "fang1-4",
																									"from": [ 0.1, 1.2, 0.16 ], 
																									"to": [ 0.3, 2.6, 0.36 ], 
																									"rotationOrigin": [ 0.0, 1.2, 0.2 ],
																									"rotationX": -10.0,
																									"faces": {
																										"north": { "texture": "#limestone1", "uv": [ 0.0, 0.0, 1.0, 1.0 ] },
																										"east": { "texture": "#limestone1", "uv": [ 0.0, 0.0, 1.0, 1.0 ] },
																										"south": { "texture": "#limestone1", "uv": [ 0.0, 0.0, 1.0, 1.0 ] },
																										"west": { "texture": "#limestone1", "uv": [ 0.0, 0.0, 1.0, 1.0 ] },
																										"up": { "texture": "#limestone1", "uv": [ 0.0, 0.0, 1.0, 1.0 ] },
																										"down": { "texture": "#limestone1", "uv": [ 0.0, 0.0, 1.0, 1.0 ] }
																									},
																									"children": [
																										{
																											"name": "fang1-5",
																											"from": [ 0.06, 1.2, 0.1 ], 
																											"to": [ 0.16, 3.0, 0.2 ], 
																											"rotationOrigin": [ 0.3, 1.2, 0.0 ],
																											"rotationX": -9.4,
																											"faces": {
																												"north": { "texture": "#limestone1", "uv": [ 0.0, 0.0, 1.0, 1.0 ] },
																												"east": { "texture": "#limestone1", "uv": [ 0.0, 0.0, 1.0, 1.0 ] },
																												"south": { "texture": "#limestone1", "uv": [ 0.0, 0.0, 1.0, 1.0 ] },
																												"west": { "texture": "#limestone1", "uv": [ 0.0, 0.0, 1.0, 1.0 ] },
																												"up": { "texture": "#limestone1", "uv": [ 0.0, 0.0, 1.0, 1.0 ] },
																												"down": { "texture": "#limestone1", "uv": [ 0.0, 0.0, 1.0, 1.0 ] }
																											}
																										}
																									]
																								}
																							]
																						}
																					]
																				}
																			]
																		},
																		{
																			"name": "fang2",
																			"from": [ 2.4, 0.8, 1.2 ], 
																			"to": [ 3.2, 2.8, 2.0 ], 
																			"rotationOrigin": [ 2.4, 0.8, 1.2 ],
																			"rotationX": 29.0,
																			"faces": {
																				"north": { "texture": "#limestone1", "uv": [ 0.0, 0.0, 1.0, 2.0 ] },
																				"east": { "texture": "#limestone1", "uv": [ 0.0, 0.0, 1.0, 2.0 ] },
																				"south": { "texture": "#limestone1", "uv": [ 0.0, 0.0, 1.0, 2.0 ] },
																				"west": { "texture": "#limestone1", "uv": [ 0.0, 0.0, 1.0, 2.0 ] },
																				"up": { "texture": "#limestone1", "uv": [ 0.0, 0.0, 1.0, 1.0 ] },
																				"down": { "texture": "#limestone1", "uv": [ 0.0, 0.0, 1.0, 1.0 ] }
																			},
																			"children": [
																				{
																					"name": "fang2-2",
																					"from": [ 0.1, 1.4, 0.16 ], 
																					"to": [ 0.7, 3.4, 0.76 ], 
																					"rotationOrigin": [ 0.2, 1.4, 0.2 ],
																					"rotationX": -5.5,
																					"faces": {
																						"north": { "texture": "#limestone1", "uv": [ 0.0, 0.0, 1.0, 2.0 ] },
																						"east": { "texture": "#limestone1", "uv": [ 0.0, 0.0, 1.0, 2.0 ] },
																						"south": { "texture": "#limestone1", "uv": [ 0.0, 0.0, 1.0, 2.0 ] },
																						"west": { "texture": "#limestone1", "uv": [ 0.0, 0.0, 1.0, 2.0 ] },
																						"up": { "texture": "#limestone1", "uv": [ 0.0, 0.0, 1.0, 1.0 ] },
																						"down": { "texture": "#limestone1", "uv": [ 0.0, 0.0, 1.0, 1.0 ] }
																					},
																					"children": [
																						{
																							"name": "fang2-3",
																							"from": [ 0.1, 1.6, 0.16 ], 
																							"to": [ 0.5, 3.2, 0.56 ], 
																							"rotationOrigin": [ 0.0, 1.6, 0.2 ],
																							"rotationX": -7.0,
																							"faces": {
																								"north": { "texture": "#limestone1", "uv": [ 0.0, 0.0, 1.0, 1.0 ] },
																								"east": { "texture": "#limestone1", "uv": [ 0.0, 0.0, 1.0, 1.0 ] },
																								"south": { "texture": "#limestone1", "uv": [ 0.0, 0.0, 1.0, 1.0 ] },
																								"west": { "texture": "#limestone1", "uv": [ 0.0, 0.0, 1.0, 1.0 ] },
																								"up": { "texture": "#limestone1", "uv": [ 0.0, 0.0, 1.0, 1.0 ] },
																								"down": { "texture": "#limestone1", "uv": [ 0.0, 0.0, 1.0, 1.0 ] }
																							},
																							"children": [
																								{
																									"name": "fang2-4",
																									"from": [ 0.1, 1.2, 0.16 ], 
																									"to": [ 0.3, 2.6, 0.36 ], 
																									"rotationOrigin": [ 0.0, 1.2, 0.2 ],
																									"rotationX": -10.0,
																									"faces": {
																										"north": { "texture": "#limestone1", "uv": [ 0.0, 0.0, 1.0, 1.0 ] },
																										"east": { "texture": "#limestone1", "uv": [ 0.0, 0.0, 1.0, 1.0 ] },
																										"south": { "texture": "#limestone1", "uv": [ 0.0, 0.0, 1.0, 1.0 ] },
																										"west": { "texture": "#limestone1", "uv": [ 0.0, 0.0, 1.0, 1.0 ] },
																										"up": { "texture": "#limestone1", "uv": [ 0.0, 0.0, 1.0, 1.0 ] },
																										"down": { "texture": "#limestone1", "uv": [ 0.0, 0.0, 1.0, 1.0 ] }
																									}
																								}
																							]
																						}
																					]
																				}
																			]
																		}
																	]
																},
																{
																	"name": "head3",
																	"from": [ 0.4, 4.4, 0.4 ], 
																	"to": [ 7.6, 6.2, 8.0 ], 
																	"rotationOrigin": [ 0.4, 4.4, 0.4 ],
																	"rotationX": 6.0,
																	"faces": {
																		"north": { "texture": "#tree", "uv": [ 4.5, 6.0, 6.0, 10.5 ], "autoUv": false },
																		"east": { "texture": "#tree", "uv": [ 4.5, 5.5, 6.5, 10.5 ], "autoUv": false },
																		"south": { "texture": "#tree", "uv": [ 5.0, 6.0, 6.5, 10.0 ], "autoUv": false },
																		"west": { "texture": "#tree", "uv": [ 5.0, 6.0, 6.5, 11.0 ], "autoUv": false },
																		"up": { "texture": "#tree", "uv": [ 5.0, 6.0, 7.0, 11.5 ], "autoUv": false },
																		"down": { "texture": "#tree", "uv": [ 5.0, 6.0, 7.0, 10.5 ], "autoUv": false }
																	},
																	"children": [
																		{
																			"name": "horn1",
																			"from": [ 0.6, 0.8, 5.2 ], 
																			"to": [ 2.6, 3.6, 7.2 ], 
																			"rotationOrigin": [ 0.6, 0.8, 5.2 ],
																			"rotationX": 7.0,
																			"faces": {
																				"north": { "texture": "#tree", "uv": [ 0.0, 0.0, 2.0, 2.0 ] },
																				"east": { "texture": "#tree", "uv": [ 0.0, 0.0, 2.0, 2.0 ] },
																				"south": { "texture": "#tree", "uv": [ 0.0, 0.0, 2.0, 2.0 ] },
																				"west": { "texture": "#tree", "uv": [ 0.0, 0.0, 2.0, 2.0 ] },
																				"up": { "texture": "#tree", "uv": [ 0.0, 0.0, 2.0, 2.0 ] },
																				"down": { "texture": "#tree", "uv": [ 0.0, 0.0, 2.0, 2.0 ] }
																			},
																			"children": [
																				{
																					"name": "horn1-2",
																					"from": [ 0.2, 2.0, 0.4 ], 
																					"to": [ 1.8, 3.8, 2.0 ], 
																					"rotationOrigin": [ 0.2, 2.0, 0.4 ],
																					"rotationX": -22.5,
																					"faces": {
																						"north": { "texture": "#tree", "uv": [ 0.0, 0.0, 1.0, 1.0 ] },
																						"east": { "texture": "#tree", "uv": [ 0.0, 0.0, 1.0, 1.0 ] },
																						"south": { "texture": "#tree", "uv": [ 0.0, 0.0, 1.0, 1.0 ] },
																						"west": { "texture": "#tree", "uv": [ 0.0, 0.0, 1.0, 1.0 ] },
																						"up": { "texture": "#tree", "uv": [ 0.0, 0.0, 1.0, 1.0 ] },
																						"down": { "texture": "#tree", "uv": [ 0.0, 0.0, 1.0, 1.0 ] }
																					},
																					"children": [
																						{
																							"name": "horn1-3",
																							"from": [ 0.2, 1.2, 0.4 ], 
																							"to": [ 1.4, 3.2, 1.6 ], 
																							"rotationOrigin": [ 0.2, 1.2, 0.4 ],
																							"rotationX": -25.0,
																							"faces": {
																								"north": { "texture": "#tree", "uv": [ 0.0, 0.0, 1.0, 2.0 ] },
																								"east": { "texture": "#tree", "uv": [ 0.0, 0.0, 1.0, 2.0 ] },
																								"south": { "texture": "#tree", "uv": [ 0.0, 0.0, 1.0, 2.0 ] },
																								"west": { "texture": "#tree", "uv": [ 0.0, 0.0, 1.0, 2.0 ] },
																								"up": { "texture": "#tree", "uv": [ 0.0, 0.0, 1.0, 1.0 ] },
																								"down": { "texture": "#tree", "uv": [ 0.0, 0.0, 1.0, 1.0 ] }
																							},
																							"children": [
																								{
																									"name": "horn1-4",
																									"from": [ 0.2, 1.4, 0.6 ], 
																									"to": [ 1.0, 17.4, 1.4 ], 
																									"rotationOrigin": [ 0.2, 1.4, 0.6 ],
																									"rotationX": -45.0,
																									"faces": {
																										"north": { "texture": "#tree", "uv": [ 0.0, 0.0, 1.0, 16.0 ] },
																										"east": { "texture": "#tree", "uv": [ 0.0, 0.0, 1.0, 16.0 ] },
																										"south": { "texture": "#tree", "uv": [ 0.0, 0.0, 1.0, 16.0 ] },
																										"west": { "texture": "#tree", "uv": [ 0.0, 0.0, 1.0, 16.0 ] },
																										"up": { "texture": "#tree", "uv": [ 0.0, 0.0, 1.0, 1.0 ] },
																										"down": { "texture": "#tree", "uv": [ 0.0, 0.0, 1.0, 1.0 ] }
																									},
																									"children": [
																										{
																											"name": "horn1-5",
																											"from": [ 0.1, 16.0, 0.26 ], 
																											"to": [ 0.7, 22.0, 0.66 ], 
																											"rotationOrigin": [ 0.0, 16.0, 0.6 ],
																											"rotationX": -33.9,
																											"faces": {
																												"north": { "texture": "#tree", "uv": [ 0.0, 0.0, 1.0, 6.0 ] },
																												"east": { "texture": "#tree", "uv": [ 0.0, 0.0, 1.0, 6.0 ] },
																												"south": { "texture": "#tree", "uv": [ 0.0, 0.0, 1.0, 6.0 ] },
																												"west": { "texture": "#tree", "uv": [ 0.0, 0.0, 1.0, 6.0 ] },
																												"up": { "texture": "#tree", "uv": [ 0.0, 0.0, 1.0, 1.0 ] },
																												"down": { "texture": "#tree", "uv": [ 0.0, 0.0, 1.0, 1.0 ] }
																											}
																										}
																									]
																								}
																							]
																						}
																					]
																				}
																			]
																		},
																		{
																			"name": "horn2",
																			"from": [ 4.6, 0.8, 5.2 ], 
																			"to": [ 6.6, 3.6, 7.2 ], 
																			"rotationOrigin": [ 4.6, 0.8, 5.2 ],
																			"rotationX": 9.0,
																			"faces": {
																				"north": { "texture": "#tree", "uv": [ 0.0, 0.0, 2.0, 2.0 ] },
																				"east": { "texture": "#tree", "uv": [ 0.0, 0.0, 2.0, 2.0 ] },
																				"south": { "texture": "#tree", "uv": [ 0.0, 0.0, 2.0, 2.0 ] },
																				"west": { "texture": "#tree", "uv": [ 0.0, 0.0, 2.0, 2.0 ] },
																				"up": { "texture": "#tree", "uv": [ 0.0, 0.0, 2.0, 2.0 ] },
																				"down": { "texture": "#tree", "uv": [ 0.0, 0.0, 2.0, 2.0 ] }
																			},
																			"children": [
																				{
																					"name": "horn2-2",
																					"from": [ 0.2, 2.0, 0.4 ], 
																					"to": [ 1.8, 3.8, 2.0 ], 
																					"rotationOrigin": [ 0.2, 2.0, 0.4 ],
																					"rotationX": -25.0,
																					"faces": {
																						"north": { "texture": "#tree", "uv": [ 0.0, 0.0, 1.0, 1.0 ] },
																						"east": { "texture": "#tree", "uv": [ 0.0, 0.0, 1.0, 1.0 ] },
																						"south": { "texture": "#tree", "uv": [ 0.0, 0.0, 1.0, 1.0 ] },
																						"west": { "texture": "#tree", "uv": [ 0.0, 0.0, 1.0, 1.0 ] },
																						"up": { "texture": "#tree", "uv": [ 0.0, 0.0, 1.0, 1.0 ] },
																						"down": { "texture": "#tree", "uv": [ 0.0, 0.0, 1.0, 1.0 ] }
																					},
																					"children": [
																						{
																							"name": "horn2-3",
																							"from": [ 0.2, 1.2, 0.4 ], 
																							"to": [ 1.4, 3.2, 1.6 ], 
																							"rotationOrigin": [ 0.2, 1.2, 0.4 ],
																							"rotationX": -25.0,
																							"faces": {
																								"north": { "texture": "#tree", "uv": [ 0.0, 0.0, 1.0, 2.0 ] },
																								"east": { "texture": "#tree", "uv": [ 0.0, 0.0, 1.0, 2.0 ] },
																								"south": { "texture": "#tree", "uv": [ 0.0, 0.0, 1.0, 2.0 ] },
																								"west": { "texture": "#tree", "uv": [ 0.0, 0.0, 1.0, 2.0 ] },
																								"up": { "texture": "#tree", "uv": [ 0.0, 0.0, 1.0, 1.0 ] },
																								"down": { "texture": "#tree", "uv": [ 0.0, 0.0, 1.0, 1.0 ] }
																							},
																							"children": [
																								{
																									"name": "horn2-4",
																									"from": [ 0.2, 1.4, 0.6 ], 
																									"to": [ 1.0, 17.4, 1.4 ], 
																									"rotationOrigin": [ 0.2, 1.4, 0.6 ],
																									"rotationX": -45.0,
																									"faces": {
																										"north": { "texture": "#tree", "uv": [ 0.0, 0.0, 1.0, 16.0 ] },
																										"east": { "texture": "#tree", "uv": [ 0.0, 0.0, 1.0, 16.0 ] },
																										"south": { "texture": "#tree", "uv": [ 0.0, 0.0, 1.0, 16.0 ] },
																										"west": { "texture": "#tree", "uv": [ 0.0, 0.0, 1.0, 16.0 ] },
																										"up": { "texture": "#tree", "uv": [ 0.0, 0.0, 1.0, 1.0 ] },
																										"down": { "texture": "#tree", "uv": [ 0.0, 0.0, 1.0, 1.0 ] }
																									},
																									"children": [
																										{
																											"name": "horn2-5",
																											"from": [ 0.1, 16.0, 0.26 ], 
																											"to": [ 0.7, 22.0, 0.66 ], 
																											"rotationOrigin": [ 0.0, 16.0, 0.6 ],
																											"rotationX": -33.9,
																											"faces": {
																												"north": { "texture": "#tree", "uv": [ 0.0, 0.0, 1.0, 6.0 ] },
																												"east": { "texture": "#tree", "uv": [ 0.0, 0.0, 1.0, 6.0 ] },
																												"south": { "texture": "#tree", "uv": [ 0.0, 0.0, 1.0, 6.0 ] },
																												"west": { "texture": "#tree", "uv": [ 0.0, 0.0, 1.0, 6.0 ] },
																												"up": { "texture": "#tree", "uv": [ 0.0, 0.0, 1.0, 1.0 ] },
																												"down": { "texture": "#tree", "uv": [ 0.0, 0.0, 1.0, 1.0 ] }
																											}
																										}
																									]
																								}
																							]
																						}
																					]
																				}
																			]
																		}
																	]
																},
																{
																	"name": "head4",
																	"from": [ 0.8, -2.0, -6.2 ], 
																	"to": [ 7.2, 2.8, 3.4 ], 
																	"rotationOrigin": [ 0.8, -2.0, -6.2 ],
																	"rotationX": -20.0,
																	"faces": {
																		"north": { "texture": "#tree", "uv": [ 4.5, 6.0, 10.5, 10.0 ] },
																		"east": { "texture": "#tree", "uv": [ 4.5, 8.5, 13.5, 12.5 ] },
																		"south": { "texture": "#tree", "uv": [ 4.0, 9.0, 10.0, 13.0 ] },
																		"west": { "texture": "#tree", "uv": [ 4.5, 8.5, 13.5, 12.5 ] },
																		"up": { "texture": "#tree", "uv": [ 5.5, 6.0, 11.5, 15.0 ] },
																		"down": { "texture": "#tree", "uv": [ 4.5, 6.0, 10.5, 15.0 ] }
																	},
																	"children": [
																		{
																			"name": "hair1",
																			"from": [ 0.4, 1.0, -5.4 ], 
																			"to": [ 0.8, 1.4, 0.6 ], 
																			"rotationOrigin": [ 0.4, 1.0, 0.6 ],
																			"rotationX": -22.5,
																			"faces": {
																				"north": { "texture": "#corundum", "uv": [ 0.0, 0.0, 1.0, 1.0 ] },
																				"east": { "texture": "#corundum", "uv": [ 0.0, 0.0, 6.0, 1.0 ] },
																				"south": { "texture": "#corundum", "uv": [ 0.0, 0.0, 1.0, 1.0 ] },
																				"west": { "texture": "#corundum", "uv": [ 0.0, 0.0, 6.0, 1.0 ] },
																				"up": { "texture": "#corundum", "uv": [ 0.0, 0.0, 1.0, 6.0 ] },
																				"down": { "texture": "#corundum", "uv": [ 0.0, 0.0, 1.0, 6.0 ] }
																			}
																		},
																		{
																			"name": "hair2",
																			"from": [ 1.4, 1.0, -5.4 ], 
																			"to": [ 1.8, 1.4, 0.6 ], 
																			"rotationOrigin": [ 1.4, 1.0, 0.6 ],
																			"rotationX": -21.8,
																			"rotationY": -7.2,
																			"faces": {
																				"north": { "texture": "#corundum", "uv": [ 0.0, 0.0, 1.0, 1.0 ] },
																				"east": { "texture": "#corundum", "uv": [ 0.0, 0.0, 6.0, 1.0 ] },
																				"south": { "texture": "#corundum", "uv": [ 0.0, 0.0, 1.0, 1.0 ] },
																				"west": { "texture": "#corundum", "uv": [ 0.0, 0.0, 6.0, 1.0 ] },
																				"up": { "texture": "#corundum", "uv": [ 0.0, 0.0, 1.0, 6.0 ] },
																				"down": { "texture": "#corundum", "uv": [ 0.0, 0.0, 1.0, 6.0 ] }
																			}
																		},
																		{
																			"name": "hair3",
																			"from": [ 2.6, 0.4, -5.4 ], 
																			"to": [ 3.0, 0.8, 0.6 ], 
																			"rotationOrigin": [ 2.6, 0.4, 0.6 ],
																			"rotationX": -2.0,
																			"faces": {
																				"north": { "texture": "#corundum", "uv": [ 0.0, 0.0, 1.0, 1.0 ] },
																				"east": { "texture": "#corundum", "uv": [ 0.0, 0.0, 6.0, 1.0 ] },
																				"south": { "texture": "#corundum", "uv": [ 0.0, 0.0, 1.0, 1.0 ] },
																				"west": { "texture": "#corundum", "uv": [ 0.0, 0.0, 6.0, 1.0 ] },
																				"up": { "texture": "#corundum", "uv": [ 0.0, 0.0, 1.0, 6.0 ] },
																				"down": { "texture": "#corundum", "uv": [ 0.0, 0.0, 1.0, 6.0 ] }
																			}
																		},
																		{
																			"name": "hair4",
																			"from": [ 3.8, 0.2, -5.4 ], 
																			"to": [ 4.2, 0.6, 0.6 ], 
																			"rotationOrigin": [ 3.8, 0.2, 0.6 ],
																			"rotationX": -7.3,
																			"faces": {
																				"north": { "texture": "#corundum", "uv": [ 0.0, 0.0, 1.0, 1.0 ] },
																				"east": { "texture": "#corundum", "uv": [ 0.0, 0.0, 6.0, 1.0 ] },
																				"south": { "texture": "#corundum", "uv": [ 0.0, 0.0, 1.0, 1.0 ] },
																				"west": { "texture": "#corundum", "uv": [ 0.0, 0.0, 6.0, 1.0 ] },
																				"up": { "texture": "#corundum", "uv": [ 0.0, 0.0, 1.0, 6.0 ] },
																				"down": { "texture": "#corundum", "uv": [ 0.0, 0.0, 1.0, 6.0 ] }
																			}
																		},
																		{
																			"name": "hair5",
																			"from": [ 4.6, 0.2, -5.4 ], 
																			"to": [ 5.0, 0.6, 0.6 ], 
																			"rotationOrigin": [ 4.6, 0.2, 0.6 ],
																			"rotationX": -0.7,
																			"faces": {
																				"north": { "texture": "#corundum", "uv": [ 0.0, 0.0, 1.0, 1.0 ] },
																				"east": { "texture": "#corundum", "uv": [ 0.0, 0.0, 6.0, 1.0 ] },
																				"south": { "texture": "#corundum", "uv": [ 0.0, 0.0, 1.0, 1.0 ] },
																				"west": { "texture": "#corundum", "uv": [ 0.0, 0.0, 6.0, 1.0 ] },
																				"up": { "texture": "#corundum", "uv": [ 0.0, 0.0, 1.0, 6.0 ] },
																				"down": { "texture": "#corundum", "uv": [ 0.0, 0.0, 1.0, 6.0 ] }
																			}
																		},
																		{
																			"name": "hair6",
																			"from": [ 5.8, 0.2, -5.4 ], 
																			"to": [ 6.2, 0.6, 0.6 ], 
																			"rotationOrigin": [ 5.8, 0.2, 0.6 ],
																			"rotationX": -13.9,
																			"faces": {
																				"north": { "texture": "#corundum", "uv": [ 0.0, 0.0, 1.0, 1.0 ] },
																				"east": { "texture": "#corundum", "uv": [ 0.0, 0.0, 6.0, 1.0 ] },
																				"south": { "texture": "#corundum", "uv": [ 0.0, 0.0, 1.0, 1.0 ] },
																				"west": { "texture": "#corundum", "uv": [ 0.0, 0.0, 6.0, 1.0 ] },
																				"up": { "texture": "#corundum", "uv": [ 0.0, 0.0, 1.0, 6.0 ] },
																				"down": { "texture": "#corundum", "uv": [ 0.0, 0.0, 1.0, 6.0 ] }
																			}
																		},
																		{
																			"name": "hair7",
																			"from": [ 5.4, 1.0, -5.4 ], 
																			"to": [ 5.8, 1.4, 0.6 ], 
																			"rotationOrigin": [ 5.4, 1.0, 0.6 ],
																			"rotationX": -11.9,
																			"rotationY": -2.5,
																			"faces": {
																				"north": { "texture": "#corundum", "uv": [ 0.0, 0.0, 1.0, 1.0 ] },
																				"east": { "texture": "#corundum", "uv": [ 0.0, 0.0, 6.0, 1.0 ] },
																				"south": { "texture": "#corundum", "uv": [ 0.0, 0.0, 1.0, 1.0 ] },
																				"west": { "texture": "#corundum", "uv": [ 0.0, 0.0, 6.0, 1.0 ] },
																				"up": { "texture": "#corundum", "uv": [ 0.0, 0.0, 1.0, 6.0 ] },
																				"down": { "texture": "#corundum", "uv": [ 0.0, 0.0, 1.0, 6.0 ] }
																			}
																		},
																		{
																			"name": "hair8",
																			"from": [ 4.6, 1.2, -5.4 ], 
																			"to": [ 5.0, 1.6, 0.6 ], 
																			"rotationOrigin": [ 4.6, 1.2, 0.6 ],
																			"rotationX": -2.9,
																			"rotationY": -4.6,
																			"faces": {
																				"north": { "texture": "#corundum", "uv": [ 0.0, 0.0, 1.0, 1.0 ] },
																				"east": { "texture": "#corundum", "uv": [ 0.0, 0.0, 6.0, 1.0 ] },
																				"south": { "texture": "#corundum", "uv": [ 0.0, 0.0, 1.0, 1.0 ] },
																				"west": { "texture": "#corundum", "uv": [ 0.0, 0.0, 6.0, 1.0 ] },
																				"up": { "texture": "#corundum", "uv": [ 0.0, 0.0, 1.0, 6.0 ] },
																				"down": { "texture": "#corundum", "uv": [ 0.0, 0.0, 1.0, 6.0 ] }
																			}
																		},
																		{
																			"name": "hair9",
																			"from": [ 3.6, 1.0, -5.4 ], 
																			"to": [ 4.0, 1.4, 0.6 ], 
																			"rotationOrigin": [ 3.6, 1.0, 0.6 ],
																			"rotationX": 1.2,
																			"rotationY": -4.9,
																			"rotationZ": 6.3,
																			"faces": {
																				"north": { "texture": "#corundum", "uv": [ 0.0, 0.0, 1.0, 1.0 ] },
																				"east": { "texture": "#corundum", "uv": [ 0.0, 0.0, 6.0, 1.0 ] },
																				"south": { "texture": "#corundum", "uv": [ 0.0, 0.0, 1.0, 1.0 ] },
																				"west": { "texture": "#corundum", "uv": [ 0.0, 0.0, 6.0, 1.0 ] },
																				"up": { "texture": "#corundum", "uv": [ 0.0, 0.0, 1.0, 6.0 ] },
																				"down": { "texture": "#corundum", "uv": [ 0.0, 0.0, 1.0, 6.0 ] }
																			}
																		},
																		{
																			"name": "hair10",
																			"from": [ 2.6, 1.0, -5.4 ], 
																			"to": [ 3.0, 1.4, 0.6 ], 
																			"rotationOrigin": [ 2.6, 1.0, 0.6 ],
																			"rotationX": -3.5,
																			"rotationY": -8.2,
																			"rotationZ": 6.3,
																			"faces": {
																				"north": { "texture": "#corundum", "uv": [ 0.0, 0.0, 1.0, 1.0 ] },
																				"east": { "texture": "#corundum", "uv": [ 0.0, 0.0, 6.0, 1.0 ] },
																				"south": { "texture": "#corundum", "uv": [ 0.0, 0.0, 1.0, 1.0 ] },
																				"west": { "texture": "#corundum", "uv": [ 0.0, 0.0, 6.0, 1.0 ] },
																				"up": { "texture": "#corundum", "uv": [ 0.0, 0.0, 1.0, 6.0 ] },
																				"down": { "texture": "#corundum", "uv": [ 0.0, 0.0, 1.0, 6.0 ] }
																			}
																		},
																		{
																			"name": "hair11",
																			"from": [ 1.8, 1.4, -5.4 ], 
																			"to": [ 2.2, 1.8, 0.6 ], 
																			"rotationOrigin": [ 1.8, 1.4, 0.6 ],
																			"rotationX": 0.1,
																			"rotationY": -3.2,
																			"rotationZ": 9.5,
																			"faces": {
																				"north": { "texture": "#corundum", "uv": [ 0.0, 0.0, 1.0, 1.0 ] },
																				"east": { "texture": "#corundum", "uv": [ 0.0, 0.0, 6.0, 1.0 ] },
																				"south": { "texture": "#corundum", "uv": [ 0.0, 0.0, 1.0, 1.0 ] },
																				"west": { "texture": "#corundum", "uv": [ 0.0, 0.0, 6.0, 1.0 ] },
																				"up": { "texture": "#corundum", "uv": [ 0.0, 0.0, 1.0, 6.0 ] },
																				"down": { "texture": "#corundum", "uv": [ 0.0, 0.0, 1.0, 6.0 ] }
																			}
																		},
																		{
																			"name": "hair12",
																			"from": [ 1.2, 1.4, -5.4 ], 
																			"to": [ 1.6, 1.8, 0.6 ], 
																			"rotationOrigin": [ 1.2, 1.4, 0.6 ],
																			"rotationX": -4.6,
																			"rotationY": 1.2,
																			"rotationZ": 9.5,
																			"faces": {
																				"north": { "texture": "#corundum", "uv": [ 0.0, 0.0, 1.0, 1.0 ] },
																				"east": { "texture": "#corundum", "uv": [ 0.0, 0.0, 6.0, 1.0 ] },
																				"south": { "texture": "#corundum", "uv": [ 0.0, 0.0, 1.0, 1.0 ] },
																				"west": { "texture": "#corundum", "uv": [ 0.0, 0.0, 6.0, 1.0 ] },
																				"up": { "texture": "#corundum", "uv": [ 0.0, 0.0, 1.0, 6.0 ] },
																				"down": { "texture": "#corundum", "uv": [ 0.0, 0.0, 1.0, 6.0 ] }
																			}
																		},
																		{
																			"name": "hair13",
																			"from": [ 0.4, 1.4, -5.4 ], 
																			"to": [ 0.8, 1.8, 0.6 ], 
																			"rotationOrigin": [ 0.4, 1.4, 0.6 ],
																			"rotationX": 0.6,
																			"rotationY": 5.3,
																			"rotationZ": 9.5,
																			"faces": {
																				"north": { "texture": "#corundum", "uv": [ 0.0, 0.0, 1.0, 1.0 ] },
																				"east": { "texture": "#corundum", "uv": [ 0.0, 0.0, 6.0, 1.0 ] },
																				"south": { "texture": "#corundum", "uv": [ 0.0, 0.0, 1.0, 1.0 ] },
																				"west": { "texture": "#corundum", "uv": [ 0.0, 0.0, 6.0, 1.0 ] },
																				"up": { "texture": "#corundum", "uv": [ 0.0, 0.0, 1.0, 6.0 ] },
																				"down": { "texture": "#corundum", "uv": [ 0.0, 0.0, 1.0, 6.0 ] }
																			}
																		},
																		{
																			"name": "hair14",
																			"from": [ 0.4, 2.2, -5.4 ], 
																			"to": [ 0.8, 2.6, 0.6 ], 
																			"rotationOrigin": [ 0.4, 2.2, 0.6 ],
																			"rotationX": 1.3,
																			"rotationY": 1.2,
																			"rotationZ": 2.8,
																			"faces": {
																				"north": { "texture": "#corundum", "uv": [ 0.0, 0.0, 1.0, 1.0 ] },
																				"east": { "texture": "#corundum", "uv": [ 0.0, 0.0, 6.0, 1.0 ] },
																				"south": { "texture": "#corundum", "uv": [ 0.0, 0.0, 1.0, 1.0 ] },
																				"west": { "texture": "#corundum", "uv": [ 0.0, 0.0, 6.0, 1.0 ] },
																				"up": { "texture": "#corundum", "uv": [ 0.0, 0.0, 1.0, 6.0 ] },
																				"down": { "texture": "#corundum", "uv": [ 0.0, 0.0, 1.0, 6.0 ] }
																			}
																		},
																		{
																			"name": "hair15",
																			"from": [ 1.2, 2.2, -5.4 ], 
																			"to": [ 1.6, 2.6, 0.6 ], 
																			"rotationOrigin": [ 1.2, 2.2, 0.6 ],
																			"rotationX": 9.1,
																			"rotationY": 1.2,
																			"rotationZ": -4.2,
																			"faces": {
																				"north": { "texture": "#corundum", "uv": [ 0.0, 0.0, 1.0, 1.0 ] },
																				"east": { "texture": "#corundum", "uv": [ 0.0, 0.0, 6.0, 1.0 ] },
																				"south": { "texture": "#corundum", "uv": [ 0.0, 0.0, 1.0, 1.0 ] },
																				"west": { "texture": "#corundum", "uv": [ 0.0, 0.0, 6.0, 1.0 ] },
																				"up": { "texture": "#corundum", "uv": [ 0.0, 0.0, 1.0, 6.0 ] },
																				"down": { "texture": "#corundum", "uv": [ 0.0, 0.0, 1.0, 6.0 ] }
																			}
																		},
																		{
																			"name": "hair16",
																			"from": [ 2.0, 2.0, -5.4 ], 
																			"to": [ 2.4, 2.4, 0.6 ], 
																			"rotationOrigin": [ 2.0, 2.0, 0.6 ],
																			"rotationX": 5.8,
																			"rotationY": 1.2,
																			"rotationZ": -4.2,
																			"faces": {
																				"north": { "texture": "#corundum", "uv": [ 0.0, 0.0, 1.0, 1.0 ] },
																				"east": { "texture": "#corundum", "uv": [ 0.0, 0.0, 6.0, 1.0 ] },
																				"south": { "texture": "#corundum", "uv": [ 0.0, 0.0, 1.0, 1.0 ] },
																				"west": { "texture": "#corundum", "uv": [ 0.0, 0.0, 6.0, 1.0 ] },
																				"up": { "texture": "#corundum", "uv": [ 0.0, 0.0, 1.0, 6.0 ] },
																				"down": { "texture": "#corundum", "uv": [ 0.0, 0.0, 1.0, 6.0 ] }
																			}
																		},
																		{
																			"name": "hair17",
																			"from": [ 2.8, 1.6, -5.4 ], 
																			"to": [ 3.2, 2.0, 0.6 ], 
																			"rotationOrigin": [ 2.8, 1.6, 0.6 ],
																			"rotationX": 2.6,
																			"rotationY": 1.2,
																			"rotationZ": 5.3,
																			"faces": {
																				"north": { "texture": "#corundum", "uv": [ 0.0, 0.0, 1.0, 1.0 ] },
																				"east": { "texture": "#corundum", "uv": [ 0.0, 0.0, 6.0, 1.0 ] },
																				"south": { "texture": "#corundum", "uv": [ 0.0, 0.0, 1.0, 1.0 ] },
																				"west": { "texture": "#corundum", "uv": [ 0.0, 0.0, 6.0, 1.0 ] },
																				"up": { "texture": "#corundum", "uv": [ 0.0, 0.0, 1.0, 6.0 ] },
																				"down": { "texture": "#corundum", "uv": [ 0.0, 0.0, 1.0, 6.0 ] }
																			}
																		},
																		{
																			"name": "hair18",
																			"from": [ 3.6, 1.6, -5.4 ], 
																			"to": [ 4.0, 2.0, 0.6 ], 
																			"rotationOrigin": [ 3.6, 1.6, 0.6 ],
																			"rotationX": 10.1,
																			"rotationY": -0.5,
																			"rotationZ": 5.3,
																			"faces": {
																				"north": { "texture": "#corundum", "uv": [ 0.0, 0.0, 1.0, 1.0 ] },
																				"east": { "texture": "#corundum", "uv": [ 0.0, 0.0, 6.0, 1.0 ] },
																				"south": { "texture": "#corundum", "uv": [ 0.0, 0.0, 1.0, 1.0 ] },
																				"west": { "texture": "#corundum", "uv": [ 0.0, 0.0, 6.0, 1.0 ] },
																				"up": { "texture": "#corundum", "uv": [ 0.0, 0.0, 1.0, 6.0 ] },
																				"down": { "texture": "#corundum", "uv": [ 0.0, 0.0, 1.0, 6.0 ] }
																			}
																		},
																		{
																			"name": "hair19",
																			"from": [ 4.4, 1.4, -5.4 ], 
																			"to": [ 4.8, 1.8, 0.6 ], 
																			"rotationOrigin": [ 4.4, 1.4, 0.6 ],
																			"rotationX": 13.2,
																			"rotationY": -6.2,
																			"rotationZ": 5.3,
																			"faces": {
																				"north": { "texture": "#corundum", "uv": [ 0.0, 0.0, 1.0, 1.0 ] },
																				"east": { "texture": "#corundum", "uv": [ 0.0, 0.0, 6.0, 1.0 ] },
																				"south": { "texture": "#corundum", "uv": [ 0.0, 0.0, 1.0, 1.0 ] },
																				"west": { "texture": "#corundum", "uv": [ 0.0, 0.0, 6.0, 1.0 ] },
																				"up": { "texture": "#corundum", "uv": [ 0.0, 0.0, 1.0, 6.0 ] },
																				"down": { "texture": "#corundum", "uv": [ 0.0, 0.0, 1.0, 6.0 ] }
																			}
																		},
																		{
																			"name": "hair20",
																			"from": [ 5.2, 1.4, -5.4 ], 
																			"to": [ 5.6, 1.8, 0.6 ], 
																			"rotationOrigin": [ 5.2, 1.4, 0.6 ],
																			"rotationY": -8.7,
																			"rotationZ": 5.3,
																			"faces": {
																				"north": { "texture": "#corundum", "uv": [ 0.0, 0.0, 1.0, 1.0 ] },
																				"east": { "texture": "#corundum", "uv": [ 0.0, 0.0, 6.0, 1.0 ] },
																				"south": { "texture": "#corundum", "uv": [ 0.0, 0.0, 1.0, 1.0 ] },
																				"west": { "texture": "#corundum", "uv": [ 0.0, 0.0, 6.0, 1.0 ] },
																				"up": { "texture": "#corundum", "uv": [ 0.0, 0.0, 1.0, 6.0 ] },
																				"down": { "texture": "#corundum", "uv": [ 0.0, 0.0, 1.0, 6.0 ] }
																			}
																		},
																		{
																			"name": "hair21",
																			"from": [ 5.8, 0.8, -5.4 ], 
																			"to": [ 6.2, 1.2, 0.6 ], 
																			"rotationOrigin": [ 5.8, 0.8, 0.6 ],
																			"rotationX": 22.5,
																			"rotationY": -13.8,
																			"rotationZ": 5.3,
																			"faces": {
																				"north": { "texture": "#corundum", "uv": [ 0.0, 0.0, 1.0, 1.0 ] },
																				"east": { "texture": "#corundum", "uv": [ 0.0, 0.0, 6.0, 1.0 ] },
																				"south": { "texture": "#corundum", "uv": [ 0.0, 0.0, 1.0, 1.0 ] },
																				"west": { "texture": "#corundum", "uv": [ 0.0, 0.0, 6.0, 1.0 ] },
																				"up": { "texture": "#corundum", "uv": [ 0.0, 0.0, 1.0, 6.0 ] },
																				"down": { "texture": "#corundum", "uv": [ 0.0, 0.0, 1.0, 6.0 ] }
																			}
																		},
																		{
																			"name": "hair22",
																			"from": [ 5.8, 2.0, -5.4 ], 
																			"to": [ 6.2, 2.4, 0.6 ], 
																			"rotationOrigin": [ 5.8, 2.0, 0.6 ],
																			"rotationX": 7.9,
																			"rotationY": -6.0,
																			"rotationZ": 5.3,
																			"faces": {
																				"north": { "texture": "#corundum", "uv": [ 0.0, 0.0, 1.0, 1.0 ] },
																				"east": { "texture": "#corundum", "uv": [ 0.0, 0.0, 6.0, 1.0 ] },
																				"south": { "texture": "#corundum", "uv": [ 0.0, 0.0, 1.0, 1.0 ] },
																				"west": { "texture": "#corundum", "uv": [ 0.0, 0.0, 6.0, 1.0 ] },
																				"up": { "texture": "#corundum", "uv": [ 0.0, 0.0, 1.0, 6.0 ] },
																				"down": { "texture": "#corundum", "uv": [ 0.0, 0.0, 1.0, 6.0 ] }
																			}
																		},
																		{
																			"name": "hair23",
																			"from": [ 5.4, 1.8, -5.4 ], 
																			"to": [ 5.8, 2.2, 0.6 ], 
																			"rotationOrigin": [ 5.4, 1.8, 0.6 ],
																			"rotationX": 14.9,
																			"rotationY": -1.5,
																			"rotationZ": 22.5,
																			"faces": {
																				"north": { "texture": "#corundum", "uv": [ 0.0, 0.0, 1.0, 1.0 ] },
																				"east": { "texture": "#corundum", "uv": [ 0.0, 0.0, 6.0, 1.0 ] },
																				"south": { "texture": "#corundum", "uv": [ 0.0, 0.0, 1.0, 1.0 ] },
																				"west": { "texture": "#corundum", "uv": [ 0.0, 0.0, 6.0, 1.0 ] },
																				"up": { "texture": "#corundum", "uv": [ 0.0, 0.0, 1.0, 6.0 ] },
																				"down": { "texture": "#corundum", "uv": [ 0.0, 0.0, 1.0, 6.0 ] }
																			}
																		},
																		{
																			"name": "hair24",
																			"from": [ 4.4, 2.0, -5.4 ], 
																			"to": [ 4.8, 2.4, 0.6 ], 
																			"rotationOrigin": [ 4.4, 2.0, 0.6 ],
																			"rotationX": 12.8,
																			"rotationY": -2.4,
																			"rotationZ": 22.3,
																			"faces": {
																				"north": { "texture": "#corundum", "uv": [ 0.0, 0.0, 1.0, 1.0 ] },
																				"east": { "texture": "#corundum", "uv": [ 0.0, 0.0, 6.0, 1.0 ] },
																				"south": { "texture": "#corundum", "uv": [ 0.0, 0.0, 1.0, 1.0 ] },
																				"west": { "texture": "#corundum", "uv": [ 0.0, 0.0, 6.0, 1.0 ] },
																				"up": { "texture": "#corundum", "uv": [ 0.0, 0.0, 1.0, 6.0 ] },
																				"down": { "texture": "#corundum", "uv": [ 0.0, 0.0, 1.0, 6.0 ] }
																			}
																		},
																		{
																			"name": "hair25",
																			"from": [ 3.4, 1.8, -5.4 ], 
																			"to": [ 3.8, 2.2, 0.6 ], 
																			"rotationOrigin": [ 3.4, 1.8, 0.6 ],
																			"rotationX": 22.5,
																			"rotationY": -2.4,
																			"rotationZ": 22.3,
																			"faces": {
																				"north": { "texture": "#corundum", "uv": [ 0.0, 0.0, 1.0, 1.0 ] },
																				"east": { "texture": "#corundum", "uv": [ 0.0, 0.0, 6.0, 1.0 ] },
																				"south": { "texture": "#corundum", "uv": [ 0.0, 0.0, 1.0, 1.0 ] },
																				"west": { "texture": "#corundum", "uv": [ 0.0, 0.0, 6.0, 1.0 ] },
																				"up": { "texture": "#corundum", "uv": [ 0.0, 0.0, 1.0, 6.0 ] },
																				"down": { "texture": "#corundum", "uv": [ 0.0, 0.0, 1.0, 6.0 ] }
																			}
																		},
																		{
																			"name": "hair26",
																			"from": [ 2.6, 2.2, -5.4 ], 
																			"to": [ 3.0, 2.6, 0.6 ], 
																			"rotationOrigin": [ 2.6, 2.2, 0.6 ],
																			"rotationX": 11.5,
																			"rotationY": -4.8,
																			"rotationZ": 22.3,
																			"faces": {
																				"north": { "texture": "#corundum", "uv": [ 0.0, 0.0, 1.0, 1.0 ] },
																				"east": { "texture": "#corundum", "uv": [ 0.0, 0.0, 6.0, 1.0 ] },
																				"south": { "texture": "#corundum", "uv": [ 0.0, 0.0, 1.0, 1.0 ] },
																				"west": { "texture": "#corundum", "uv": [ 0.0, 0.0, 6.0, 1.0 ] },
																				"up": { "texture": "#corundum", "uv": [ 0.0, 0.0, 1.0, 6.0 ] },
																				"down": { "texture": "#corundum", "uv": [ 0.0, 0.0, 1.0, 6.0 ] }
																			}
																		},
																		{
																			"name": "hair27",
																			"from": [ 1.8, 2.8, -5.4 ], 
																			"to": [ 2.2, 3.2, 0.6 ], 
																			"rotationOrigin": [ 1.8, 2.8, 0.6 ],
																			"rotationY": -4.8,
																			"rotationZ": 22.3,
																			"faces": {
																				"north": { "texture": "#corundum", "uv": [ 0.0, 0.0, 1.0, 1.0 ] },
																				"east": { "texture": "#corundum", "uv": [ 0.0, 0.0, 6.0, 1.0 ] },
																				"south": { "texture": "#corundum", "uv": [ 0.0, 0.0, 1.0, 1.0 ] },
																				"west": { "texture": "#corundum", "uv": [ 0.0, 0.0, 6.0, 1.0 ] },
																				"up": { "texture": "#corundum", "uv": [ 0.0, 0.0, 1.0, 6.0 ] },
																				"down": { "texture": "#corundum", "uv": [ 0.0, 0.0, 1.0, 6.0 ] }
																			}
																		},
																		{
																			"name": "hair28",
																			"from": [ 0.6, 2.6, -5.4 ], 
																			"to": [ 1.0, 3.0, 0.6 ], 
																			"rotationOrigin": [ 0.6, 2.6, 0.6 ],
																			"rotationX": 14.0,
																			"rotationY": -4.8,
																			"rotationZ": 22.3,
																			"faces": {
																				"north": { "texture": "#corundum", "uv": [ 0.0, 0.0, 1.0, 1.0 ] },
																				"east": { "texture": "#corundum", "uv": [ 0.0, 0.0, 6.0, 1.0 ] },
																				"south": { "texture": "#corundum", "uv": [ 0.0, 0.0, 1.0, 1.0 ] },
																				"west": { "texture": "#corundum", "uv": [ 0.0, 0.0, 6.0, 1.0 ] },
																				"up": { "texture": "#corundum", "uv": [ 0.0, 0.0, 1.0, 6.0 ] },
																				"down": { "texture": "#corundum", "uv": [ 0.0, 0.0, 1.0, 6.0 ] }
																			}
																		},
																		{
																			"name": "hair29",
																			"from": [ 0.2, 3.4, -5.4 ], 
																			"to": [ 0.6, 3.8, 0.6 ], 
																			"rotationOrigin": [ 0.2, 3.4, 0.6 ],
																			"rotationY": 0.2,
																			"rotationZ": 22.3,
																			"faces": {
																				"north": { "texture": "#corundum", "uv": [ 0.0, 0.0, 1.0, 1.0 ] },
																				"east": { "texture": "#corundum", "uv": [ 0.0, 0.0, 6.0, 1.0 ] },
																				"south": { "texture": "#corundum", "uv": [ 0.0, 0.0, 1.0, 1.0 ] },
																				"west": { "texture": "#corundum", "uv": [ 0.0, 0.0, 6.0, 1.0 ] },
																				"up": { "texture": "#corundum", "uv": [ 0.0, 0.0, 1.0, 6.0 ] },
																				"down": { "texture": "#corundum", "uv": [ 0.0, 0.0, 1.0, 6.0 ] }
																			}
																		},
																		{
																			"name": "hair30",
																			"from": [ 1.0, 3.2, -5.4 ], 
																			"to": [ 1.4, 3.6, 0.6 ], 
																			"rotationOrigin": [ 1.0, 3.2, 0.6 ],
																			"rotationX": 11.1,
																			"rotationY": -6.4,
																			"rotationZ": 22.3,
																			"faces": {
																				"north": { "texture": "#corundum", "uv": [ 0.0, 0.0, 1.0, 1.0 ] },
																				"east": { "texture": "#corundum", "uv": [ 0.0, 0.0, 6.0, 1.0 ] },
																				"south": { "texture": "#corundum", "uv": [ 0.0, 0.0, 1.0, 1.0 ] },
																				"west": { "texture": "#corundum", "uv": [ 0.0, 0.0, 6.0, 1.0 ] },
																				"up": { "texture": "#corundum", "uv": [ 0.0, 0.0, 1.0, 6.0 ] },
																				"down": { "texture": "#corundum", "uv": [ 0.0, 0.0, 1.0, 6.0 ] }
																			}
																		},
																		{
																			"name": "hair31",
																			"from": [ 2.2, 3.2, -5.4 ], 
																			"to": [ 2.6, 3.6, 0.6 ], 
																			"rotationOrigin": [ 2.2, 3.2, 0.6 ],
																			"rotationX": 8.6,
																			"rotationY": -1.2,
																			"rotationZ": 22.3,
																			"faces": {
																				"north": { "texture": "#corundum", "uv": [ 0.0, 0.0, 1.0, 1.0 ] },
																				"east": { "texture": "#corundum", "uv": [ 0.0, 0.0, 6.0, 1.0 ] },
																				"south": { "texture": "#corundum", "uv": [ 0.0, 0.0, 1.0, 1.0 ] },
																				"west": { "texture": "#corundum", "uv": [ 0.0, 0.0, 6.0, 1.0 ] },
																				"up": { "texture": "#corundum", "uv": [ 0.0, 0.0, 1.0, 6.0 ] },
																				"down": { "texture": "#corundum", "uv": [ 0.0, 0.0, 1.0, 6.0 ] }
																			}
																		},
																		{
																			"name": "hair32",
																			"from": [ 3.0, 3.0, -5.4 ], 
																			"to": [ 3.4, 3.4, 0.6 ], 
																			"rotationOrigin": [ 3.0, 3.0, 0.6 ],
																			"rotationX": 22.5,
																			"rotationY": -1.2,
																			"rotationZ": 22.3,
																			"faces": {
																				"north": { "texture": "#corundum", "uv": [ 0.0, 0.0, 1.0, 1.0 ] },
																				"east": { "texture": "#corundum", "uv": [ 0.0, 0.0, 6.0, 1.0 ] },
																				"south": { "texture": "#corundum", "uv": [ 0.0, 0.0, 1.0, 1.0 ] },
																				"west": { "texture": "#corundum", "uv": [ 0.0, 0.0, 6.0, 1.0 ] },
																				"up": { "texture": "#corundum", "uv": [ 0.0, 0.0, 1.0, 6.0 ] },
																				"down": { "texture": "#corundum", "uv": [ 0.0, 0.0, 1.0, 6.0 ] }
																			}
																		},
																		{
																			"name": "hair33",
																			"from": [ 3.6, 3.0, -5.4 ], 
																			"to": [ 4.0, 3.4, 0.6 ], 
																			"rotationOrigin": [ 3.6, 3.0, 0.6 ],
																			"rotationX": 17.0,
																			"rotationY": -6.7,
																			"rotationZ": 22.3,
																			"faces": {
																				"north": { "texture": "#corundum", "uv": [ 0.0, 0.0, 1.0, 1.0 ] },
																				"east": { "texture": "#corundum", "uv": [ 0.0, 0.0, 6.0, 1.0 ] },
																				"south": { "texture": "#corundum", "uv": [ 0.0, 0.0, 1.0, 1.0 ] },
																				"west": { "texture": "#corundum", "uv": [ 0.0, 0.0, 6.0, 1.0 ] },
																				"up": { "texture": "#corundum", "uv": [ 0.0, 0.0, 1.0, 6.0 ] },
																				"down": { "texture": "#corundum", "uv": [ 0.0, 0.0, 1.0, 6.0 ] }
																			}
																		},
																		{
																			"name": "hair34",
																			"from": [ 4.6, 2.6, -5.4 ], 
																			"to": [ 5.0, 3.0, 0.6 ], 
																			"rotationOrigin": [ 4.6, 2.6, 0.6 ],
																			"rotationX": 14.8,
																			"rotationY": -0.9,
																			"rotationZ": 22.3,
																			"faces": {
																				"north": { "texture": "#corundum", "uv": [ 0.0, 0.0, 1.0, 1.0 ] },
																				"east": { "texture": "#corundum", "uv": [ 0.0, 0.0, 6.0, 1.0 ] },
																				"south": { "texture": "#corundum", "uv": [ 0.0, 0.0, 1.0, 1.0 ] },
																				"west": { "texture": "#corundum", "uv": [ 0.0, 0.0, 6.0, 1.0 ] },
																				"up": { "texture": "#corundum", "uv": [ 0.0, 0.0, 1.0, 6.0 ] },
																				"down": { "texture": "#corundum", "uv": [ 0.0, 0.0, 1.0, 6.0 ] }
																			}
																		},
																		{
																			"name": "hair35",
																			"from": [ 5.4, 2.6, -5.4 ], 
																			"to": [ 5.8, 3.0, 0.6 ], 
																			"rotationOrigin": [ 5.4, 2.6, 0.6 ],
																			"rotationX": 16.2,
																			"rotationY": -12.5,
																			"rotationZ": 22.3,
																			"faces": {
																				"north": { "texture": "#corundum", "uv": [ 0.0, 0.0, 1.0, 1.0 ] },
																				"east": { "texture": "#corundum", "uv": [ 0.0, 0.0, 6.0, 1.0 ] },
																				"south": { "texture": "#corundum", "uv": [ 0.0, 0.0, 1.0, 1.0 ] },
																				"west": { "texture": "#corundum", "uv": [ 0.0, 0.0, 6.0, 1.0 ] },
																				"up": { "texture": "#corundum", "uv": [ 0.0, 0.0, 1.0, 6.0 ] },
																				"down": { "texture": "#corundum", "uv": [ 0.0, 0.0, 1.0, 6.0 ] }
																			}
																		},
																		{
																			"name": "hair36",
																			"from": [ 5.6, 3.6, -5.4 ], 
																			"to": [ 6.0, 4.0, 0.6 ], 
																			"rotationOrigin": [ 5.6, 3.6, 0.6 ],
																			"rotationX": 17.9,
																			"rotationY": -10.7,
																			"rotationZ": 22.3,
																			"faces": {
																				"north": { "texture": "#corundum", "uv": [ 0.0, 0.0, 1.0, 1.0 ] },
																				"east": { "texture": "#corundum", "uv": [ 0.0, 0.0, 6.0, 1.0 ] },
																				"south": { "texture": "#corundum", "uv": [ 0.0, 0.0, 1.0, 1.0 ] },
																				"west": { "texture": "#corundum", "uv": [ 0.0, 0.0, 6.0, 1.0 ] },
																				"up": { "texture": "#corundum", "uv": [ 0.0, 0.0, 1.0, 6.0 ] },
																				"down": { "texture": "#corundum", "uv": [ 0.0, 0.0, 1.0, 6.0 ] }
																			}
																		},
																		{
																			"name": "hair37",
																			"from": [ 4.8, 3.2, -5.4 ], 
																			"to": [ 5.2, 3.6, 0.6 ], 
																			"rotationOrigin": [ 4.8, 3.2, 0.6 ],
																			"rotationX": 16.0,
																			"rotationY": -6.0,
																			"rotationZ": 22.3,
																			"faces": {
																				"north": { "texture": "#corundum", "uv": [ 0.0, 0.0, 1.0, 1.0 ] },
																				"east": { "texture": "#corundum", "uv": [ 0.0, 0.0, 6.0, 1.0 ] },
																				"south": { "texture": "#corundum", "uv": [ 0.0, 0.0, 1.0, 1.0 ] },
																				"west": { "texture": "#corundum", "uv": [ 0.0, 0.0, 6.0, 1.0 ] },
																				"up": { "texture": "#corundum", "uv": [ 0.0, 0.0, 1.0, 6.0 ] },
																				"down": { "texture": "#corundum", "uv": [ 0.0, 0.0, 1.0, 6.0 ] }
																			}
																		},
																		{
																			"name": "hair38",
																			"from": [ 4.2, 3.8, -5.4 ], 
																			"to": [ 4.6, 4.2, 0.6 ], 
																			"rotationOrigin": [ 4.2, 3.8, 0.6 ],
																			"rotationX": 16.0,
																			"rotationY": -5.6,
																			"rotationZ": 22.3,
																			"faces": {
																				"north": { "texture": "#corundum", "uv": [ 0.0, 0.0, 1.0, 1.0 ] },
																				"east": { "texture": "#corundum", "uv": [ 0.0, 0.0, 6.0, 1.0 ] },
																				"south": { "texture": "#corundum", "uv": [ 0.0, 0.0, 1.0, 1.0 ] },
																				"west": { "texture": "#corundum", "uv": [ 0.0, 0.0, 6.0, 1.0 ] },
																				"up": { "texture": "#corundum", "uv": [ 0.0, 0.0, 1.0, 6.0 ] },
																				"down": { "texture": "#corundum", "uv": [ 0.0, 0.0, 1.0, 6.0 ] }
																			}
																		},
																		{
																			"name": "hair39",
																			"from": [ 2.4, 4.0, -5.4 ], 
																			"to": [ 2.8, 4.4, 0.6 ], 
																			"rotationOrigin": [ 2.4, 4.0, 0.6 ],
																			"rotationX": 19.4,
																			"rotationY": -1.3,
																			"rotationZ": 22.3,
																			"faces": {
																				"north": { "texture": "#corundum", "uv": [ 0.0, 0.0, 1.0, 1.0 ] },
																				"east": { "texture": "#corundum", "uv": [ 0.0, 0.0, 6.0, 1.0 ] },
																				"south": { "texture": "#corundum", "uv": [ 0.0, 0.0, 1.0, 1.0 ] },
																				"west": { "texture": "#corundum", "uv": [ 0.0, 0.0, 6.0, 1.0 ] },
																				"up": { "texture": "#corundum", "uv": [ 0.0, 0.0, 1.0, 6.0 ] },
																				"down": { "texture": "#corundum", "uv": [ 0.0, 0.0, 1.0, 6.0 ] }
																			}
																		},
																		{
																			"name": "hair40",
																			"from": [ 1.4, 3.8, -5.4 ], 
																			"to": [ 1.8, 4.2, 0.6 ], 
																			"rotationOrigin": [ 1.4, 3.8, 0.6 ],
																			"rotationX": 20.0,
																			"rotationY": 3.1,
																			"rotationZ": 22.3,
																			"faces": {
																				"north": { "texture": "#corundum", "uv": [ 0.0, 0.0, 1.0, 1.0 ] },
																				"east": { "texture": "#corundum", "uv": [ 0.0, 0.0, 6.0, 1.0 ] },
																				"south": { "texture": "#corundum", "uv": [ 0.0, 0.0, 1.0, 1.0 ] },
																				"west": { "texture": "#corundum", "uv": [ 0.0, 0.0, 6.0, 1.0 ] },
																				"up": { "texture": "#corundum", "uv": [ 0.0, 0.0, 1.0, 6.0 ] },
																				"down": { "texture": "#corundum", "uv": [ 0.0, 0.0, 1.0, 6.0 ] }
																			}
																		},
																		{
																			"name": "hair41",
																			"from": [ 0.4, 3.8, -5.4 ], 
																			"to": [ 0.8, 4.2, 0.6 ], 
																			"rotationOrigin": [ 0.4, 3.8, 0.6 ],
																			"rotationX": 21.0,
																			"rotationY": 9.0,
																			"rotationZ": 22.3,
																			"faces": {
																				"north": { "texture": "#corundum", "uv": [ 0.0, 0.0, 1.0, 1.0 ] },
																				"east": { "texture": "#corundum", "uv": [ 0.0, 0.0, 6.0, 1.0 ] },
																				"south": { "texture": "#corundum", "uv": [ 0.0, 0.0, 1.0, 1.0 ] },
																				"west": { "texture": "#corundum", "uv": [ 0.0, 0.0, 6.0, 1.0 ] },
																				"up": { "texture": "#corundum", "uv": [ 0.0, 0.0, 1.0, 6.0 ] },
																				"down": { "texture": "#corundum", "uv": [ 0.0, 0.0, 1.0, 6.0 ] }
																			}
																		}
																	]
																},
																{
																	"name": "fang2-5",
																	"from": [ 4.96, 5.16, 12.0 ], 
																	"to": [ 5.06, 6.96, 12.1 ], 
																	"rotationOrigin": [ 5.2, 5.0579, 11.4689 ],
																	"rotationX": -2.1,
																	"faces": {
																		"north": { "texture": "#limestone1", "uv": [ 0.0, 0.0, 1.0, 1.0 ] },
																		"east": { "texture": "#limestone1", "uv": [ 0.0, 0.0, 1.0, 1.0 ] },
																		"south": { "texture": "#limestone1", "uv": [ 0.0, 0.0, 1.0, 1.0 ] },
																		"west": { "texture": "#limestone1", "uv": [ 0.0, 0.0, 1.0, 1.0 ] },
																		"up": { "texture": "#limestone1", "uv": [ 0.0, 0.0, 1.0, 1.0 ] },
																		"down": { "texture": "#limestone1", "uv": [ 0.0, 0.0, 1.0, 1.0 ] }
																	}
																}
															]
														}
													]
												}
											]
										}
									]
								}
							]
						},
						{
							"name": "body3",
							"from": [ -1.4, 0.6, 0.4 ], 
							"to": [ 1.4, 13.0, 7.2 ], 
							"rotationOrigin": [ -1.4, 0.6, 0.4 ],
							"faces": {
								"north": { "texture": "#tree", "uv": [ 0.0, 0.0, 2.0, 12.0 ] },
								"east": { "texture": "#tree", "uv": [ 0.0, 0.0, 6.0, 12.0 ] },
								"south": { "texture": "#tree", "uv": [ 0.0, 0.0, 2.0, 12.0 ] },
								"west": { "texture": "#tree", "uv": [ 0.0, 0.0, 6.0, 12.0 ] },
								"up": { "texture": "#tree", "uv": [ 0.0, 0.0, 2.0, 6.0 ] },
								"down": { "texture": "#tree", "uv": [ 0.0, 0.0, 2.0, 6.0 ] }
							}
						},
						{
							"name": "body4",
							"from": [ 10.6, 0.6, 0.4 ], 
							"to": [ 13.4, 13.0, 7.2 ], 
							"rotationOrigin": [ 10.6, 0.6, 0.4 ],
							"faces": {
								"north": { "texture": "#tree", "uv": [ 0.0, 0.0, 2.0, 12.0 ] },
								"east": { "texture": "#tree", "uv": [ 0.0, 0.0, 6.0, 12.0 ] },
								"south": { "texture": "#tree", "uv": [ 0.0, 0.0, 2.0, 12.0 ] },
								"west": { "texture": "#tree", "uv": [ 0.0, 0.0, 6.0, 12.0 ] },
								"up": { "texture": "#tree", "uv": [ 0.0, 0.0, 2.0, 6.0 ] },
								"down": { "texture": "#tree", "uv": [ 0.0, 0.0, 2.0, 6.0 ] }
							}
						},
						{
							"name": "hand1",
							"from": [ -3.0, 4.4, 3.2 ], 
							"to": [ -0.6, 12.4, 5.6 ], 
							"rotationOrigin": [ -2.2, 11.4, 4.7 ],
							"rotationX": 15.0,
							"faces": {
								"north": { "texture": "#tree", "uv": [ 5.5, 6.0, 7.5, 14.0 ] },
								"east": { "texture": "#tree", "uv": [ 5.5, 6.0, 7.5, 14.0 ] },
								"south": { "texture": "#tree", "uv": [ 6.0, 6.5, 8.0, 14.5 ] },
								"west": { "texture": "#tree", "uv": [ 6.0, 6.5, 8.0, 14.5 ] },
								"up": { "texture": "#tree", "uv": [ 5.5, 7.5, 7.5, 9.5 ] },
								"down": { "texture": "#tree", "uv": [ 5.5, 6.0, 7.5, 8.0 ] }
							},
							"children": [
								{
									"name": "hand1-2",
									"from": [ 0.0, -24.2, 0.0 ], 
									"to": [ 2.0, 0.8, 2.0 ], 
									"rotationOrigin": [ 1.0, 0.8, 1.0 ],
									"rotationX": -25.9,
									"faces": {
										"north": { "texture": "#tree", "uv": [ 6.5, 5.5, 7.5, 14.5 ], "autoUv": false },
										"east": { "texture": "#tree", "uv": [ 6.0, 5.5, 8.0, 11.5 ], "autoUv": false },
										"south": { "texture": "#tree", "uv": [ 5.5, 5.5, 7.5, 14.5 ], "autoUv": false },
										"west": { "texture": "#tree", "uv": [ 5.5, 7.0, 7.5, 12.0 ], "autoUv": false },
										"up": { "texture": "#tree", "uv": [ 5.5, 7.0, 7.5, 9.0 ] },
										"down": { "texture": "#tree", "uv": [ 6.0, 8.0, 8.0, 10.0 ] }
									}
								}
							]
						},
						{
							"name": "hand2",
							"from": [ 13.2, 4.4, 3.2 ], 
							"to": [ 15.6, 12.4, 5.6 ], 
							"rotationOrigin": [ 14.5, 11.4, 4.4 ],
							"rotationX": 15.0,
							"faces": {
								"north": { "texture": "#tree", "uv": [ 5.5, 6.0, 7.5, 14.0 ] },
								"east": { "texture": "#tree", "uv": [ 5.5, 6.0, 7.5, 14.0 ] },
								"south": { "texture": "#tree", "uv": [ 6.0, 6.5, 8.0, 14.5 ] },
								"west": { "texture": "#tree", "uv": [ 6.0, 6.5, 8.0, 14.5 ] },
								"up": { "texture": "#tree", "uv": [ 5.5, 7.5, 7.5, 9.5 ] },
								"down": { "texture": "#tree", "uv": [ 5.5, 6.0, 7.5, 8.0 ] }
							},
							"children": [
								{
									"name": "hand2-2",
									"from": [ 0.0, -24.2, 0.0 ], 
									"to": [ 2.0, 0.8, 2.0 ], 
									"rotationOrigin": [ 1.0, 0.8, 1.0 ],
									"rotationX": -25.9,
									"faces": {
										"north": { "texture": "#tree", "uv": [ 6.5, 5.5, 7.5, 14.5 ], "autoUv": false },
										"east": { "texture": "#tree", "uv": [ 6.0, 5.5, 8.0, 11.5 ], "autoUv": false },
										"south": { "texture": "#tree", "uv": [ 5.5, 5.5, 7.5, 14.5 ], "autoUv": false },
										"west": { "texture": "#tree", "uv": [ 5.5, 7.0, 7.5, 12.0 ], "autoUv": false },
										"up": { "texture": "#tree", "uv": [ 5.5, 7.0, 7.5, 9.0 ] },
										"down": { "texture": "#tree", "uv": [ 6.0, 8.0, 8.0, 10.0 ] }
									}
								}
							]
						}
					]
				}
			]
		}
	],
	"animations": [
		{
			"name": "Walk",
			"code": "walk",
			"quantityframes": 28,
			"onActivityStopped": "EaseOut",
			"onAnimationEnd": "Repeat",
			"keyframes": [
				{
					"frame": 0,
					"elements": {
						"body5": { "offsetX": 0.0, "offsetY": -3.0, "offsetZ": 0.0 },
						"body1": { "rotationX": 0.0, "rotationY": -10.0, "rotationZ": 0.0 },
						"hand1": { "rotationX": 22.5, "rotationY": 0.0, "rotationZ": 0.0 },
						"hand2": { "rotationX": -22.5, "rotationY": 0.0, "rotationZ": 0.0 },
						"neck1": { "rotationX": 2.0, "rotationY": 0.0, "rotationZ": 0.0 },
						"neck2": { "rotationX": 2.0, "rotationY": 0.0, "rotationZ": 0.0 },
						"neck3": { "rotationX": 2.0, "rotationY": 0.0, "rotationZ": 0.0 },
						"head1": { "rotationX": 2.0, "rotationY": 0.0, "rotationZ": 0.0 },
						"leg1": { "rotationX": -22.5, "rotationY": 0.0, "rotationZ": 0.0 },
						"leg2": { "rotationX": 22.5, "rotationY": 0.0, "rotationZ": 0.0 }
					}
				},
				{
					"frame": 7,
					"elements": {
						"body5": { "offsetX": 0.0, "offsetY": 0.0, "offsetZ": 0.0 },
						"leg1": { "rotationX": 0.0, "rotationY": 0.0, "rotationZ": 0.0 },
						"leg2": { "rotationX": 0.0, "rotationY": 0.0, "rotationZ": 0.0 },
						"body1": { "rotationX": 0.0, "rotationY": 0.0, "rotationZ": 0.0 },
						"neck1": { "rotationX": 0.0, "rotationY": 0.0, "rotationZ": 0.0 },
						"neck2": { "rotationX": 0.0, "rotationY": 0.0, "rotationZ": 0.0 },
						"neck3": { "rotationX": 0.0, "rotationY": 0.0, "rotationZ": 0.0 },
						"head1": { "rotationX": 0.0, "rotationY": 0.0, "rotationZ": 0.0 },
						"hand1": { "rotationX": 0.0, "rotationY": 0.0, "rotationZ": 0.0 },
						"hand2": { "rotationX": 0.0, "rotationY": 0.0, "rotationZ": 0.0 }
					}
				},
				{
					"frame": 14,
					"elements": {
						"body5": { "offsetX": 0.0, "offsetY": -3.0, "offsetZ": 0.0 },
						"leg2": { "rotationX": -22.5, "rotationY": 0.0, "rotationZ": 0.0 },
						"leg1": { "rotationX": 22.5, "rotationY": 0.0, "rotationZ": 0.0 },
						"body1": { "rotationX": 0.0, "rotationY": 10.0, "rotationZ": 0.0 },
						"hand1": { "rotationX": -22.5, "rotationY": 0.0, "rotationZ": 0.0 },
						"hand2": { "rotationX": 22.5, "rotationY": 0.0, "rotationZ": 0.0 },
						"neck1": { "rotationX": 2.0, "rotationY": 0.0, "rotationZ": 0.0 },
						"neck2": { "rotationX": 2.0, "rotationY": 0.0, "rotationZ": 0.0 },
						"neck3": { "rotationX": 2.0, "rotationY": 0.0, "rotationZ": 0.0 },
						"head1": { "rotationX": 2.0, "rotationY": 0.0, "rotationZ": 0.0 }
					}
				},
				{
					"frame": 21,
					"elements": {
						"body5": { "offsetX": 0.0, "offsetY": 0.0, "offsetZ": 0.0 },
						"leg1": { "rotationX": 0.0, "rotationY": 0.0, "rotationZ": 0.0 },
						"leg2": { "rotationX": 0.0, "rotationY": 0.0, "rotationZ": 0.0 },
						"body1": { "rotationX": 0.0, "rotationY": 0.0, "rotationZ": 0.0 },
						"neck1": { "rotationX": 0.0, "rotationY": 0.0, "rotationZ": 0.0 },
						"neck2": { "rotationX": 0.0, "rotationY": 0.0, "rotationZ": 0.0 },
						"neck3": { "rotationX": 0.0, "rotationY": 0.0, "rotationZ": 0.0 },
						"head1": { "rotationX": 0.0, "rotationY": 0.0, "rotationZ": 0.0 },
						"hand1": { "rotationX": 0.0, "rotationY": 0.0, "rotationZ": 0.0 },
						"hand2": { "rotationX": 0.0, "rotationY": 0.0, "rotationZ": 0.0 }
					}
				}
			]
		},

		{
			"name": "Run",
			"code": "run",
			"quantityframes": 28,
			"onActivityStopped": "EaseOut",
			"onAnimationEnd": "Repeat",
			"keyframes": [
				{
					"frame": 0,
					"elements": {
						"body5": { "offsetX": 0.0, "offsetY": -3.0, "offsetZ": 0.0 },
						"body1": { "rotationX": 15.0, "rotationY": -20.0, "rotationZ": 0.0 },
						"hand1": { "rotationX": 45.0, "rotationY": 0.0, "rotationZ": 0.0 },
						"hand1-2": { "rotationX": -10.0, "rotationY": 0.0, "rotationZ": 0.0 },
						"hand2": { "rotationX": -45.0, "rotationY": 0.0, "rotationZ": 0.0 },
						"hand2-2": { "rotationX": -10.0, "rotationY": 0.0, "rotationZ": 0.0 },
						"neck1": { "rotationX": 2.0, "rotationY": 0.0, "rotationZ": 0.0 },
						"neck2": { "rotationX": 2.0, "rotationY": 0.0, "rotationZ": 0.0 },
						"neck3": { "rotationX": 2.0, "rotationY": 0.0, "rotationZ": 0.0 },
						"head1": { "rotationX": 2.0, "rotationY": 0.0, "rotationZ": 0.0 },
						"leg1": { "rotationX": -45.0, "rotationY": 0.0, "rotationZ": 0.0 },
						"leg2": { "rotationX": 45.0, "rotationY": 0.0, "rotationZ": 0.0 }
					}
				},
				{
					"frame": 7,
					"elements": {
						"body5": { "offsetX": 0.0, "offsetY": 0.0, "offsetZ": 0.0 },
						"leg1": { "rotationX": 0.0, "rotationY": 0.0, "rotationZ": 0.0 },
						"leg2": { "rotationX": 0.0, "rotationY": 0.0, "rotationZ": 0.0 },
						"body1": { "rotationX": 15.0, "rotationY": 0.0, "rotationZ": 0.0 },
						"neck1": { "rotationX": 0.0, "rotationY": 0.0, "rotationZ": 0.0 },
						"neck2": { "rotationX": 0.0, "rotationY": 0.0, "rotationZ": 0.0 },
						"neck3": { "rotationX": 0.0, "rotationY": 0.0, "rotationZ": 0.0 },
						"head1": { "rotationX": 0.0, "rotationY": 0.0, "rotationZ": 0.0 },
						"hand1": { "rotationX": 0.0, "rotationY": 0.0, "rotationZ": 0.0 },
						"hand1-2": { "rotationX": 0.0, "rotationY": 0.0, "rotationZ": 0.0 },
						"hand2": { "rotationX": 0.0, "rotationY": 0.0, "rotationZ": 0.0 },
						"hand2-2": { "rotationX": 0.0, "rotationY": 0.0, "rotationZ": 0.0 }
					}
				},
				{
					"frame": 14,
					"elements": {
						"body5": { "offsetX": 0.0, "offsetY": -3.0, "offsetZ": 0.0 },
						"leg2": { "rotationX": -45.0, "rotationY": 0.0, "rotationZ": 0.0 },
						"leg1": { "rotationX": 45.0, "rotationY": 0.0, "rotationZ": 0.0 },
						"body1": { "rotationX": 15.0, "rotationY": 20.0, "rotationZ": 0.0 },
						"hand1": { "rotationX": -45.0, "rotationY": 0.0, "rotationZ": 0.0 },
						"hand1-2": { "rotationX": -10.0, "rotationY": 0.0, "rotationZ": 0.0 },
						"hand2": { "rotationX": 45.0, "rotationY": 0.0, "rotationZ": 0.0 },
						"hand2-2": { "rotationX": -10.0, "rotationY": 0.0, "rotationZ": 0.0 },
						"neck1": { "rotationX": 2.0, "rotationY": 0.0, "rotationZ": 0.0 },
						"neck2": { "rotationX": 2.0, "rotationY": 0.0, "rotationZ": 0.0 },
						"neck3": { "rotationX": 2.0, "rotationY": 0.0, "rotationZ": 0.0 },
						"head1": { "rotationX": 2.0, "rotationY": 0.0, "rotationZ": 0.0 }
					}
				},
				{
					"frame": 21,
					"elements": {
						"body5": { "offsetX": 0.0, "offsetY": 0.0, "offsetZ": 0.0 },
						"leg1": { "rotationX": 0.0, "rotationY": 0.0, "rotationZ": 0.0 },
						"leg2": { "rotationX": 0.0, "rotationY": 0.0, "rotationZ": 0.0 },
						"body1": { "rotationX": 15.0, "rotationY": 0.0, "rotationZ": 0.0 },
						"neck1": { "rotationX": 0.0, "rotationY": 0.0, "rotationZ": 0.0 },
						"neck2": { "rotationX": 0.0, "rotationY": 0.0, "rotationZ": 0.0 },
						"neck3": { "rotationX": 0.0, "rotationY": 0.0, "rotationZ": 0.0 },
						"head1": { "rotationX": 0.0, "rotationY": 0.0, "rotationZ": 0.0 },
						"hand1": { "rotationX": 0.0, "rotationY": 0.0, "rotationZ": 0.0 },
						"hand1-2": { "rotationX": 0.0, "rotationY": 0.0, "rotationZ": 0.0 },
						"hand2": { "rotationX": 0.0, "rotationY": 0.0, "rotationZ": 0.0 },
						"hand2-2": { "rotationX": 0.0, "rotationY": 0.0, "rotationZ": 0.0 }
					}
				}
			]
		},

		{
			"name": "Idle",
			"code": "idle",
			"quantityframes": 30,
			"onActivityStopped": "EaseOut",
			"onAnimationEnd": "Repeat",
			"keyframes": [
				{
					"frame": 0,
					"elements": {
						"body5": { "offsetX": 0.0, "offsetY": 0.0, "offsetZ": 0.0 },
						"body1": { "rotationX": 0.0, "rotationY": 0.0, "rotationZ": 0.0 },
						"hand1": { "rotationX": 0.0, "rotationY": 0.0, "rotationZ": 0.0 },
						"hand2": { "rotationX": 0.0, "rotationY": 0.0, "rotationZ": 0.0 },
						"neck1": { "rotationX": 2.0, "rotationY": 0.0, "rotationZ": 0.0 },
						"neck2": { "rotationX": 2.0, "rotationY": 0.0, "rotationZ": 0.0 },
						"leg1": { "rotationX": 0.0, "rotationY": 0.0, "rotationZ": 0.0 },
						"leg1-2": { "rotationX": 0.0, "rotationY": 0.0, "rotationZ": 0.0 },
						"leg2": { "rotationX": 0.0, "rotationY": 0.0, "rotationZ": 0.0 },
						"leg2-2": { "rotationX": 0.0, "rotationY": 0.0, "rotationZ": 0.0 }
					}
				},
				{
					"frame": 15,
					"elements": {
						"body5": { "offsetX": 0.0, "offsetY": 0.5, "offsetZ": 0.0 },
						"body1": {  },
						"neck1": { "rotationX": 0.0, "rotationY": 0.0, "rotationZ": 0.0 },
						"neck2": { "rotationX": 0.0, "rotationY": 0.0, "rotationZ": 0.0 },
						"leg1": { "rotationX": 4.0, "rotationY": 0.0, "rotationZ": 0.0 },
						"leg1-2": { "rotationX": -8.0, "rotationY": 0.0, "rotationZ": 0.0 },
						"leg2": { "rotationX": 4.0, "rotationY": 0.0, "rotationZ": 0.0 },
						"leg2-2": { "rotationX": -8.0, "rotationY": 0.0, "rotationZ": 0.0 }
					}
				}
			]
		},

		{
			"name": "Hurt",
			"code": "hurt",
			"quantityframes": 30,
			"onActivityStopped": "PlayTillEnd",
			"onAnimationEnd": "Stop",
			"keyframes": [
				{
					"frame": 0,
					"elements": {
						"body5": { "rotationX": 0.0, "rotationY": 0.0, "rotationZ": 0.0 },
						"leg1": { "rotationX": 0.0, "rotationY": 0.0, "rotationZ": 0.0 },
						"body1": { "rotationX": 0.0, "rotationY": 0.0, "rotationZ": 0.0 },
						"neck1": { "rotationX": 0.0, "rotationY": 0.0, "rotationZ": 0.0 },
						"neck2": { "rotationX": 0.0, "rotationY": 0.0, "rotationZ": 0.0 },
						"neck3": { "rotationX": 0.0, "rotationY": 0.0, "rotationZ": 0.0 },
						"head1": { "rotationX": 0.0, "rotationY": 0.0, "rotationZ": 0.0 },
						"hand1": { "rotationX": 0.0, "rotationY": 0.0, "rotationZ": 0.0 },
						"hand2": { "rotationX": 0.0, "rotationY": 0.0, "rotationZ": 0.0 }
					}
				},
				{
					"frame": 7,
					"elements": {
						"body5": { "rotationX": 0.0, "rotationY": -4.0, "rotationZ": 0.0 },
						"body1": { "rotationX": -4.0, "rotationY": -4.0, "rotationZ": 0.0 },
						"neck1": { "rotationX": -2.0, "rotationY": 0.0, "rotationZ": 0.0 },
						"neck2": { "rotationX": -2.0, "rotationY": 0.0, "rotationZ": 0.0 },
						"neck3": { "rotationX": -2.0, "rotationY": 0.0, "rotationZ": 0.0 },
						"head1": { "rotationX": -2.0, "rotationY": 0.0, "rotationZ": 0.0 },
						"hand1": { "rotationX": -9.0, "rotationY": 0.0, "rotationZ": 0.0 },
						"hand2": { "rotationX": -1.0, "rotationY": 0.0, "rotationZ": 0.0 },
						"leg1": { "rotationX": 5.0, "rotationY": 0.0, "rotationZ": 0.0 }
					}
				},
				{
					"frame": 18,
					"elements": {
						"body5": {  },
						"body1": {  },
						"hand1": { "rotationX": 0.0, "rotationY": 0.0, "rotationZ": 0.0 },
						"hand2": { "rotationX": 2.0, "rotationY": 0.0, "rotationZ": 0.0 }
					}
				}
			]
		},

		{
			"name": "Die",
			"code": "die",
			"quantityframes": 50,
			"onActivityStopped": "PlayTillEnd",
			"onAnimationEnd": "Hold",
			"keyframes": [
				{
					"frame": 0,
					"elements": {
						"body5": { "offsetX": 0.0, "offsetY": 0.0, "offsetZ": 0.0 },
						"body1": { "rotationX": 0.0, "rotationY": 0.0, "rotationZ": 0.0 },
						"hand1": { "rotationX": 0.0, "rotationY": 0.0, "rotationZ": 0.0 },
						"hand1-2": { "rotationX": 0.0, "rotationY": 0.0, "rotationZ": 0.0 },
						"hand2": { "rotationX": 0.0, "rotationY": 0.0, "rotationZ": 0.0 },
						"hand2-2": { "rotationX": 0.0, "rotationY": 0.0, "rotationZ": 0.0 },
						"neck1": { "rotationX": 0.0, "rotationY": 0.0, "rotationZ": 0.0 },
						"neck2": { "rotationX": 0.0, "rotationY": 0.0, "rotationZ": 0.0 },
						"neck3": { "rotationX": 0.0, "rotationY": 0.0, "rotationZ": 0.0 },
						"head1": { "rotationX": 0.0, "rotationY": 0.0, "rotationZ": 0.0 },
						"head2": { "rotationX": 0.0, "rotationY": 0.0, "rotationZ": 0.0 },
						"leg1": { "rotationX": 0.0, "rotationY": 0.0, "rotationZ": 0.0 },
						"leg1-2": { "rotationX": 0.0, "rotationY": 0.0, "rotationZ": 0.0 },
						"leg2": { "rotationX": 0.0, "rotationY": 0.0, "rotationZ": 0.0 },
						"leg2-2": { "rotationX": 0.0, "rotationY": 0.0, "rotationZ": 0.0 }
					}
				},
				{
					"frame": 10,
					"elements": {
						"body5": { "offsetX": 0.0, "offsetY": -10.0, "offsetZ": 9.0 },
						"leg2": { "rotationX": 0.0, "rotationY": 0.0, "rotationZ": 0.0 },
						"leg2-2": { "rotationX": 67.5, "rotationY": 0.0, "rotationZ": 0.0 },
						"leg1": { "rotationX": 0.0, "rotationY": 0.0, "rotationZ": 0.0 },
						"leg1-2": { "rotationX": 67.5, "rotationY": 0.0, "rotationZ": 0.0 },
						"body1": { "rotationX": -22.5, "rotationY": 0.0, "rotationZ": 0.0 },
						"hand1": { "rotationX": 45.0, "rotationY": 0.0, "rotationZ": 0.0 },
						"hand2": { "rotationX": 45.0, "rotationY": 0.0, "rotationZ": 0.0 },
						"neck1": { "rotationX": -2.0, "rotationY": 0.0, "rotationZ": 0.0 },
						"neck2": { "rotationX": -2.0, "rotationY": 0.0, "rotationZ": 0.0 },
						"neck3": { "rotationX": -2.0, "rotationY": 0.0, "rotationZ": 0.0 },
						"head1": { "rotationX": -2.0, "rotationY": 0.0, "rotationZ": 0.0 }
					}
				},
				{
					"frame": 25,
					"elements": {
						"body5": { "offsetX": 0.0, "offsetY": -21.0, "offsetZ": -1.0 },
						"leg1": { "rotationX": -67.5, "rotationY": 0.0, "rotationZ": 0.0 },
						"leg1-2": { "rotationX": 135.0, "rotationY": 0.0, "rotationZ": 0.0 },
						"leg2": { "rotationX": -67.5, "rotationY": 0.0, "rotationZ": 0.0 },
						"leg2-2": { "rotationX": 135.0, "rotationY": 0.0, "rotationZ": 0.0 },
						"body1": { "rotationX": -45.0, "rotationY": 22.5, "rotationZ": 0.0 },
						"neck1": { "rotationX": 0.0, "rotationY": 0.0, "rotationZ": 0.0 },
						"neck2": { "rotationX": -2.0, "rotationY": 0.0, "rotationZ": 0.0 },
						"neck3": { "rotationX": -2.0, "rotationY": 0.0, "rotationZ": 0.0 },
						"head1": { "rotationX": -2.0, "rotationY": 0.0, "rotationZ": 0.0 },
						"head2": { "rotationX": 0.0, "rotationY": 0.0, "rotationZ": 0.0 },
						"hand1": { "rotationX": -45.0, "rotationY": 0.0, "rotationZ": 0.0 },
						"hand1-2": { "rotationX": 13.5, "rotationY": 0.0, "rotationZ": 0.0 },
						"hand2": { "rotationX": -22.5, "rotationY": 0.0, "rotationZ": 0.0 },
						"hand2-2": { "rotationX": 13.5, "rotationY": 0.0, "rotationZ": 0.0 }
					}
				},
				{
					"frame": 49,
					"elements": {
						"body5": { "offsetX": 0.0, "offsetY": -21.0, "offsetZ": -1.0 },
						"leg1": { "rotationX": -67.5, "rotationY": 0.0, "rotationZ": 0.0 },
						"leg1-2": { "rotationX": 135.0, "rotationY": 0.0, "rotationZ": 0.0 },
						"leg2": { "rotationX": -67.5, "rotationY": 0.0, "rotationZ": 0.0 },
						"leg2-2": { "rotationX": 135.0, "rotationY": 0.0, "rotationZ": 0.0 },
						"body1": { "rotationX": -90.0, "rotationY": 0.0, "rotationZ": 0.0 },
						"neck1": { "rotationX": -5.0, "rotationY": 0.0, "rotationZ": 0.0 },
						"neck2": { "rotationX": -5.0, "rotationY": 22.5, "rotationZ": 0.0 },
						"neck3": { "rotationX": -5.0, "rotationY": 22.5, "rotationZ": 0.0 },
						"head1": { "rotationX": -6.0, "rotationY": 22.5, "rotationZ": 0.0 },
						"head2": { "rotationX": 0.0, "rotationY": 22.5, "rotationZ": 0.0 },
						"hand1": { "rotationX": -3.0, "rotationY": 0.0, "rotationZ": 0.0 },
						"hand1-2": { "rotationX": 13.5, "rotationY": 0.0, "rotationZ": 0.0 },
						"hand2": { "rotationX": -3.0, "rotationY": 0.0, "rotationZ": 0.0 },
						"hand2-2": { "rotationX": 13.5, "rotationY": 0.0, "rotationZ": 0.0 }
					}
				}
			]
		},

		{
			"name": "Attack",
			"code": "attack",
			"quantityframes": 30,
			"onActivityStopped": "PlayTillEnd",
			"onAnimationEnd": "Stop",
			"keyframes": [
				{
					"frame": 0,
					"elements": {
						"body5": { "offsetX": 0.0, "offsetY": 0.0, "offsetZ": 0.0, "rotationX": 0.0, "rotationY": 0.0, "rotationZ": 0.0 },
						"leg1": { "rotationX": 0.0, "rotationY": 0.0, "rotationZ": 0.0 },
						"leg1-2": { "rotationX": 0.0, "rotationY": 0.0, "rotationZ": 0.0 },
						"body1": { "rotationX": 0.0, "rotationY": 0.0, "rotationZ": 0.0 },
						"neck1": { "rotationX": 0.0, "rotationY": 0.0, "rotationZ": 0.0 },
						"neck2": { "rotationX": 0.0, "rotationY": 0.0, "rotationZ": 0.0 },
						"neck3": { "rotationX": 0.0, "rotationY": 0.0, "rotationZ": 0.0 },
						"hand1": { "rotationX": 0.0, "rotationY": 0.0, "rotationZ": 0.0 },
						"hand1-2": { "rotationX": 0.0, "rotationY": 0.0, "rotationZ": 0.0 },
						"hand2": { "rotationX": 0.0, "rotationY": 0.0, "rotationZ": 0.0 },
						"hand2-2": { "rotationX": 0.0, "rotationY": 0.0, "rotationZ": 0.0 }
					}
				},
				{
					"frame": 10,
					"elements": {
						"body5": { "rotationX": 0.0, "rotationY": -10.0, "rotationZ": 0.0 },
						"leg1": { "rotationX": 18.0, "rotationY": 0.0, "rotationZ": -15.0 },
						"leg1-2": { "rotationX": -22.0, "rotationY": 0.0, "rotationZ": 0.0 },
						"body1": { "rotationX": 0.0, "rotationY": -25.0, "rotationZ": 0.0 },
						"neck1": { "rotationX": 0.0, "rotationY": 7.0, "rotationZ": 0.0 },
						"neck2": { "rotationX": 0.0, "rotationY": 7.0, "rotationZ": 0.0 },
						"neck3": { "rotationX": 0.0, "rotationY": 9.0, "rotationZ": 0.0 },
						"hand2": { "rotationX": -15.0, "rotationY": 0.0, "rotationZ": 0.0 },
						"hand2-2": { "rotationX": -11.0, "rotationY": 0.0, "rotationZ": 0.0 },
						"hand1": { "rotationX": 32.0, "rotationY": 0.0, "rotationZ": -23.0 },
						"hand1-2": { "rotationX": 11.0, "rotationY": 0.0, "rotationZ": 0.0 }
					}
				},
				{
					"frame": 15,
					"elements": {
						"body5": { "offsetX": 0.0, "offsetY": 0.0, "offsetZ": 0.0, "rotationX": 0.0, "rotationY": 6.0, "rotationZ": 0.0 },
						"leg1": { "rotationX": 18.0, "rotationY": 0.0, "rotationZ": -15.0 },
						"leg1-2": { "rotationX": -22.0, "rotationY": 0.0, "rotationZ": 0.0 },
						"body1": { "rotationX": 0.0, "rotationY": 15.0, "rotationZ": 0.0 },
						"neck1": { "rotationX": 0.0, "rotationY": -2.0, "rotationZ": 0.0 },
						"neck2": { "rotationX": 0.0, "rotationY": -5.0, "rotationZ": 0.0 },
						"neck3": { "rotationX": 0.0, "rotationY": -9.0, "rotationZ": 0.0 },
						"hand1": { "rotationX": 0.0, "rotationY": 67.5, "rotationZ": -90.0 },
						"hand1-2": { "rotationX": 11.0, "rotationY": 0.0, "rotationZ": 0.0 },
						"hand2": { "rotationX": 10.0, "rotationY": 0.0, "rotationZ": 0.0 },
						"hand2-2": { "rotationX": 2.0, "rotationY": 0.0, "rotationZ": 0.0 }
					}
				},
				{
					"frame": 29,
					"elements": {
						"body5": { "offsetX": 0.0, "offsetY": 0.0, "offsetZ": 0.0, "rotationX": 0.0, "rotationY": 0.0, "rotationZ": 0.0 },
						"leg1": { "rotationX": 0.0, "rotationY": 0.0, "rotationZ": 0.0 },
						"leg1-2": { "rotationX": 0.0, "rotationY": 0.0, "rotationZ": 0.0 },
						"body1": { "rotationX": 0.0, "rotationY": 0.0, "rotationZ": 0.0 },
						"neck1": { "rotationX": 0.0, "rotationY": 0.0, "rotationZ": 0.0 },
						"neck2": { "rotationX": 0.0, "rotationY": 0.0, "rotationZ": 0.0 },
						"neck3": { "rotationX": 0.0, "rotationY": 0.0, "rotationZ": 0.0 },
						"hand1": { "rotationX": 0.0, "rotationY": 0.0, "rotationZ": 0.0 },
						"hand1-2": { "rotationX": 0.0, "rotationY": 0.0, "rotationZ": 0.0 },
						"hand2": { "rotationX": 0.0, "rotationY": 0.0, "rotationZ": 0.0 },
						"hand2-2": { "rotationX": 0.0, "rotationY": 0.0, "rotationZ": 0.0 }
					}
				}
			]
		}
	]
}