{
	"editor": {
		"allAngles": false,
		"entityTextureMode": false
	},
	"textureWidth": 16,
	"textureHeight": 16,
	"textureSizes": {
	},
	"textures": {
	},
	"elements": [
		{
			"name": "Cube1",
			"from": [ 5.7, 0.0, 6.8 ], 
			"to": [ 11.2, 0.5, 9.1 ], 
			"rotationOrigin": [ 5.7, 0.0, 6.8 ],
			"faces": {
				"north": { "texture": "#cooked", "uv": [ 0.0, 9.0, 5.5, 9.5 ] },
				"east": { "texture": "#cooked", "uv": [ 6.0, 8.0, 8.0, 8.5 ] },
				"south": { "texture": "#cooked", "uv": [ 1.0, 15.0, 6.5, 15.5 ] },
				"west": { "texture": "#cooked", "uv": [ 4.0, 11.0, 6.0, 11.5 ] },
				"up": { "texture": "#cooked", "uv": [ 2.0, 13.0, 7.5, 15.0 ] },
				"down": { "texture": "#cooked", "uv": [ 2.0, 12.0, 7.5, 14.0 ] }
			},
			"children": [
				{
					"name": "Cube3",
					"from": [ 0.8, 0.0, 2.3 ], 
					"to": [ 4.9, 0.3, 3.1 ], 
					"rotationOrigin": [ 0.3, 0.0, -0.7 ],
					"faces": {
						"north": { "texture": "#cooked", "uv": [ 1.0, 10.0, 5.0, 10.5 ], "enabled": false },
						"east": { "texture": "#cooked", "uv": [ 4.0, 12.0, 4.5, 12.5 ] },
						"south": { "texture": "#cooked", "uv": [ 2.0, 11.0, 6.0, 11.5 ] },
						"west": { "texture": "#cooked", "uv": [ 4.0, 11.0, 4.5, 11.5 ] },
						"up": { "texture": "#cooked", "uv": [ 0.0, 11.5, 4.0, 12.0 ] },
						"down": { "texture": "#cooked", "uv": [ 2.0, 13.0, 6.0, 13.5 ] }
					}
				},
				{
					"name": "Cube5",
					"from": [ 0.2, 0.0, -0.8 ], 
					"to": [ 4.5, 0.5, 0.0 ], 
					"rotationOrigin": [ 0.7, 0.0, -1.3 ],
					"faces": {
						"north": { "texture": "#cooked", "uv": [ 3.0, 10.0, 7.0, 10.5 ] },
						"east": { "texture": "#cooked", "uv": [ 4.0, 11.0, 4.5, 11.5 ] },
						"south": { "texture": "#cooked", "uv": [ 3.0, 13.0, 7.0, 13.5 ], "enabled": false },
						"west": { "texture": "#cooked", "uv": [ 3.0, 11.0, 3.5, 11.5 ] },
						"up": { "texture": "#cooked", "uv": [ 3.0, 11.0, 7.0, 11.5 ] },
						"down": { "texture": "#cooked", "uv": [ 1.0, 12.0, 5.0, 12.5 ] }
					}
				},
				{
					"name": "Cube8",
					"from": [ 0.7, 0.5, -0.2 ], 
					"to": [ 4.5, 0.8, 1.7 ], 
					"rotationOrigin": [ 0.7, -0.5, -1.2 ],
					"faces": {
						"north": { "texture": "#cooked", "uv": [ 4.0, 11.0, 7.5, 11.5 ] },
						"east": { "texture": "#cooked", "uv": [ 4.0, 12.0, 5.5, 12.5 ] },
						"south": { "texture": "#cooked", "uv": [ 2.0, 10.0, 5.5, 10.5 ] },
						"west": { "texture": "#cooked", "uv": [ 2.0, 12.0, 3.5, 12.5 ] },
						"up": { "texture": "#cooked", "uv": [ 3.0, 12.0, 6.5, 13.5 ] },
						"down": { "texture": "#cooked", "uv": [ 1.0, 11.0, 4.5, 12.5 ], "enabled": false }
					}
				},
				{
					"name": "Cube6",
					"from": [ -1.0, 0.0, 0.2 ], 
					"to": [ 0.0, 0.3, 2.1 ], 
					"rotationOrigin": [ 1.0, 0.0, -0.8 ],
					"faces": {
						"north": { "texture": "#cooked", "uv": [ 2.0, 11.0, 3.0, 11.5 ] },
						"east": { "texture": "#cooked", "uv": [ 5.0, 12.0, 6.5, 12.5 ], "enabled": false },
						"south": { "texture": "#cooked", "uv": [ 5.0, 11.0, 6.0, 11.5 ] },
						"west": { "texture": "#cooked", "uv": [ 3.0, 11.0, 4.5, 11.5 ] },
						"up": { "texture": "#cooked", "uv": [ 2.0, 10.0, 3.0, 11.5 ] },
						"down": { "texture": "#cooked", "uv": [ 2.0, 10.0, 3.0, 11.5 ] }
					}
				}
			]
		}
	]}