{
	code: "khopesh",
	damagedby: ["blockbreaking", "attacking"],
	tool: "sword",
	attributes: {
		handbook: {
			createdBy: "metalmolding"
		}
	},
	variantgroups: [
		{ code: "metal", states: ["copper", "tinbronze", "bismuthbronze", "blackbronze"] },
	],
	shape: { base: "item/khopes" },
	heldTpHitAnimation: "swordhit",
	textures: { "tinbronze": { base: "game:block/metal/anvil/{metal}" } },
	attackRange: 2.5,
	tooltierbytype: {
		"*-copper": 2,
		"*-bismuthbronze": 3,
		"*-tinbronze": 3,
		"*-blackbronze": 3
	},
	miningspeedbytype: {
		"*-copper": {
			"wood": 2.5,
			"plant": 3,
			"leaves": 3
		},
		"*-bismuthbronze": {
			"wood": 3.75,
			"plant": 3.85,
			"leaves": 3.85
		},
		"*-tinbronze": {
			"wood": 4,
			"plant": 4.15,
			"leaves": 4.15
		},
		"*-blackbronze": {
			"wood": 4.25,
			"plant": 4.45,
			"leaves": 4.45
		}
	},
	attackpowerbytype: {
		"*-copper": 3.2,
		"*-tinbronze": 3.45,
		"*-bismuthbronze": 3.5,
		"*-blackbronze": 3.6
	},
	durabilitybytype: {
		"*-copper": 285,
		"*-tinbronze": 485,
		"*-bismuthbronze": 520,
		"*-blackbronze": 570
	},
	creativeinventory: { "general": ["*"], "items": ["*"], "tools": ["*"] },
	guiTransform: {
		translation: { x: 3, y: 0, z: 0 },
		rotation: { x: -109, y: 45, z: 8 },
		origin: { x: 0.6, y: -0.2, z: 0.44 },
		scale: 1.85
	},
	fpHandTransform: {
		translation: { x: -0.45, y: -0.1, z: 0 },
		rotation: { x: -167, y: 174, z: -92 },
		origin: { x: 0.5, y: 0.6, z: 0.5 },
		scale: 3.15
	},
	tpHandTransform: {
		translation: { x: -0.88, y: -0.5, z: -0.05 },
		rotation: { x: 90, y: 0, z: 0 },
		scale: 1
	},
	groundTransform: {
		translation: { x: 0, y: 0.5, z: 0 },
		rotation: { x: 0, y: 0, z: 0 },
		origin: { x: 0.5, y: 0.5, z: 0.5299 },
		scale: 5.25
	},
	attributes: {
		toolrackTransform: {
			translation: { x: 0, y: 0.75, z: 0 },
			rotation: { x: 0, y: -180, z: 0 },
			scale: 1.7
		}
	}
}