{
	code: "polespear",
	damagedby: ["attacking"],
	tool: "spear",
	attributes: {
		handbook: { groupBy: ["polespear"] }
	},
	variantgroups: [
		{ code: "metal", states: ["copper", "tinbronze", "bismuthbronze", "blackbronze", "iron", "meteoriciron", "steel"] },
	],
	shape: { base: "item/spear" },
	heldTpHitAnimation: "spearhit",
	textures: { "copper": { base: "game:block/metal/anvil/{metal}" } },
	attackRange: 4,
	tooltierbytype: {
		"*-copper": 2,
		"*-bismuthbronze": 3,
		"*-tinbronze": 3,
		"*-blackbronze": 3,
		"*-iron": 4,
		"*-meteoriciron": 4,
		"*-steel": 5
	},
	attackpowerbytype: {
		"*-copper": 3,
		"*-tinbronze": 3.5,
		"*-bismuthbronze": 3.75,
		"*-blackbronze": 4,
		"*-iron": 4.75,
		"*-meteoriciron": 5,
		"*-steel": 5.5
	},
	durabilitybytype: {
		"*-copper": 210,
		"*-tinbronze": 350,
		"*-bismuthbronze": 375,
		"*-blackbronze": 390,
		"*-iron": 525,
		"*-meteoriciron": 565,
		"*-steel": 680
	},
	creativeinventory: { "general": ["*"], "items": ["*"], "tools": ["*"] },
	guiTransform: {
		translation: { x: 0, y: 0, z: 0 },
		rotation: { x: -73, y: 53, z: 25 },
		origin: { x: 0.4, y: 0.1, z: 0.4 },
		scale: 0.9
	},
	fpHandTransform: {
		translation: { x: 0.3, y: 0.5, z: 0.16 },
		rotation: { x: -82, y: 0, z: 85 },
		origin: { x: 0.5, y: 0, z: 0.5 },
		scale: 2.45
	},
	tpHandTransform: {
		translation: { x: -1.24, y: -0.01, z: -0.56 },
		rotation: { x: -81, y: 0, z: 0 },
		origin: { x: 0.6, y: 0, z: 0.5 },
		scale: 0.8
	},
	groundTransform: {
		translation: { x: 0, y: 0, z: 0 },
		rotation: { x: 0, y: 0, z: 0 },
		origin: { x: 0.5, y: 0, z: 0.5 },
		scale: 3.4
	},
	attributes: {
		toolrackTransform: {
				rotation: { x: 90, y: 1, z: -1 },
				translation: { x: -0.2, y: 0.05, z: 0.5 },
				scale: 1
			}
	}
}