{
  "temporalstable": {
    "requirements": [
      {
        "code": "ability",
        "minimumTier": 3,
        "skill": "temporaladaptation",
        "ability": "timelord",
        "requiredTier": 1
      },
      {
        "code": "exclusiveAbility",
        "minimumTier": 1,
        "skill": "temporaladaptation",
        "ability": "temporalunstable",
        "exclusiveTier": 1
      },
      {
        "code": "exclusiveAbility",
        "minimumTier": 3,
        "skill": "temporaladaptation",
        "ability": "caveman",
        "exclusiveTier": 3
      },
      {
        "code": "exclusiveAbility",
        "minimumTier": 3,
        "skill": "temporaladaptation",
        "ability": "temporaladapted",
        "exclusiveTier": 3
      }
    ]
  },
  "caveman": {
    "requirements": [
      {
        "code": "ability",
        "minimumTier": 3,
        "skill": "temporaladaptation",
        "ability": "timelord",
        "requiredTier": 1
      },
      {
        "code": "exclusiveAbility",
        "minimumTier": 3,
        "skill": "temporaladaptation",
        "ability": "temporalstable",
        "exclusiveTier": 3
      },
      {
        "code": "exclusiveAbility",
        "minimumTier": 3,
        "skill": "temporaladaptation",
        "ability": "temporaladapted",
        "exclusiveTier": 3
      }
    ]
  },
  "temporaladapted": {
    "requirements": [
      {
        "code": "ability",
        "minimumTier": 3,
        "skill": "temporaladaptation",
        "ability": "timelord",
        "requiredTier": 1
      },
      {
        "code": "exclusiveAbility",
        "minimumTier": 3,
        "skill": "temporaladaptation",
        "ability": "temporalstable",
        "exclusiveTier": 3
      },
      {
        "code": "exclusiveAbility",
        "minimumTier": 3,
        "skill": "temporaladaptation",
        "ability": "caveman",
        "exclusiveTier": 3
      }
    ]
  },
  "temporalunstable": {
    "requirements": [
      {
        "code": "ability",
        "minimumTier": 3,
        "skill": "temporaladaptation",
        "ability": "timelord",
        "requiredTier": 1
      },
      {
        "code": "exclusiveAbility",
        "minimumTier": 1,
        "skill": "temporaladaptation",
        "ability": "temporalstable",
        "exclusiveTier": 1
      }
    ]
  }
}
