{
  "code": "deadfall",
  "class": "blockdeadfall",
  "entityclass": "bedeadfall",
  "attributes": {
    "maxAnimalHeight": 0.7,
    "maxDamageSet": 10,
    "maxDamageBaited": 20
  },
  "behaviors": [{ "name": "Unstable" }],
  "blockmaterial": "Stone",
  "drawtype": "json",
  "lightabsorption": 0,
  "sideopaque": {
    "all": false
  },
  "sidesolid": {
    "all": false
  },
  "resistance": 0.75,
  "requiredminingtier": 0,
  "sounds": {
    "place": "game:walk/stone1",
    "walk": "game:walk/stone1"
  },
  "collisionBoxesByType": {
    "*-tripped-*": [
      { "x1": 0.1, "y1": 0, "z1": 0.1, "x2": 0.9, "y2": 0.1, "z2": 0.9 }
    ],
    "*": [{ "x1": 0, "y1": 0, "z1": 0, "x2": 1, "y2": 0.9, "z2": 1 }]
  },
  "selectionBoxesByType": {
    "*-tripped-*": [{ "x1": 0, "y1": 0, "z1": 0, "x2": 1, "y2": 0.1, "z2": 1 }],
    "*": [{ "x1": 0.1, "y1": 0, "z1": 0.1, "x2": 0.9, "y2": 0.6, "z2": 0.9 }]
  },
  "guiTransform": {
    "translation": { "x": 0, "y": 7, "z": 0 },
    "origin": { "x": 0.5, "y": 0.0625, "z": 0.5 },
    "scale": 1.6
  },
  "groundTransform": {
    "scale": 1.5
  },
  "fpHandTransform": {
    "translation": { "x": 0, "y": 0.2, "z": 0 },
    "rotation": { "x": 0, "y": -14, "z": 0 },
    "scale": 1.5
  },
  "tpHandTransform": {
    "translation": { "x": -0.9, "y": -0.25, "z": -0.8 },
    "rotation": { "x": -28, "y": 69, "z": 2 },
    "origin": { "x": 0.5, "y": 0.1, "z": 0.5 },
    "scale": 0.66
  },
  "variantgroups": [
    { "code": "type", "states": ["set", "tripped"] },
    {
      "code": "rock",
      "states": ["granite", "andesite", "basalt", "obsidian", "peridotite"]
    },
    { "loadFromProperties": "abstract/horizontalorientation" }
  ],
  "drops": [
    { "type": "item", "code": "game:stone-{rock}" },
    { "type": "item", "code": "game:stick" }
  ],
  "textures": {
    "rockmaterial": {
      "base": "game:block/stone/rock/{rock}1"
    },
    "woodmaterial": {
      "base": "game:block/wood/debarked/oak"
    },
    "baitmaterial": {
      "base": "primitivesurvival:item/fishing/bait"
    }
  },
  "shapebytype": {
    "*-north": {
      "base": "block/deadfall/deadfall-{type}",
      "rotateY": 180
    },
    "*-east": {
      "base": "block/deadfall/deadfall-{type}",
      "rotateY": 90
    },
    "*-south": {
      "base": "block/deadfall/deadfall-{type}",
      "rotateY": 0
    },
    "*-west": {
      "base": "block/deadfall/deadfall-{type}",
      "rotateY": 270
    }
  },
  "creativeinventory": {
    "general": ["*set-*-north"],
    "primitive": ["*set-*-north"]
  }
}
