{
	code: "breadberryacornmin",
	maxstacksize: 32,
	attributes: {
		displaycaseable: true,
		shelvable: true	
	},
	variantgroups: [
		{ code: "type", states: ["spelt", "rye", "flax", "rice" ] },
		{ code: "fruit", states: ["blueberry", "cranberry", "redcurrant", "whitecurrant", "blackcurrant"] },
	],
	shapebytype: { 
		"breadberryacornmin-*-blackcurrant": { base: "item/food/bread/acornbreadblackcurrantmin" },
		"breadberryacornmin-*-whitecurrant": { base: "item/food/bread/acornbreadwhitecurrantmin" },
		"breadberryacornmin-*-redcurrant": { base: "item/food/bread/acornbreadredcurrantmin" },
		"breadberryacornmin-*-blueberry": { base: "item/food/bread/acornbreadblueberrymin" },
		"breadberryacornmin-*-cranberry": { base: "item/food/bread/acornbreadcranberrymin" },
	},
	creativeinventory: { "general": ["*"], "items": ["*"] },
	nutritionPropsByType: {
		"*-flax-cranberry": { saturation: 300, foodcategory: "Grain" },
		"*-flax-*": { saturation: 320, foodcategory: "Grain" },
		"*-*-cranberry": { saturation: 510, foodcategory: "Grain" },
		"*": { saturation: 530, foodcategory: "Grain" },
	},
	transitionableProps: [{
		type: "Perish",
		freshHours: { avg: 432 },
		transitionHours: { avg: 36 },
		transitionedStack: { type: "item", code: "game:rot" },
		transitionRatio: 1
	}],
	materialDensity: 200,
	guiTransform: {
		translation: { x: 3, y: 0, z: 0 },
		rotation: { x: -28, y: 23, z: 180 },
		origin: { x: 0.5, y: 0.07, z: 0.5 },
		scale: 5
	},
	groundTransform: {
		translation: { x: 0, y: 0, z: 0 },
		rotation: { x: 0, y: 0, z: 1 },
		origin: { x: 0.5, y: 0, z: 0.5 },
		scale: 4.5
	},
	tpHandTransform: {
		translation: { x: -0.54, y: -0.16, z: -0.4 },
		rotation: { x: 44, y: -69, z: 2 },
		origin: { x: 0.5, y: 0.13, z: 0.5 },
		scale: 1
	},
	fpHandTransform: {
		translation: { x: 0, y: 0.24, z: 0.3 },
		rotation: { x: 104, y: 0, z: 71 },
		origin: { x: 0.5, y: 0.1, z: 0.5 },
		scale: 2.5
	}
}