{
	"editor": {
		"allAngles": false,
		"entityTextureMode": false
	},
	"textureWidth": 16,
	"textureHeight": 32,
	"textureSizes": {
	},
	"textures": {
		"copper": "game:block/metal/plate/copper",
		"vertical": "game:block/wood/fence/oak/vertical",
		"ferthigh": "game:block/soil/ferthigh"
	},
	"elements": [
		{
			"name": "Cube2",
			"from": [ 3.0, 0.0, 0.0 ], 
			"to": [ 13.0, 1.0, 16.0 ], 
			"rotationOrigin": [ 8.0, 0.0, 8.0 ],
			"faces": {
				"north": { "texture": "#vertical", "uv": [ 0.0, 0.0, 1.0, 10.0 ], "rotation": 90 },
				"east": { "texture": "#vertical", "uv": [ 0.0, 0.0, 1.0, 16.0 ], "rotation": 90 },
				"south": { "texture": "#vertical", "uv": [ 0.0, 0.0, 1.0, 10.0 ], "rotation": 90 },
				"west": { "texture": "#vertical", "uv": [ 0.0, 0.0, 1.0, 16.0 ], "rotation": 90 },
				"up": { "texture": "#vertical", "uv": [ 0.0, 0.0, 10.0, 16.0 ] },
				"down": { "texture": "#vertical", "uv": [ 0.0, 0.0, 10.0, 16.0 ] }
			},
			"children": [
				{
					"name": "Cube3",
					"from": [ 9.0, 1.0, 0.0 ], 
					"to": [ 10.0, 6.0, 16.0 ], 
					"rotationOrigin": [ 0.0, 1.0, 0.0 ],
					"faces": {
						"north": { "texture": "#vertical", "uv": [ 0.0, 0.0, 1.0, 5.0 ] },
						"east": { "texture": "#vertical", "uv": [ 0.0, 0.0, 16.0, 5.0 ] },
						"south": { "texture": "#vertical", "uv": [ 0.0, 0.0, 1.0, 5.0 ] },
						"west": { "texture": "#vertical", "uv": [ 0.0, 0.0, 16.0, 5.0 ] },
						"up": { "texture": "#vertical", "uv": [ 0.0, 0.0, 1.0, 16.0 ] },
						"down": { "texture": "#vertical", "uv": [ 0.0, 0.0, 1.0, 16.0 ] }
					}
				},
				{
					"name": "Cube4",
					"from": [ 0.0, 1.0, 0.0 ], 
					"to": [ 1.0, 6.0, 16.0 ], 
					"rotationOrigin": [ 0.0, 1.0, 0.0 ],
					"faces": {
						"north": { "texture": "#vertical", "uv": [ 0.0, 0.0, 1.0, 5.0 ] },
						"east": { "texture": "#vertical", "uv": [ 0.0, 0.0, 16.0, 5.0 ] },
						"south": { "texture": "#vertical", "uv": [ 0.0, 0.0, 1.0, 5.0 ] },
						"west": { "texture": "#vertical", "uv": [ 0.0, 0.0, 16.0, 5.0 ] },
						"up": { "texture": "#vertical", "uv": [ 0.0, 0.0, 1.0, 16.0 ] },
						"down": { "texture": "#vertical", "uv": [ 0.0, 0.0, 1.0, 16.0 ] }
					}
				},
				{
					"name": "Cube5",
					"from": [ 8.0, 6.0, 0.0 ], 
					"to": [ 9.0, 8.0, 16.0 ], 
					"rotationOrigin": [ 1.0, 6.0, 0.0 ],
					"faces": {
						"north": { "texture": "#vertical", "uv": [ 0.0, 0.0, 1.0, 2.0 ] },
						"east": { "texture": "#vertical", "uv": [ 0.0, 0.0, 16.0, 2.0 ] },
						"south": { "texture": "#vertical", "uv": [ 0.0, 0.0, 1.0, 2.0 ] },
						"west": { "texture": "#vertical", "uv": [ 0.0, 0.0, 16.0, 2.0 ] },
						"up": { "texture": "#vertical", "uv": [ 0.0, 0.0, 1.0, 16.0 ] },
						"down": { "texture": "#vertical", "uv": [ 0.0, 0.0, 1.0, 16.0 ] }
					}
				},
				{
					"name": "Cube6",
					"from": [ 1.0, 6.0, 0.0 ], 
					"to": [ 2.0, 8.0, 16.0 ], 
					"rotationOrigin": [ 1.0, 6.0, 0.0 ],
					"faces": {
						"north": { "texture": "#vertical", "uv": [ 0.0, 0.0, 1.0, 2.0 ] },
						"east": { "texture": "#vertical", "uv": [ 0.0, 0.0, 16.0, 2.0 ] },
						"south": { "texture": "#vertical", "uv": [ 0.0, 0.0, 1.0, 2.0 ] },
						"west": { "texture": "#vertical", "uv": [ 0.0, 0.0, 16.0, 2.0 ] },
						"up": { "texture": "#vertical", "uv": [ 0.0, 0.0, 1.0, 16.0 ] },
						"down": { "texture": "#vertical", "uv": [ 0.0, 0.0, 1.0, 16.0 ] }
					}
				},
				{
					"name": "Cube7",
					"from": [ 7.0, 8.0, 0.0 ], 
					"to": [ 8.0, 9.0, 16.0 ], 
					"rotationOrigin": [ 2.0, 8.0, 0.0 ],
					"faces": {
						"north": { "texture": "#vertical", "uv": [ 0.0, 0.0, 1.0, 1.0 ] },
						"east": { "texture": "#vertical", "uv": [ 0.0, 0.0, 16.0, 1.0 ] },
						"south": { "texture": "#vertical", "uv": [ 0.0, 0.0, 1.0, 1.0 ] },
						"west": { "texture": "#vertical", "uv": [ 0.0, 0.0, 16.0, 1.0 ] },
						"up": { "texture": "#vertical", "uv": [ 0.0, 0.0, 1.0, 16.0 ] },
						"down": { "texture": "#vertical", "uv": [ 0.0, 0.0, 1.0, 16.0 ] }
					}
				},
				{
					"name": "Cube8",
					"from": [ 2.0, 8.0, 0.0 ], 
					"to": [ 3.0, 9.0, 16.0 ], 
					"rotationOrigin": [ 2.0, 8.0, 0.0 ],
					"faces": {
						"north": { "texture": "#vertical", "uv": [ 0.0, 0.0, 1.0, 1.0 ] },
						"east": { "texture": "#vertical", "uv": [ 0.0, 0.0, 16.0, 1.0 ] },
						"south": { "texture": "#vertical", "uv": [ 0.0, 0.0, 1.0, 1.0 ] },
						"west": { "texture": "#vertical", "uv": [ 0.0, 0.0, 16.0, 1.0 ] },
						"up": { "texture": "#vertical", "uv": [ 0.0, 0.0, 1.0, 16.0 ] },
						"down": { "texture": "#vertical", "uv": [ 0.0, 0.0, 1.0, 16.0 ] }
					}
				},
				{
					"name": "Cube9",
					"from": [ 3.0, 9.0, 0.0 ], 
					"to": [ 7.0, 10.0, 16.0 ], 
					"rotationOrigin": [ 0.0, 9.0, 0.0 ],
					"faces": {
						"north": { "texture": "#vertical", "uv": [ 0.0, 0.0, 4.0, 1.0 ] },
						"east": { "texture": "#vertical", "uv": [ 0.0, 0.0, 16.0, 1.0 ] },
						"south": { "texture": "#vertical", "uv": [ 0.0, 0.0, 4.0, 1.0 ] },
						"west": { "texture": "#vertical", "uv": [ 0.0, 0.0, 16.0, 1.0 ] },
						"up": { "texture": "#vertical", "uv": [ 0.0, 0.0, 4.0, 16.0 ] },
						"down": { "texture": "#vertical", "uv": [ 0.0, 0.0, 4.0, 16.0 ] }
					}
				},
				{
					"name": "Cube10",
					"from": [ 1.0, 1.0, 15.0 ], 
					"to": [ 9.0, 6.0, 16.0 ], 
					"rotationOrigin": [ 1.0, 1.0, 15.0 ],
					"faces": {
						"north": { "texture": "#vertical", "uv": [ 0.0, 0.0, 8.0, 5.0 ] },
						"east": { "texture": "#vertical", "uv": [ 0.0, 0.0, 1.0, 5.0 ] },
						"south": { "texture": "#vertical", "uv": [ 0.0, 0.0, 8.0, 5.0 ] },
						"west": { "texture": "#vertical", "uv": [ 0.0, 0.0, 1.0, 5.0 ] },
						"up": { "texture": "#vertical", "uv": [ 0.0, 0.0, 8.0, 1.0 ] },
						"down": { "texture": "#vertical", "uv": [ 0.0, 0.0, 8.0, 1.0 ] }
					},
					"children": [
						{
							"name": "Cube11",
							"from": [ 1.0, 5.0, 0.0 ], 
							"to": [ 7.0, 7.0, 1.0 ], 
							"rotationOrigin": [ 1.0, 5.0, 0.0 ],
							"faces": {
								"north": { "texture": "#vertical", "uv": [ 0.0, 0.0, 6.0, 2.0 ] },
								"east": { "texture": "#vertical", "uv": [ 0.0, 0.0, 1.0, 2.0 ] },
								"south": { "texture": "#vertical", "uv": [ 0.0, 0.0, 6.0, 2.0 ] },
								"west": { "texture": "#vertical", "uv": [ 0.0, 0.0, 1.0, 2.0 ] },
								"up": { "texture": "#vertical", "uv": [ 0.0, 0.0, 6.0, 1.0 ] },
								"down": { "texture": "#vertical", "uv": [ 0.0, 0.0, 6.0, 1.0 ] }
							}
						},
						{
							"name": "Cube12",
							"from": [ 2.0, 7.0, 0.0 ], 
							"to": [ 6.0, 8.0, 1.0 ], 
							"rotationOrigin": [ 2.0, 7.0, 0.0 ],
							"faces": {
								"north": { "texture": "#vertical", "uv": [ 0.0, 0.0, 4.0, 1.0 ] },
								"east": { "texture": "#vertical", "uv": [ 0.0, 0.0, 1.0, 1.0 ] },
								"south": { "texture": "#vertical", "uv": [ 0.0, 0.0, 4.0, 1.0 ] },
								"west": { "texture": "#vertical", "uv": [ 0.0, 0.0, 1.0, 1.0 ] },
								"up": { "texture": "#vertical", "uv": [ 0.0, 0.0, 4.0, 1.0 ] },
								"down": { "texture": "#vertical", "uv": [ 0.0, 0.0, 4.0, 1.0 ] }
							}
						}
					]
				},
				{
					"name": "Cube13",
					"from": [ 1.0, 1.0, 0.0 ], 
					"to": [ 9.0, 6.0, 1.0 ], 
					"rotationOrigin": [ 1.0, 1.0, 0.0 ],
					"faces": {
						"north": { "texture": "#vertical", "uv": [ 0.0, 0.0, 8.0, 5.0 ] },
						"east": { "texture": "#vertical", "uv": [ 0.0, 0.0, 1.0, 5.0 ] },
						"south": { "texture": "#vertical", "uv": [ 0.0, 0.0, 8.0, 5.0 ] },
						"west": { "texture": "#vertical", "uv": [ 0.0, 0.0, 1.0, 5.0 ] },
						"up": { "texture": "#vertical", "uv": [ 0.0, 0.0, 8.0, 1.0 ] },
						"down": { "texture": "#vertical", "uv": [ 0.0, 0.0, 8.0, 1.0 ] }
					},
					"children": [
						{
							"name": "Cube14",
							"from": [ 1.0, 5.0, 0.0 ], 
							"to": [ 7.0, 7.0, 1.0 ], 
							"rotationOrigin": [ 1.0, 5.0, 0.0 ],
							"faces": {
								"north": { "texture": "#vertical", "uv": [ 0.0, 0.0, 6.0, 2.0 ] },
								"east": { "texture": "#vertical", "uv": [ 0.0, 0.0, 1.0, 2.0 ] },
								"south": { "texture": "#vertical", "uv": [ 0.0, 0.0, 6.0, 2.0 ] },
								"west": { "texture": "#vertical", "uv": [ 0.0, 0.0, 1.0, 2.0 ] },
								"up": { "texture": "#vertical", "uv": [ 0.0, 0.0, 6.0, 1.0 ] },
								"down": { "texture": "#vertical", "uv": [ 0.0, 0.0, 6.0, 1.0 ] }
							}
						},
						{
							"name": "Cube15",
							"from": [ 2.0, 7.0, 0.0 ], 
							"to": [ 6.0, 8.0, 1.0 ], 
							"rotationOrigin": [ 2.0, 7.0, 0.0 ],
							"faces": {
								"north": { "texture": "#vertical", "uv": [ 0.0, 0.0, 4.0, 1.0 ] },
								"east": { "texture": "#vertical", "uv": [ 0.0, 0.0, 1.0, 1.0 ] },
								"south": { "texture": "#vertical", "uv": [ 0.0, 0.0, 4.0, 1.0 ] },
								"west": { "texture": "#vertical", "uv": [ 0.0, 0.0, 1.0, 1.0 ] },
								"up": { "texture": "#vertical", "uv": [ 0.0, 0.0, 4.0, 1.0 ] },
								"down": { "texture": "#vertical", "uv": [ 0.0, 0.0, 4.0, 1.0 ] }
							}
						},
						{
							"name": "Cube1",
							"from": [ 3.0, 6.0, -1.0 ], 
							"to": [ 5.0, 7.0, 0.0 ], 
							"rotationOrigin": [ 3.0, 6.0, -1.0 ],
							"faces": {
								"north": { "texture": "#ferthigh", "uv": [ 0.0, 0.0, 2.0, 1.0 ] },
								"east": { "texture": "#ferthigh", "uv": [ 0.0, 0.0, 1.0, 1.0 ] },
								"south": { "texture": "#ferthigh", "uv": [ 0.0, 0.0, 2.0, 1.0 ] },
								"west": { "texture": "#ferthigh", "uv": [ 0.0, 0.0, 1.0, 1.0 ] },
								"up": { "texture": "#ferthigh", "uv": [ 0.0, 0.0, 2.0, 1.0 ] },
								"down": { "texture": "#ferthigh", "uv": [ 0.0, 0.0, 2.0, 1.0 ] }
							}
						}
					]
				},
				{
					"name": "Cube16",
					"from": [ -1.0, 4.0, 2.0 ], 
					"to": [ 0.0, 15.0, 3.0 ], 
					"rotationOrigin": [ -1.0, 4.0, 2.0 ],
					"faces": {
						"north": { "texture": "#copper", "uv": [ 0.0, 0.0, 1.0, 11.0 ] },
						"east": { "texture": "#copper", "uv": [ 0.0, 0.0, 1.0, 11.0 ] },
						"south": { "texture": "#copper", "uv": [ 0.0, 0.0, 1.0, 11.0 ] },
						"west": { "texture": "#copper", "uv": [ 0.0, 0.0, 1.0, 11.0 ] },
						"up": { "texture": "#copper", "uv": [ 0.0, 0.0, 1.0, 1.0 ] },
						"down": { "texture": "#copper", "uv": [ 0.0, 0.0, 1.0, 1.0 ] }
					},
					"children": [
						{
							"name": "Cube17",
							"from": [ 0.0, 8.0, 1.0 ], 
							"to": [ 1.0, 11.0, 5.0 ], 
							"rotationOrigin": [ 0.0, 8.0, 1.0 ],
							"faces": {
								"north": { "texture": "#copper", "uv": [ 0.0, 0.0, 1.0, 3.0 ] },
								"east": { "texture": "#copper", "uv": [ 0.0, 0.0, 4.0, 3.0 ] },
								"south": { "texture": "#copper", "uv": [ 0.0, 0.0, 1.0, 3.0 ] },
								"west": { "texture": "#copper", "uv": [ 0.0, 0.0, 4.0, 3.0 ] },
								"up": { "texture": "#copper", "uv": [ 0.0, 0.0, 1.0, 4.0 ] },
								"down": { "texture": "#copper", "uv": [ 0.0, 0.0, 1.0, 4.0 ] }
							}
						}
					]
				}
			]
		}
	]}