[
 {
	ingredientPattern: "BHM",
	ingredients: {
		"B": { type: "item", code: "acornbreadcrumbs-*", name: "type", allowedVariants: ["flax", "rice", "rye", "spelt"]  },
		"H": { 
			type: "block", 
			code: "game:woodbucket"
		},
		"M": { type: "item", code: "fishnugget-raw" },
	},
	name: "acornbreadedfish",
	width: 3,
	height: 1,
	shapeless: true,
	attributes: {
		liquidContainerProps: {
			requiresContent: { type: "item", code: "game:honeyportion" },
			requiresQuantity: 1
		}
	},
	output: { type: "item", code: "acornbreadedfishnugget-{type}-raw"  }
 },
 {
	ingredientPattern: "BHM",
	ingredients: {
		"B": { type: "item", code: "acornbreadcrumbs-*", name: "type", allowedVariants: ["flax", "rice", "rye", "spelt"]  },
		"H": { 
			type: "block", 
			code: "game:woodbucket"
		},
		"M": { type: "item", code: "fishnugget-smashed" },
	},
	name: "breadedfish",
	width: 3,
	height: 1,
	shapeless: true,
	attributes: {
		liquidContainerProps: {
			requiresContent: { type: "item", code: "game:honeyportion" },
			requiresQuantity: 1
		}
	},
	output: { type: "item", code: "acornbreadedfishnugget-{type}-smashed"  }
 },
]