[
 {
	ingredientPattern: "BHM",
	ingredients: {
		"B": { type: "item", code: "acornbreadcrumbs-*", name: "type", allowedVariants: ["flax", "rice", "rye", "spelt"]  },
		"H": { 
			type: "block", 
			code: "game:woodbucket"
		},
		"M": { type: "item", code: "meatnugget-*-raw", name: "meat", allowedVariants: ["bushmeat", "poultry", "redmeat"]  },
	},
	name: "acornbreadedmeat",
	width: 3,
	height: 1,
	shapeless: true,
	attributes: {
		liquidContainerProps: {
			requiresContent: { type: "item", code: "game:honeyportion" },
			requiresQuantity: 1
		}
	},
	output: { type: "item", code: "acornbreadedmeatnugget-{type}-{meat}-raw"  }
 },
 {
	ingredientPattern: "BHM",
	ingredients: {
		"B": { type: "item", code: "acornbreadcrumbs-*", name: "type", allowedVariants: ["flax", "rice", "rye", "spelt"]  },
		"H": { 
			type: "block", 
			code: "game:woodbucket"
		},
		"M": { type: "item", code: "meatnugget-*-smashed", name: "meat", allowedVariants: ["bushmeat", "poultry", "redmeat"]  },
	},
	name: "breadedmeat",
	width: 3,
	height: 1,
	shapeless: true,
	attributes: {
		liquidContainerProps: {
			requiresContent: { type: "item", code: "game:honeyportion" },
			requiresQuantity: 1
		}
	},
	output: { type: "item", code: "acornbreadedmeatnugget-{type}-{meat}-smashed"  }
 },
]