{
  "ingredient": {
    "type": "item",
    "code": "game:clay-*",
    "name": "type",
    "allowedVariants": ["blue", "fire"]
  },
  "pattern": [
    [
      "##############",
      "##############",
      "##############",
      "##############",
      "##############",
      "##############",
      "##############",
      "##############",
      "##############",
      "##############",
      "##############",
      "##############",
      "##############",
      "##############"
    ],
    [
      "##############",
      "##############",
      "###________###",
      "###__#########",
      "##############",
      "##############",
      "###________###",
      "###__#########",
      "##############",
      "##############",
      "###________###",
      "###__#########",
      "##############",
      "##############"
    ]
  ],
  "name": "Spike Mold",
  "output": { "type": "block", "code": "primitivesurvival:pslargemold-raw-spike" }
}
