[
  {
    "op": "add",
    "path": "/attributes",
    "value": {
      "maxSaturation": 16
    },
    "file": "game:entities/land/sheep-bighorn-male.json"
  },
  {
    "op": "add",
    "path": "/client/behaviors/-",
    "value": {
      "code": "consume"
    },
    "file": "game:entities/land/sheep-bighorn-male.json"
  },
  {
    "op": "replace",
    "path": "/hitboxSize/x",
    "value": 1,
    "file": "game:entities/land/sheep-bighorn-male.json"
  },
  {
    "op": "replace",
    "path": "/hitboxSize/y",
    "value": 1,
    "file": "game:entities/land/sheep-bighorn-male.json"
  },

  {
    "op": "add",
    "path": "/server/behaviors/-",
    "value": {
      "code": "consume",
      "poopCodes": [
        "farmlife:poop-large"
      ]
    },
    "file": "game:entities/land/sheep-bighorn-male.json"
  },

  {
    "op": "add",
    "path": "/server/behaviors/9/aitasks/5/eatAnimation",
    "value": "Eat",
    "file": "game:entities/land/sheep-bighorn-male.json"
  },
  {
    "op": "add",
    "path": "/server/behaviors/9/aitasks/5/eatItemCategories",
    "value": [
      "Grain"
    ],
    "file": "game:entities/land/sheep-bighorn-male.json"
  },
  {
    "op": "add",
    "path": "/server/behaviors/9/aitasks/5/eatItemCodes",
    "value": [
      "game:drygrass"
    ],
    "file": "game:entities/land/sheep-bighorn-male.json"
  },
  {
    "op": "add",
    "path": "/server/behaviors/9/aitasks/5/eatLooseItems",
    "value": true,
    "file": "game:entities/land/sheep-bighorn-male.json"
  },
  {
    "op": "replace",
    "path": "/server/behaviors/9/aitasks/5/maxcooldownHours",
    "value": 0,
    "file": "game:entities/land/sheep-bighorn-male.json"
  },
  {
    "op": "replace",
    "path": "/server/behaviors/9/aitasks/5/mincooldownHours",
    "value": 0,
    "file": "game:entities/land/sheep-bighorn-male.json"
  },
  {
    "op": "replace",
    "path": "/server/behaviors/9/aitasks/5/movespeed",
    "value": 0.01,
    "file": "game:entities/land/sheep-bighorn-male.json"
  },
  {
    "op": "replace",
    "path": "/server/behaviors/9/aitasks/5/priority",
    "value": 1.5,
    "file": "game:entities/land/sheep-bighorn-male.json"
  }
]
