[
  {
    "op": "add",
    "path": "/attributes",
    "value": {
      "maxSaturation": 16
    },
    "file": "game:entities/land/sheep-bighorn-female.json"
  },

  {
    "op": "add",
    "path": "/client/behaviors/-",
    "value": {
      "code": "consume"
    },
    "file": "game:entities/land/sheep-bighorn-female.json"
  },

  {
    "op": "replace",
    "path": "/client/behaviors/4",
    "value": {
      "code": "foodmultiply"
    },
    "file": "game:entities/land/sheep-bighorn-female.json"
  },

  {
    "op": "replace",
    "path": "/client/behaviors/7",
    "value": {
      "code": "foodmilk"
    },
    "file": "game:entities/land/sheep-bighorn-female.json"
  },
  {
    "op": "replace",
    "path": "/hitboxSize/x",
    "value": 1,
    "file": "game:entities/land/sheep-bighorn-female.json"
  },
  {
    "op": "replace",
    "path": "/hitboxSize/y",
    "value": 1,
    "file": "game:entities/land/sheep-bighorn-female.json"
  },

  {
    "op": "add",
    "path": "/server/behaviors/-",
    "value": {
      "code": "consume",
      "poopCodes": [
        "farmlife:poop-medium",
        "farmlife:poop-large"
      ]
    },
    "file": "game:entities/land/sheep-bighorn-female.json"
  },

  {
    "op": "replace",
    "path": "/server/behaviors/8",
    "value": {
      "code": "foodmultiply",
      "spawnEntityCode": "sheep-bighorn-lamb",
      "requiresNearbyEntityCode": "sheep-bighorn-male",
      "requiresNearbyEntityRange": 10,
      "spawnQuantityMin": 1,
      "spawnQuantityMax": 1,
      "pregnancyDays": 20,
      "multiplyCooldownDaysMin": 14,
      "multiplyCooldownDaysMax": 21,
      "portionsEatenForMultiply": 10
    },
    "file": "game:entities/land/sheep-bighorn-female.json"
  },

  {
    "op": "add",
    "path": "/server/behaviors/10/aitasks/6/eatItemCategories",
    "value": [
      "Grain"
    ],
    "file": "game:entities/land/sheep-bighorn-female.json"
  },
  {
    "op": "add",
    "path": "/server/behaviors/10/aitasks/6/eatItemCodes",
    "value": [
      "game:drygrass"
    ],
    "file": "game:entities/land/sheep-bighorn-female.json"
  },
  {
    "op": "add",
    "path": "/server/behaviors/10/aitasks/6/eatLooseItems",
    "value": true,
    "file": "game:entities/land/sheep-bighorn-female.json"
  },
  {
    "op": "replace",
    "path": "/server/behaviors/10/aitasks/6/maxcooldownHours",
    "value": 0,
    "file": "game:entities/land/sheep-bighorn-female.json"
  },
  {
    "op": "replace",
    "path": "/server/behaviors/10/aitasks/6/mincooldownHours",
    "value": 0,
    "file": "game:entities/land/sheep-bighorn-female.json"
  },
  {
    "op": "replace",
    "path": "/server/behaviors/10/aitasks/6/movespeed",
    "value": 0.01,
    "file": "game:entities/land/sheep-bighorn-female.json"
  },
  {
    "op": "replace",
    "path": "/server/behaviors/10/aitasks/6/priority",
    "value": 1.5,
    "file": "game:entities/land/sheep-bighorn-female.json"
  },
  {
    "op": "replace",
    "path": "/server/behaviors/11",
    "value": {
      "code": "foodmilk"
    },
    "file": "game:entities/land/sheep-bighorn-female.json"
  }
]
