[
    {
        "ingredientPattern": "BCB,BPB,BBB",
        "ingredients": {
            "P": {
                "type": "item",
                "code": "game:metalplate-copper"
            },
            "C": {
                "type": "item",
                "code": "game:candle"
            },
            "B": {
                "type": "item",
                "code": "game:plank-acacia"
            }
        },
        "width": 3,
        "height": 3,
        "output": {
            "type": "block",
            "code": "primitivesurvival:woodlantern-acacia-up"
        }
    },
    {
        "ingredientPattern": "BCB,BPB,BBB",
        "ingredients": {
            "P": {
                "type": "item",
                "code": "game:metalplate-copper"
            },
            "C": {
                "type": "item",
                "code": "game:candle"
            },
            "B": {
                "type": "item",
                "code": "game:plank-aged"
            }
        },
        "width": 3,
        "height": 3,
        "output": {
            "type": "block",
            "code": "primitivesurvival:woodlantern-aged-up"
        }
    },
    {
        "ingredientPattern": "BCB,BPB,BBB",
        "ingredients": {
            "P": {
                "type": "item",
                "code": "game:metalplate-copper"
            },
            "C": {
                "type": "item",
                "code": "game:candle"
            },
            "B": {
                "type": "item",
                "code": "game:plank-birch"
            }
        },
        "width": 3,
        "height": 3,
        "output": {
            "type": "block",
            "code": "primitivesurvival:woodlantern-birch-up"
        }
    },
    {
        "ingredientPattern": "BCB,BPB,BBB",
        "ingredients": {
            "P": {
                "type": "item",
                "code": "game:metalplate-copper"
            },
            "C": {
                "type": "item",
                "code": "game:candle"
            },
            "B": {
                "type": "item",
                "code": "game:plank-kapok"
            }
        },
        "width": 3,
        "height": 3,
        "output": {
            "type": "block",
            "code": "primitivesurvival:woodlantern-kapok-up"
        }
    },
    {
        "ingredientPattern": "BCB,BPB,BBB",
        "ingredients": {
            "P": {
                "type": "item",
                "code": "game:metalplate-copper"
            },
            "C": {
                "type": "item",
                "code": "game:candle"
            },
            "B": {
                "type": "item",
                "code": "game:plank-maple"
            }
        },
        "width": 3,
        "height": 3,
        "output": {
            "type": "block",
            "code": "primitivesurvival:woodlantern-maple-up"
        }
    },
    {
        "ingredientPattern": "BCB,BPB,BBB",
        "ingredients": {
            "P": {
                "type": "item",
                "code": "game:metalplate-copper"
            },
            "C": {
                "type": "item",
                "code": "game:candle"
            },
            "B": {
                "type": "item",
                "code": "game:plank-oak"
            }
        },
        "width": 3,
        "height": 3,
        "output": {
            "type": "block",
            "code": "primitivesurvival:woodlantern-oak-up"
        }
    },
    {
        "ingredientPattern": "BCB,BPB,BBB",
        "ingredients": {
            "P": {
                "type": "item",
                "code": "game:metalplate-copper"
            },
            "C": {
                "type": "item",
                "code": "game:candle"
            },
            "B": {
                "type": "item",
                "code": "game:plank-pine"
            }
        },
        "width": 3,
        "height": 3,
        "output": {
            "type": "block",
            "code": "primitivesurvival:woodlantern-pine-up"
        }
    }
]
