{
	"editor": {
		"allAngles": false,
		"entityTextureMode": false
	},
	"textureWidth": 16,
	"textureHeight": 16,
	"textureSizes": {
	},
	"textures": {
		"wheel": "block/stone/rock/granite1"
	},
	"elements": [
		{
			"name": "Cube16",
			"from": [ 7.0, -1.5, 5.5 ], 
			"to": [ 8.0, 0.5, 10.5 ], 
			"rotationOrigin": [ 8.0, 1.0, 8.0 ],
			"rotationZ": 90.0,
			"faces": {
				"north": { "texture": "#wheel", "uv": [ 0.0, 0.0, 1.0, 2.0 ] },
				"east": { "texture": "#wheel", "uv": [ 0.0, 0.0, 5.0, 2.0 ] },
				"south": { "texture": "#wheel", "uv": [ 0.0, 0.0, 1.0, 2.0 ] },
				"west": { "texture": "#wheel", "uv": [ 0.0, 0.0, 5.0, 2.0 ] },
				"up": { "texture": "#wheel", "uv": [ 0.0, 0.0, 1.0, 5.0 ] },
				"down": { "texture": "#wheel", "uv": [ 0.0, 0.0, 1.0, 5.0 ] }
			},
			"children": [
				{
					"name": "Cube17",
					"from": [ 0.0, 5.0, 1.0 ], 
					"to": [ 1.0, 6.0, 4.0 ], 
					"rotationOrigin": [ 0.0, 5.0, 1.0 ],
					"faces": {
						"north": { "texture": "#wheel", "uv": [ 0.0, 0.0, 1.0, 1.0 ] },
						"east": { "texture": "#wheel", "uv": [ 0.0, 0.0, 3.0, 1.0 ] },
						"south": { "texture": "#wheel", "uv": [ 0.0, 0.0, 1.0, 1.0 ] },
						"west": { "texture": "#wheel", "uv": [ 0.0, 0.0, 3.0, 1.0 ] },
						"up": { "texture": "#wheel", "uv": [ 0.0, 0.0, 1.0, 3.0 ] },
						"down": { "texture": "#wheel", "uv": [ 0.0, 0.0, 1.0, 3.0 ] }
					}
				},
				{
					"name": "Cube18",
					"from": [ 0.0, -1.0, 1.0 ], 
					"to": [ 1.0, 0.0, 4.0 ], 
					"rotationOrigin": [ 0.0, -1.0, 1.0 ],
					"faces": {
						"north": { "texture": "#wheel", "uv": [ 0.0, 0.0, 1.0, 1.0 ] },
						"east": { "texture": "#wheel", "uv": [ 0.0, 0.0, 3.0, 1.0 ] },
						"south": { "texture": "#wheel", "uv": [ 0.0, 0.0, 1.0, 1.0 ] },
						"west": { "texture": "#wheel", "uv": [ 0.0, 0.0, 3.0, 1.0 ] },
						"up": { "texture": "#wheel", "uv": [ 0.0, 0.0, 1.0, 3.0 ] },
						"down": { "texture": "#wheel", "uv": [ 0.0, 0.0, 1.0, 3.0 ] }
					}
				},
				{
					"name": "Cube19",
					"from": [ 0.0, 4.0, -1.0 ], 
					"to": [ 1.0, 5.0, 2.0 ], 
					"rotationOrigin": [ 0.0, 4.0, -1.0 ],
					"rotationX": 90.0,
					"faces": {
						"north": { "texture": "#wheel", "uv": [ 0.0, 0.0, 1.0, 1.0 ] },
						"east": { "texture": "#wheel", "uv": [ 0.0, 0.0, 3.0, 1.0 ] },
						"south": { "texture": "#wheel", "uv": [ 0.0, 0.0, 1.0, 1.0 ] },
						"west": { "texture": "#wheel", "uv": [ 0.0, 0.0, 3.0, 1.0 ] },
						"up": { "texture": "#wheel", "uv": [ 0.0, 0.0, 1.0, 3.0 ] },
						"down": { "texture": "#wheel", "uv": [ 0.0, 0.0, 1.0, 3.0 ] }
					}
				},
				{
					"name": "Cube20",
					"from": [ 0.0, 4.0, 5.0 ], 
					"to": [ 1.0, 5.0, 8.0 ], 
					"rotationOrigin": [ 0.0, 4.0, 5.0 ],
					"rotationX": 90.0,
					"faces": {
						"north": { "texture": "#wheel", "uv": [ 0.0, 0.0, 1.0, 1.0 ] },
						"east": { "texture": "#wheel", "uv": [ 0.0, 0.0, 3.0, 1.0 ] },
						"south": { "texture": "#wheel", "uv": [ 0.0, 0.0, 1.0, 1.0 ] },
						"west": { "texture": "#wheel", "uv": [ 0.0, 0.0, 3.0, 1.0 ] },
						"up": { "texture": "#wheel", "uv": [ 0.0, 0.0, 1.0, 3.0 ] },
						"down": { "texture": "#wheel", "uv": [ 0.0, 0.0, 1.0, 3.0 ] }
					}
				},
				{
					"name": "Cube1",
					"from": [ 0.0, 3.0, 0.0 ], 
					"to": [ 1.0, 5.0, 5.0 ], 
					"rotationOrigin": [ 0.0, 3.0, 0.0 ],
					"faces": {
						"north": { "texture": "#wheel", "uv": [ 0.0, 0.0, 1.0, 2.0 ] },
						"east": { "texture": "#wheel", "uv": [ 0.0, 0.0, 5.0, 2.0 ] },
						"south": { "texture": "#wheel", "uv": [ 0.0, 0.0, 1.0, 2.0 ] },
						"west": { "texture": "#wheel", "uv": [ 0.0, 0.0, 5.0, 2.0 ] },
						"up": { "texture": "#wheel", "uv": [ 0.0, 0.0, 1.0, 5.0 ] },
						"down": { "texture": "#wheel", "uv": [ 0.0, 0.0, 1.0, 5.0 ] }
					}
				},
				{
					"name": "Cube7",
					"from": [ 0.0, 2.0, 0.0 ], 
					"to": [ 1.0, 3.0, 2.0 ], 
					"rotationOrigin": [ 0.0, 2.0, 0.0 ],
					"faces": {
						"north": { "texture": "#wheel", "uv": [ 0.0, 0.0, 1.0, 1.0 ] },
						"east": { "texture": "#wheel", "uv": [ 0.0, 0.0, 2.0, 1.0 ] },
						"south": { "texture": "#wheel", "uv": [ 0.0, 0.0, 1.0, 1.0 ] },
						"west": { "texture": "#wheel", "uv": [ 0.0, 0.0, 2.0, 1.0 ] },
						"up": { "texture": "#wheel", "uv": [ 0.0, 0.0, 1.0, 2.0 ] },
						"down": { "texture": "#wheel", "uv": [ 0.0, 0.0, 1.0, 2.0 ] }
					}
				},
				{
					"name": "Cube8",
					"from": [ 0.0, 2.0, 3.0 ], 
					"to": [ 1.0, 3.0, 5.0 ], 
					"rotationOrigin": [ 0.0, 2.0, 3.0 ],
					"faces": {
						"north": { "texture": "#wheel", "uv": [ 0.0, 0.0, 1.0, 1.0 ] },
						"east": { "texture": "#wheel", "uv": [ 0.0, 0.0, 2.0, 1.0 ] },
						"south": { "texture": "#wheel", "uv": [ 0.0, 0.0, 1.0, 1.0 ] },
						"west": { "texture": "#wheel", "uv": [ 0.0, 0.0, 2.0, 1.0 ] },
						"up": { "texture": "#wheel", "uv": [ 0.0, 0.0, 1.0, 2.0 ] },
						"down": { "texture": "#wheel", "uv": [ 0.0, 0.0, 1.0, 2.0 ] }
					}
				}
			]
		}
	],
	"animations": [
		{
			"name": "rotate",
			"code": "rotate",
			"quantityframes": 30,
			"onActivityStopped": "EaseOut",
			"onAnimationEnd": "Repeat",
			"keyframes": [

			]
		}
	]
}