{
	"editor": {
		"allAngles": false,
		"entityTextureMode": false
	},
	"textureWidth": 16,
	"textureHeight": 16,
	"textureSizes": {
	},
	"textures": {
	},
	"elements": [
		{
			"name": "Origin",
			"from": [ 8.0, 0.0, 8.0 ], 
			"to": [ 8.0, 0.0, 8.0 ], 
			"rotationOrigin": [ 8.0, 0.0, 8.0 ],
			"faces": {
				"north": { "texture": "#null", "uv": [ 0.0, 0.0, 0.0, 0.0 ], "enabled": false },
				"east": { "texture": "#null", "uv": [ 0.0, 0.0, 0.0, 0.0 ], "enabled": false },
				"south": { "texture": "#null", "uv": [ 0.0, 0.0, 0.0, 0.0 ], "enabled": false },
				"west": { "texture": "#null", "uv": [ 0.0, 0.0, 0.0, 0.0 ], "enabled": false },
				"up": { "texture": "#null", "uv": [ 0.0, 0.0, 0.0, 0.0 ], "enabled": false },
				"down": { "texture": "#null", "uv": [ 0.0, 0.0, 0.0, 0.0 ], "enabled": false }
			},
			"children": [
				{
					"name": "Cube1",
					"from": [ -1.0, 0.0, -2.0 ], 
					"to": [ 2.0, 0.7, 1.7 ], 
					"faces": {
						"north": { "texture": "#rot", "uv": [ 7.5, 10.0, 10.5, 10.5 ] },
						"east": { "texture": "#rot", "uv": [ 7.5, 4.5, 11.0, 5.0 ] },
						"south": { "texture": "#rot", "uv": [ 3.0, 15.0, 6.0, 15.5 ] },
						"west": { "texture": "#rot", "uv": [ 0.0, 15.0, 3.5, 15.5 ] },
						"up": { "texture": "#rot", "uv": [ 7.5, 3.5, 10.5, 7.0 ] },
						"down": { "texture": "#rot", "uv": [ 0.0, 1.0, 3.0, 4.5 ] }
					}
				},
				{
					"name": "Cube3",
					"from": [ -2.0, 0.0, -2.5 ], 
					"to": [ 0.0, 1.3, 0.5 ], 
					"rotationOrigin": [ 0.0, 0.0, -0.5 ],
					"faces": {
						"north": { "texture": "#rot", "uv": [ 10.0, 11.5, 12.0, 12.5 ] },
						"east": { "texture": "#rot", "uv": [ 4.0, 5.0, 7.0, 6.0 ] },
						"south": { "texture": "#rot", "uv": [ 2.0, 14.0, 4.0, 15.0 ] },
						"west": { "texture": "#rot", "uv": [ 6.0, 13.5, 9.0, 14.5 ] },
						"up": { "texture": "#rot", "uv": [ 2.0, 5.0, 4.0, 8.0 ] },
						"down": { "texture": "#rot", "uv": [ 0.0, 1.0, 2.0, 4.0 ] }
					}
				},
				{
					"name": "Cube4",
					"from": [ 0.0, 0.4, -1.0 ], 
					"to": [ 1.0, 1.2, 1.0 ], 
					"rotationOrigin": [ 0.0, -0.6, -1.5 ],
					"faces": {
						"north": { "texture": "#rot", "uv": [ 10.0, 11.5, 11.0, 12.0 ] },
						"east": { "texture": "#rot", "uv": [ 5.5, 12.5, 7.5, 13.0 ] },
						"south": { "texture": "#rot", "uv": [ 3.0, 13.5, 4.0, 14.0 ] },
						"west": { "texture": "#rot", "uv": [ 9.5, 11.0, 11.5, 11.5 ] },
						"up": { "texture": "#rot", "uv": [ 5.0, 3.5, 6.0, 5.5 ] },
						"down": { "texture": "#rot", "uv": [ 0.0, 1.0, 1.0, 3.0 ] }
					}
				},
				{
					"name": "Cube5",
					"from": [ -2.5, 0.0, -3.2 ], 
					"to": [ 1.7, 0.3, 1.4 ], 
					"rotationOrigin": [ -0.5, 0.0, -1.2 ],
					"faces": {
						"north": { "texture": "#rot", "uv": [ 7.5, 10.0, 11.5, 10.5 ] },
						"east": { "texture": "#rot", "uv": [ 4.0, 5.0, 8.5, 5.5 ] },
						"south": { "texture": "#rot", "uv": [ 3.5, 15.0, 7.5, 15.5 ] },
						"west": { "texture": "#rot", "uv": [ 6.0, 0.0, 10.5, 0.5 ] },
						"up": { "texture": "#rot", "uv": [ 9.0, 4.5, 13.0, 9.0 ] },
						"down": { "texture": "#rot", "uv": [ 0.0, 1.0, 4.0, 5.5 ] }
					}
				},
				{
					"name": "Cube10",
					"from": [ -0.5, 0.7, -1.5 ], 
					"to": [ 1.5, 1.0, 0.0 ], 
					"rotationOrigin": [ -0.5, -0.3, -2.0 ],
					"faces": {
						"north": { "texture": "#rot", "uv": [ 10.0, 11.5, 12.0, 12.0 ] },
						"east": { "texture": "#rot", "uv": [ 4.0, 5.0, 5.5, 5.5 ] },
						"south": { "texture": "#rot", "uv": [ 5.0, 5.5, 7.0, 6.0 ] },
						"west": { "texture": "#rot", "uv": [ 6.0, 13.5, 7.5, 14.0 ] },
						"up": { "texture": "#rot", "uv": [ 5.0, 3.5, 7.0, 5.0 ] },
						"down": { "texture": "#rot", "uv": [ 0.0, 1.0, 2.0, 2.5 ] }
					}
				},
				{
					"name": "Cube11",
					"from": [ -2.2, 0.5, -1.5 ], 
					"to": [ -1.7, 0.9, 0.0 ], 
					"rotationOrigin": [ -0.2, 0.5, -2.0 ],
					"faces": {
						"north": { "texture": "#rot", "uv": [ 10.0, 11.5, 10.5, 12.0 ] },
						"east": { "texture": "#rot", "uv": [ 4.0, 5.0, 5.5, 5.5 ] },
						"south": { "texture": "#rot", "uv": [ 5.0, 5.5, 5.5, 6.0 ] },
						"west": { "texture": "#rot", "uv": [ 2.5, 8.0, 4.0, 8.5 ] },
						"up": { "texture": "#rot", "uv": [ 11.5, 4.5, 12.0, 6.0 ] },
						"down": { "texture": "#rot", "uv": [ 0.0, 1.0, 0.5, 2.5 ] }
					}
				},
				{
					"name": "Cube12",
					"from": [ -1.5, 1.2, -2.0 ], 
					"to": [ -0.5, 1.6, -0.5 ], 
					"rotationOrigin": [ 0.5, -0.3, -2.5 ],
					"faces": {
						"north": { "texture": "#rot", "uv": [ 10.0, 11.5, 11.0, 12.0 ] },
						"east": { "texture": "#rot", "uv": [ 4.0, 5.0, 5.5, 5.5 ] },
						"south": { "texture": "#rot", "uv": [ 5.0, 5.5, 6.0, 6.0 ] },
						"west": { "texture": "#rot", "uv": [ 6.0, 13.5, 7.5, 14.0 ] },
						"up": { "texture": "#rot", "uv": [ 5.0, 3.5, 6.0, 5.0 ] },
						"down": { "texture": "#rot", "uv": [ 0.0, 1.0, 1.0, 2.5 ] }
					}
				},
				{
					"name": "Cube13",
					"from": [ -1.0, 0.9, -1.5 ], 
					"to": [ 0.5, 1.7, 0.0 ], 
					"rotationOrigin": [ 0.5, -0.6, -2.0 ],
					"faces": {
						"north": { "texture": "#rot", "uv": [ 10.0, 11.5, 11.5, 12.0 ] },
						"east": { "texture": "#rot", "uv": [ 4.0, 5.0, 5.5, 5.5 ] },
						"south": { "texture": "#rot", "uv": [ 5.0, 5.5, 6.5, 6.0 ] },
						"west": { "texture": "#rot", "uv": [ 6.0, 13.5, 7.5, 14.0 ] },
						"up": { "texture": "#rot", "uv": [ 7.0, 10.5, 8.5, 12.0 ] },
						"down": { "texture": "#rot", "uv": [ 0.0, 1.0, 1.5, 2.5 ] }
					}
				},
				{
					"name": "Cube14",
					"from": [ -2.7, 0.0, -3.0 ], 
					"to": [ -1.7, 0.6, -2.0 ], 
					"rotationOrigin": [ 2.3, 0.5, -3.5 ],
					"faces": {
						"north": { "texture": "#rot", "uv": [ 13.5, 14.0, 14.5, 14.5 ] },
						"east": { "texture": "#rot", "uv": [ 1.0, 8.0, 2.0, 8.5 ] },
						"south": { "texture": "#rot", "uv": [ 3.0, 15.0, 4.0, 15.5 ] },
						"west": { "texture": "#rot", "uv": [ 15.0, 11.5, 16.0, 12.0 ] },
						"up": { "texture": "#rot", "uv": [ 14.0, 14.0, 15.0, 15.0 ] },
						"down": { "texture": "#rot", "uv": [ 0.0, 1.0, 1.0, 2.0 ] }
					}
				},
				{
					"name": "Cube15",
					"from": [ 1.5, 0.0, -2.5 ], 
					"to": [ 2.5, 0.4, -1.5 ], 
					"rotationOrigin": [ 0.5, 0.5, -3.0 ],
					"faces": {
						"north": { "texture": "#rot", "uv": [ 13.5, 14.0, 14.5, 14.5 ] },
						"east": { "texture": "#rot", "uv": [ 1.0, 8.0, 2.0, 8.5 ] },
						"south": { "texture": "#rot", "uv": [ 3.0, 15.0, 4.0, 15.5 ] },
						"west": { "texture": "#rot", "uv": [ 15.0, 11.5, 16.0, 12.0 ] },
						"up": { "texture": "#rot", "uv": [ 14.0, 14.0, 15.0, 15.0 ] },
						"down": { "texture": "#rot", "uv": [ 0.0, 1.0, 1.0, 2.0 ] }
					}
				},
				{
					"name": "Cube16",
					"from": [ -2.2, 0.0, 0.2 ], 
					"to": [ -1.2, 1.0, 1.2 ], 
					"rotationOrigin": [ 0.8, 0.5, -4.3 ],
					"faces": {
						"north": { "texture": "#rot", "uv": [ 13.5, 14.0, 14.5, 15.0 ] },
						"east": { "texture": "#rot", "uv": [ 1.0, 8.0, 2.0, 9.0 ] },
						"south": { "texture": "#rot", "uv": [ 3.0, 14.5, 4.0, 15.5 ] },
						"west": { "texture": "#rot", "uv": [ 15.0, 11.5, 16.0, 12.5 ] },
						"up": { "texture": "#rot", "uv": [ 14.0, 14.0, 15.0, 15.0 ] },
						"down": { "texture": "#rot", "uv": [ 0.0, 1.0, 1.0, 2.0 ] }
					}
				}
			]
		}
	]}