[  
  {
    "ingredientPattern": "KV",
    "ingredients": {
      "K": {
        type: "item",
        code: "game:knife-*",
        isTool: true
      },
      "V": {
        type: "item",
        code: "game:vegetable-*",
	allowedVariants: ["carrot", "cabbage", "onion", "turnip", "parsnip", "pumpkin"],
        name: "type",
      }
    },
    "width": 2,
    "height": 1,
    "output": { type: "item", code: "choppedvegetable-{type}" }
   },
  {
    "ingredientPattern": "KV",
    "ingredients": {
      "K": {
        type: "item",
        code: "game:knife-*",
        isTool: true
      },
      "V": {
        type: "block",
        code: "game:mushroom-*-normal-free",
	allowedVariants: ["flyagaric", "bolete", "fieldmushroom"],
	name: "type"
      }
    },
    "width": 2,
    "height": 1,
    "output": { type: "item", code: "choppedvegetable-{type}" }
   },
  {
    "ingredientPattern": "KV",
    "ingredients": {
      "K": {
        type: "item",
        code: "game:knife-*",
        isTool: true
      },
      "V": {
        type: "item",
        code: "game:pickledvegetable-*",
	allowedVariants: ["carrot", "onion", "turnip", "parsnip", "pumpkin"],
        name: "type",
      }
    },
    "width": 2,
    "height": 1,
    "output": { type: "item", code: "choppedvegetable-pickled{type}" }
   },
]