[
{
	ingredientPattern: "WF_,B__",
	ingredients: {
		"W": { 
			type: "block", 
			code: "game:woodbucket"
		},
		"F": { 
			type: "item", 
			code: "game:flour-*", 
			allowedVariants: ["flax", "rice", "rye", "spelt"],
			name: "type"
		},
		"B": { 
			type: "item", 
			code: "game:fruit-*", 
			allowedVariants: ["blueberry", "cranberry", "redcurrant", "whitecurrant", "blackcurrant"],
			name: "fruit"
		}
	},
	width: 3,
	height: 2,
	attributes: {
		liquidContainerProps: {
			requiresContent: { type: "item", code: "waterportion" },
			requiresQuantity: 1
		}
	},
	name: "doughberrymin",
	output: { type: "item", code: "doughberrymin-{type}-{fruit}"  }
},
{
	ingredientPattern: "WF_,B__",
	ingredients: {
		"W": { 
			type: "block", 
			code: "game:woodbucket"
		},
		"F": { 
			type: "item", 
			code: "game:flour-*", 
			allowedVariants: ["flax", "rice", "rye", "spelt"],
			name: "type"
		},
		"B": { 
			type: "item", 
			code: "dryfruit-*", 
			allowedVariants: ["blueberry", "cranberry", "redcurrant", "whitecurrant", "blackcurrant"],
			name: "fruit"
		}
	},
	width: 3,
	height: 2,
	attributes: {
		liquidContainerProps: {
			requiresContent: { type: "item", code: "waterportion" },
			requiresQuantity: 1
		}
	},
	name: "doughberrymin",
	output: { type: "item", code: "doughberrymin-{type}-{fruit}"  }
},
{
	ingredientPattern: "DB",
	ingredients: {
		"D": { 
			type: "item", 
			code: "game:dough-*", 
			allowedVariants: ["flax", "rice", "rye", "spelt"],
			name: "type"
		},
		"B": { 
			type: "item", 
			code: "game:fruit-*", 
			allowedVariants: ["blueberry", "cranberry", "redcurrant", "whitecurrant", "blackcurrant"],
			name: "fruit"
		}
	},
	width: 2,
	height: 1,
	name: "doughberrymin",
	output: { type: "item", code: "doughberrymin-{type}-{fruit}"  }
},
{
	ingredientPattern: "DB",
	ingredients: {
		"D": { 
			type: "item", 
			code: "game:dough-*", 
			allowedVariants: ["flax", "rice", "rye", "spelt"],
			name: "type"
		},
		"B": { 
			type: "item", 
			code: "dryfruit-*", 
			allowedVariants: ["blueberry", "cranberry", "redcurrant", "whitecurrant", "blackcurrant"],
			name: "fruit"
		}
	},
	width: 2,
	height: 1,
	name: "doughberrymin",
	output: { type: "item", code: "doughberrymin-{type}-{fruit}"  }
},
]