[
 {
	ingredientPattern: "WFE,BB_",
	ingredients: {
		"W": { 
			type: "block", 
			code: "game:woodbucket"
		},
		"F": { 
			type: "item", 
			code: "game:flour-*", 
			allowedVariants: ["flax", "rice", "rye", "spelt"],
			name: "type"
		},
		"E": { 
			type: "item", 
			code: "game:egg-chicken-raw", 
			name: "egg"
		},
		"B": { 
			type: "item", 
			code: "game:fruit-*", 
			allowedVariants: ["blueberry", "cranberry", "redcurrant", "whitecurrant", "blackcurrant"],
			name: "fruit"
		}
	},
	width: 3,
	height: 2,
	attributes: {
		liquidContainerProps: {
			requiresContent: { type: "item", code: "waterportion" },
			requiresQuantity: 1
		}
	},
	name: "muffindough",
	output: { type: "item", code: "muffindough-{type}-{fruit}"  }
},
{
	ingredientPattern: "WFE,BB_",
	ingredients: {
		"W": { 
			type: "block", 
			code: "game:woodbucket"
		},
		"F": { 
			type: "item", 
			code: "game:flour-*", 
			allowedVariants: ["flax", "rice", "rye", "spelt"],
			name: "type"
		},
		"E": { 
			type: "item", 
			code: "game:egg-chicken-raw", 
			name: "egg"
		},
		"B": { 
			type: "item", 
			code: "dryfruit-*", 
			allowedVariants: ["blueberry", "cranberry", "redcurrant", "whitecurrant", "blackcurrant"],
			name: "fruit"
		}
	},
	width: 3,
	height: 2,
	attributes: {
		liquidContainerProps: {
			requiresContent: { type: "item", code: "waterportion" },
			requiresQuantity: 1
		}
	},
	name: "muffindough",
	output: { type: "item", code: "muffindough-{type}-{fruit}"  }
},
{
	ingredientPattern: "DBB",
	ingredients: {
		"D": { 
			type: "item", 
			code: "doughball-*", 
			allowedVariants: ["flax", "rice", "rye", "spelt"],
			name: "type"
		},
		"B": { 
			type: "item", 
			code: "game:fruit-*", 
			allowedVariants: ["blueberry", "cranberry", "redcurrant", "whitecurrant", "blackcurrant"],
			name: "fruit"
		}
	},
	width: 3,
	height: 1,
	name: "muffindough",
	output: { type: "item", code: "muffindough-{type}-{fruit}"  }
},
{
	ingredientPattern: "DBB",
	ingredients: {
		"D": { 
			type: "item", 
			code: "doughball-*", 
			allowedVariants: ["flax", "rice", "rye", "spelt"],
			name: "type"
		},
		"B": { 
			type: "item", 
			code: "dryfruit-*", 
			allowedVariants: ["blueberry", "cranberry", "redcurrant", "whitecurrant", "blackcurrant"],
			name: "fruit"
		}
	},
	width: 3,
	height: 1,
	name: "muffindough",
	output: { type: "item", code: "muffindough-{type}-{fruit}"  }
},
]