[
{
	ingredientPattern: "RT,T_",
	ingredients: {
		"T": { type: "item", code: "game:stick", quantity: 1  },
		"R": { type: "item", code: "game:resin", quantity: 1 }
	},
	width: 2,
	height: 2,
	shapeless: true,
	output: { type: "item", code: "weaponpacka:haftmedium", quantity: 2  }
},
{
	ingredientPattern: "SR,W_",
	ingredients: {
		"S": { type: "item", code: "game:saw-*", isTool: true  },
		"R": { type: "item", code: "game:resin", quantity: 1 },
		"W": { type: "block", code: "game:log-placed-pine-ud", quantity: 1 }
		
	},
	width: 2,
	height: 2,
	shapeless: true,
	output: { type: "item", code: "weaponpacka:haftmedium", quantity: 8  }
}
]