[
{
	ingredientPattern: "_R_,SPS,_H_",
	ingredients: {
		"H": { type: "item", code: "haftsmall" },
		"P": { type: "item", code: "plane" },
		"S": { type: "item", code: "game:stone-obsidian", quantity: 3 },
		"R": { type: "item", code: "game:resin", quantity: 2 }
	},
	width: 3,
	height: 3,
	shapeless: true,
	output: { type: "item", code: "macu-obsidian", quantity: 1  }
},
{
	ingredientPattern: "_R_,SPS,_H_",
	ingredients: {
		"H": { type: "item", code: "haftsmall" },
		"P": { type: "item", code: "plane" },
		"S": { type: "item", code: "game:flint", quantity: 3 },
		"R": { type: "item", code: "game:resin", quantity: 2 }
	},
	width: 3,
	height: 3,
	shapeless: true,
	output: { type: "item", code: "macu-flint", quantity: 1  }
}
]