{
	code: "acornbreadedmeatnugget",
	
	maxstacksize: 64,
	variantgroups: [
	
		{ code: "type", states: ["spelt", "rye", "flax", "rice" ] },	
		{ code: "meat", states: ["bushmeat", "poultry", "redmeat"]},	
		{ code: "state", states: ["smashed", "raw", "cooked", "tender" ] },
	],
	
	shapebytype:	{
		"acornbreadedmeatnugget-*-tender": {base: "item/food/meat/{meat}-tender"},
		"acornbreadedmeatnugget-*-smashed": {base: "item/food/meat/{meat}-smash"},
		"acornbreadedmeatnugget-*-raw": {base: "item/food/meat/{meat}-nugget"},
		"acornbreadedmeatnugget-*-cooked":   {base: "item/food/meat/{meat}-cooked"},
	},
	textures: {

		"cooked": {base: "item/food/grain/breading/acorn-cooked" },
		"meat": {base: "item/food/grain/breading/acorn-raw" },
		"raw": {base: "item/food/grain/breading/acorn-raw" },
	},

	creativeinventory: { "general": ["*"], "items": ["*"] },

	nutritionPropsByType: {
		"*-flax-bushmeat-cooked": { satiety: 480, foodcategory: "Protein" },

		"*-rice-bushmeat-cooked": { satiety: 680, foodcategory: "Protein" },
		"*-bushmeat-cooked": { satiety: 660, foodcategory: "Protein" },

		"*-flax-poultry-cooked": { satiety: 580, foodcategory: "Protein" },
		"*-rice-poultry-cooked": { satiety: 780, foodcategory: "Protein" },
		"*-poultry-cooked": { satiety: 760, foodcategory: "Protein" },
		"*-flax-redmeat-cooked": { satiety: 680, foodcategory: "Protein" },
		"*-rice-redmeat-cooked": { satiety: 880, foodcategory: "Protein" },
		"*-redmeat-cooked": { satiety: 860, foodcategory: "Protein" },
		"*-flax-bushmeat-tender": { satiety: 470, foodcategory: "Protein" },
		"*-rice-bushmeat-tender": { satiety: 670, foodcategory: "Protein" },
		"*-bushmeat-tender": { satiety: 650, foodcategory: "Protein" },
		"*-flax-poultry-tender": { satiety: 660, foodcategory: "Protein" },
		"*-rice-poultry-tender": { satiety: 760, foodcategory: "Protein" },
		"*-poultry-tender": { satiety: 740, foodcategory: "Protein" },
		"*-flax-redmeat-tender": { satiety: 650, foodcategory: "Protein" },

		"*-rice-redmeat-tender": { satiety: 850, foodcategory: "Protein" },
		"*-redmeat-tender": { satiety: 830, foodcategory: "Protein" },

	},

	transitionablePropsByType: {

		"*-smashed": [
{
		
			type: "Perish",

			freshHours: { avg: 24 },
	
			transitionHours: { avg: 48 },
	
			transitionedStack: { type: "item", code: "game:rot" },

			transitionRatio: 1

			}

		],

		"*-tender": [{

			type: "Perish",

			freshHours: { avg: 100 },

			transitionHours: { avg: 72 },

			transitionedStack: { type: "item", code: "game:rot" },

			transitionRatio: 1
		
		}],
		"*-raw": [
{
		
			type: "Perish",

			freshHours: { avg: 18 },
	
			transitionHours: { avg: 72 },
	
			transitionedStack: { type: "item", code: "game:rot" },

			transitionRatio: 1

			}

		],

		"*-cooked": [{

			type: "Perish",

			freshHours: { avg: 60 },

			transitionHours: { avg: 96 },

			transitionedStack: { type: "item", code: "game:rot" },

			transitionRatio: 1
		
		}],
	},

	materialDensity: 600,

	guiTransformByType: {

		"*-cooked": {

			rotate: false,
			translation: { x: 0.0, y: 0, z: 0 },

			rotation: { x: 171, y: -122, z: 28 },

			origin: { x: 0.43, y: 0.04, z: 0.53 },

			scale: 7
		},

		"*-raw": {

			rotate: false,
			translation: { x: 0.0, y: 0, z: 0 },

			rotation: { x: 171, y: -122, z: 28 },

			origin: { x: 0.43, y: 0.04, z: 0.53 },

			scale: 7
		},

		"*": {

			rotate: false,

			translation: { x: 0, y: 0, z: 0 },

			rotation: { x: 171, y: -122, z: 33 },
			origin: { x: 0.5, y: 0.04, z: 0.53 },

			scale: 4.5
		}

	},

	fpHandTransform: {

		translation: { x: -0.06, y: 0.36, z: 0.23 },

		rotation: { x: 86, y: -83, z: 24 },

		origin: { x: 0.5, y: 0.1, z: 0.5 },

		scale: 5
	},

	tpHandTransform: {

		translation: { x: 0, y: 0, z: 0 },

		rotation: { x: 5, y: 41, z: -31 },

		origin: { x: 0.23, y: 0, z: 0.13 },

		scale: 1.5	},

	groundTransform: {

		translation: { x: 0, y: 0, z: 0 },

		rotation: { x: 180, y: 33, z: -180 },

		origin: { x: 0.5, y: 0, z: 0.5 },

		scale: 10

	},

	combustiblePropsByType: {

		"acornbreadedmeatnugget-*-raw": {

			meltingPoint: 150,

			meltingDuration: 30,

			smeltedRatio: 1,

			smeltingType: "cook",

			smeltedStack: { type: "item", code: "acornbreadedmeatnugget-{type}-{meat}-cooked" },

			requiresContainer: false

		},
		"acornbreadedmeatnugget-*-smashed": {

			meltingPoint: 150,

			meltingDuration: 30,

			smeltedRatio: 1,

			smeltingType: "cook",

			smeltedStack: { type: "item", code: "acornbreadedmeatnugget-{type}-{meat}-tender" },

			requiresContainer: false

		},
	}
}