{
	code: "acornfishdumpling",
	
	maxstacksize: 32,
	attributes: {
		nutritionPropsWhenInMealByType: { 
			"acornfishdumpling-flax-raw": {satiety: 1110, foodcategory: "Protein"},
			"acornfishdumpling-rice-raw": {satiety: 1365, foodcategory: "Protein"},
			"acornfishdumpling-*-raw": {satiety: 1335, foodcategory: "Protein"},
			},

		},		
	variantgroups: [

		{ code: "grain", states: ["spelt", "rye", "flax", "rice"]},	
		{ code: "state", states: ["raw", "cooked"] },
	],
	
	shapebytype:	{
		"acornfishdumpling-*-raw": {base: "item/food/dumpling/dumplingacornraw"},
		"acornfishdumpling-*-cooked": {base: "item/food/dumpling/dumplingacorncooked"}
	},
	creativeinventory: { "general": ["*"], "items": ["*"] },

	nutritionPropsByType: {
			"*-flax-cooked": {satiety: 740, foodcategory: "Protein"},
			"*-rice-cooked": {satiety: 910, foodcategory: "Protein"},
			"*-cooked": {satiety: 890, foodcategory: "Protein"},
	},

	transitionablePropsByType: {

		"*-raw": [
{
		
			type: "Perish",

			freshHours: { avg: 96 },
	
			transitionHours: { avg: 24 },
	
			transitionedStack: { type: "item", code: "game:rot" },

			transitionRatio: 1

			}

		],

		"*-cooked": [{

			type: "Perish",

			freshHours: { avg: 192 },

			transitionHours: { avg: 24 },

			transitionedStack: { type: "item", code: "game:rot" },

			transitionRatio: 1
		
		}],
	},

	materialDensity: 600,

	guiTransform: {
translation: { x: 0, y: 0, z: 0 },
rotation: { x: -37, y: 142, z: -180 },
	origin: { x: 0.46, y: 0, z: 0.55 },
scale: 4.2
},
	fpHandTransform: {
translation: { x: -0.06, y: 0.36, z: 0.23 },
 rotation: { x: 53, y: 15, z: 11 },
 origin: { x: 0.5, y: 0.1, z: 0.5 },
 scale: 1.77
 },
	tpHandTransform: {
translation: { x: 0.1, y: -0.1, z: -0.25 },
 rotation: { x: -19, y: 61, z: -34 },
 origin: { x: 0.23, y: 0, z: 0.13 },
 scale: 0.57
 },
	groundTransform: {
translation: { x: 0, y: 0, z: 0 },
 rotation: { x: 0, y: 0, z: 0 },
 origin: { x: 0, y: 0, z: 0 },
 scale: 4
},
	combustiblePropsByType: {

		"acornfishdumpling-*-raw": {

			meltingPoint: 150,

			meltingDuration: 30,

			smeltedRatio: 1,

			smeltingType: "cook",

			smeltedStack: { type: "item", code: "acornfishdumpling-{grain}-cooked" },

			requiresContainer: false

		},
	}
}