{
	code: "acorndumpling",
	
	maxstacksize: 32,
	attributes: {
		nutritionPropsWhenInMealByType: { 
			"acorndumpling-flax-bushmeat-raw": {satiety: 1080, foodcategory: "Protein"},
			"acorndumpling-flax-poultry-raw": {satiety: 1260, foodcategory: "Protein"},
			"acorndumpling-flax-redmeat-raw": {satiety: 1440, foodcategory: "Protein"},
			"acorndumpling-flax-cabbage-raw": {satiety: 1400, foodcategory: "Vegetable"},
			"acorndumpling-flax-soybean-raw": {satiety: 1065, foodcategory: "Protein"},
			"acorndumpling-flax-nothing-raw": {satiety: 765, foodcategory: "Grain"},
			"acorndumpling-flax-*-raw": {satiety: 1025, foodcategory: "Vegetable"},
			"acorndumpling-rice-bushmeat-raw": {satiety: 1335, foodcategory: "Protein"},
			"acorndumpling-rice-poultry-raw": {satiety: 1515, foodcategory: "Protein"},
			"acorndumpling-rice-redmeat-raw": {satiety: 1695, foodcategory: "Protein"},
			"acorndumpling-rice-cabbage-raw": {satiety: 1655, foodcategory: "Vegetable"},
			"acorndumpling-rice-soybean-raw": {satiety: 1320, foodcategory: "Protein"},
			"acorndumpling-rice-nothing-raw": {satiety: 1020, foodcategory: "Grain"},
			"acorndumpling-rice-*-raw": {satiety: 1280, foodcategory: "Vegetable"},
			"acorndumpling-*-bushmeat-raw": {satiety: 1290, foodcategory: "Protein"},
			"acorndumpling-*-poultry-raw": {satiety: 1470, foodcategory: "Protein"},
			"acorndumpling-*-redmeat-raw": {satiety: 1600, foodcategory: "Protein"},
			"acorndumpling-*-cabbage-raw": {satiety: 1610, foodcategory: "Vegetable"},
			"acorndumpling-*-soybean-raw": {satiety: 1275, foodcategory: "Protein"},
			"acorndumpling-*-nothing-raw": {satiety: 975, foodcategory: "Grain"},
			"acorndumpling-*-*-raw": {satiety: 1235, foodcategory: "Vegetable"},
			},

		displaycaseable: true,
		
		shelvable: true
,
		},		
	variantgroups: [

		{ code: "grain", states: ["spelt", "rye", "flax", "rice"]},	
		{ code: "type", states: ["bushmeat", "poultry", "redmeat", "cabbage", "carrot", "onion", "parsnip", "bolete", "fieldmushroom", "soybean", "turnip", "nothing"] },
		{ code: "state", states: ["raw", "cooked"] },
	],
	
	shapebytype:	{
		"acorndumpling-*-*-raw": {base: "item/food/dumpling/dumplingacornraw"},
		"acorndumpling-*-*-cooked": {base: "item/food/dumpling/dumplingacorncooked"}
	},
	creativeinventory: { "general": ["*"], "items": ["*"] },

	nutritionPropsByType: {
			"*-flax-bushmeat-cooked": {satiety: 720, foodcategory: "Protein"},
			"*-flax-poultry-cooked": {satiety: 840, foodcategory: "Protein"},
			"*-flax-redmeat-cooked": {satiety: 960, foodcategory: "Protein"},
			"*-flax-cabbage-cooked": {satiety: 935, foodcategory: "Vegetable"},
			"*-flax-soybean-cooked": {satiety: 710, foodcategory: "Protein"},
			"*-flax-nothing-cooked": {satiety: 510, foodcategory: "Grain"},
			"*-flax-*-cooked": {satiety: 685, foodcategory: "Vegetable"},
			"*-rice-bushmeat-cooked": {satiety: 890, foodcategory: "Protein"},
			"*-rice-poultry-cooked": {satiety: 1010, foodcategory: "Protein"},
			"*-rice-redmeat-cooked": {satiety: 1130, foodcategory: "Protein"},
			"*-rice-cabbage-cooked": {satiety: 1105, foodcategory: "Vegetable"},
			"*-rice-soybean-cooked": {satiety: 880, foodcategory: "Protein"},
			"*-rice-nothing-cooked": {satiety: 680, foodcategory: "Grain"},
			"*-rice-*-cooked": {satiety: 855, foodcategory: "Vegetable"},
			"*-*-bushmeat-cooked": {satiety: 860, foodcategory: "Protein"},
			"*-*-poultry-cooked": {satiety: 980, foodcategory: "Protein"},
			"*-*-redmeat-cooked": {satiety: 1100, foodcategory: "Protein"},
			"*-*-cabbage-cooked": {satiety: 1075, foodcategory: "Vegetable"},
			"*-*-soybean-cooked": {satiety: 850, foodcategory: "Protein"},
			"*-*-nothing-cooked": {satiety: 650, foodcategory: "Grain"},
			"*-*-*-cooked": {satiety: 825, foodcategory: "Vegetable"},

	},

	transitionablePropsByType: {

		"*-raw": [
{
		
			type: "Perish",

			freshHours: { avg: 96 },
	
			transitionHours: { avg: 24 },
	
			transitionedStack: { type: "item", code: "game:rot" },

			transitionRatio: 1

			}

		],

		"*-cooked": [{

			type: "Perish",

			freshHours: { avg: 192 },

			transitionHours: { avg: 24 },

			transitionedStack: { type: "item", code: "game:rot" },

			transitionRatio: 1
		
		}],
	},

	materialDensity: 600,

	guiTransform: {
translation: { x: 0, y: 0, z: 0 },
rotation: { x: -37, y: 142, z: -180 },
	origin: { x: 0.46, y: 0, z: 0.55 }, 
scale: 4.2
},
	fpHandTransform: {
translation: { x: -0.06, y: 0.36, z: 0.23 },
 rotation: { x: 53, y: 15, z: 11 },
 origin: { x: 0.5, y: 0.1, z: 0.5 },
 scale: 1.77
 },
	tpHandTransform: {
translation: { x: 0.1, y: -0.1, z: -0.25 },
 rotation: { x: -19, y: 61, z: -34 },
 origin: { x: 0.23, y: 0, z: 0.13 },
 scale: 0.57
 },
	groundTransform: {
translation: { x: 0, y: 0, z: 0 },
 rotation: { x: 0, y: 0, z: 0 },
 origin: { x: 0, y: 0, z: 0 },
 scale: 4
},
	combustiblePropsByType: {

		"acorndumpling-*-raw": {

			meltingPoint: 150,

			meltingDuration: 30,

			smeltedRatio: 1,

			smeltingType: "cook",

			smeltedStack: { type: "item", code: "acorndumpling-{grain}-{type}-cooked" },

			requiresContainer: false

		},
	}
}