{
	code: "breadballacorn",
	maxstacksize: 32,
	attributes: {
		displaycaseable: true,
		shelvable: true
	},
	variantgroups: [
		{ code: "type", states: ["spelt", "rye", "flax", "rice" ] },
	],
	shape: {  base: "item/food/bread/acornbread-breadball" },
	creativeinventory: { "general": ["*"], "items": ["*"] },
	materialDensity: 200,
	nutritionPropsByType: {
		"*-flax": { saturation: 460, foodcategory: "Grain" },
		"*-rice": { saturation: 630, foodcategory: "Grain" },
		"*": { saturation: 600, foodcategory: "Grain" }
	},
	guiTransform: {
		translation: { x: -4.5, y: -3.5, z: 0 },

		rotation: { x: 179, y: -127, z: 38 },

		origin: { x: 0.57, y: 0.07, z: 0.5 },
		scale: 5
	},
	groundTransform: {
		translation: { x: 0, y: 0, z: 0 },
		rotation: { x: 0, y: 0, z: 1 },
		origin: { x: 0.5, y: 0, z: 0.5 },
		scale: 5
	},
	fpHandTransform: {
		translation: { x: 0, y: 0.22, z: 0.2 },
		rotation: { x: 47, y: 1, z: -17 },
		origin: { x: 0.5, y: 0.1, z: 0.5 },
		scale: 2
	},
	tpHandTransform: {
		translation: { x: 0.2, y: 0, z: 0 },

		rotation: { x: 5, y: 31, z: -21 },

		origin: { x: 0.23, y: 0, z: 0.13 },

		scale: 0.7
	},
	transitionableProps: [{
		type: "Perish",
		freshHours: { avg: 540 },
		transitionHours: { avg: 45 },
		transitionedStack: { type: "item", code: "game:rot" },
		transitionRatio: 1
	}]
}