{
	code: "doughberryacornmin",
	maxstacksize: 32,
	attributes: {
		displaycaseable: true,
		shelvable: true
	},
	variantgroups: [
		{ code: "type", states: ["spelt", "rye", "flax", "rice" ] },
		{ code: "fruit", states: ["blueberry", "cranberry", "redcurrant", "whitecurrant", "blackcurrant"] },
	],
	shapebytype: { 
		"doughberryacornmin-*-blackcurrant": { base: "item/food/bread/acornbreadblackcurrantmin-dough" },
		"doughberryacornmin-*-whitecurrant": { base: "item/food/bread/acornbreadwhitecurrantmin-dough" },
		"doughberryacornmin-*-redcurrant": { base: "item/food/bread/acornbreadredcurrantmin-dough" },
		"doughberryacornmin-*-blueberry": { base: "item/food/bread/acornbreadblueberrymin-dough" },
		"doughberryacornmin-*-cranberry": { base: "item/food/bread/acornbreadcranberrymin-dough" },
	},
	creativeinventory: { "general": ["*"], "items": ["*"] },
	materialDensity: 200,
	fpHandTransform: {
		translation: { x: 0, y: -0.1, z: 0 },
		rotation: { x: 180, y: 90, z: 22 }
	},
	combustibleProps: {
		meltingPoint: 250,
		meltingDuration: 15,
		smeltedRatio: 1,
		smeltingType: "bake",
		smeltedStack: { type: "item", code: "breadberryacornmin-{type}-{fruit}" },
		requiresContainer: false
	},
	guiTransform: {
		translation: { x: 2, y: 0, z: 0 },
		rotation: { x: -28, y: 23, z: 180 },
		origin: { x: 0.5, y: 0.07, z: 0.5 },
		scale: 5
	},
	groundTransform: {
		translation: { x: 0, y: 0, z: 0 },
		rotation: { x: 0, y: 0, z: 1 },
		origin: { x: 0.5, y: 0, z: 0.5 },
		scale: 4
	},
	fpHandTransform: {
		translation: { x: 0, y: 0.22, z: 0.2 },
		rotation: { x: 97, y: 1, z: -17 },
		origin: { x: 0.5, y: 0.1, z: 0.5 },
		scale: 2.5
	},
	tpHandTransform: {
		translation: { x: 0, y: 0, z: 0 },
		rotation: { x: 25, y: 106, z: 54 },
		origin: { x: 0.32, y: -0.25, z: -0.06 },
		scale: 0.8
	},
	transitionableProps: [{
		type: "Perish",
		freshHours: { avg: 48 },
		transitionHours: { avg: 24 },
		transitionedStack: { type: "item", code: "game:rot" },
		transitionRatio: 1
	}]
}