{
	code: "muffinacorndough",
	maxstacksize: 32,
	attributes: {
		displaycaseable: true,
		shelvable: true
	},
	variantgroups: [
		{ code: "type", states: ["spelt", "rye", "flax", "rice" ] },
		{ code: "fruit", states: ["blueberry", "cranberry", "redcurrant", "whitecurrant", "blackcurrant"] },
	],
	shapebytype: { 
		"muffinacorndough-*-blackcurrant": { base: "item/food/bread/muffins/acornbreadblackcurrant-dough" },
		"muffinacorndough-*-whitecurrant": { base: "item/food/bread/muffins/acornbreadwhitecurrant-dough" },
		"muffinacorndough-*-redcurrant": { base: "item/food/bread/muffins/acornbreadredcurrant-dough" },
		"muffinacorndough-*-blueberry": { base: "item/food/bread/muffins/acornbreadblueberry-dough" },
		"muffinacorndough-*-cranberry": { base: "item/food/bread/muffins/acornbreadcranberry-dough" },
	},
	creativeinventory: { "general": ["*"], "items": ["*"] },
	materialDensity: 200,
	fpHandTransform: {
		translation: { x: 0, y: -0.1, z: 0 },
		rotation: { x: 180, y: 90, z: 22 }
	},
	combustibleProps: {
		meltingPoint: 250,
		meltingDuration: 15,
		smeltedRatio: 1,
		smeltingType: "bake",
		smeltedStack: { type: "item", code: "muffinacorn-{type}-{fruit}" },
		requiresContainer: false
	},
	guiTransform: {
		translation: { x: 2, y: 1, z: 0 },
		rotation: { x: -28, y: 50, z: 180 },
		origin: { x: 0.5, y: 0.07, z: 0.5 },
		scale: 3.5
	},
	groundTransform: {
		translation: { x: 0, y: 0, z: 0 },
		rotation: { x: 0, y: 0, z: 1 },
		origin: { x: 0.5, y: 0, z: 0.5 },
		scale: 3
	},
	fpHandTransform: {
		translation: { x: 0, y: 0.22, z: 0.2 },
		rotation: { x: 0, y: 0, z: 0 },
		origin: { x: 0.5, y: 0.1, z: 0.5 },
		scale: 2
	},
	tpHandTransform: {
		translation: { x: 0.5, y: -0.2, z: 0.55 },
		rotation: { x: 0, y: 0, z: 0 },
		origin: { x: 0, y: 0, z: 0 },
		scale: 0.7
	},
	transitionableProps: [{
		type: "Perish",
		freshHours: { avg: 48 },
		transitionHours: { avg: 24 },
		transitionedStack: { type: "item", code: "game:rot" },
		transitionRatio: 1
	}]
}