{
	code: "muffinacorn",
	maxstacksize: 32,
	attributes: {
		displaycaseable: true,
		shelvable: true	
	},
	variantgroups: [
		{ code: "type", states: ["spelt", "rye", "flax", "rice" ] },
		{ code: "fruit", states: ["blueberry", "cranberry", "redcurrant", "whitecurrant", "blackcurrant"] },
	],
	shapebytype: { 
		"muffinacorn-*-blackcurrant": { base: "item/food/bread/muffins/acornbreadblackcurrant" },
		"muffinacorn-*-redcurrant": { base: "item/food/bread/muffins/acornbreadredcurrant" },
		"muffinacorn-*-whitecurrant": { base: "item/food/bread/muffins/acornbreadwhitecurrant" },
		"muffinacorn-*-blueberry": { base: "item/food/bread/muffins/acornbreadblueberry" },
		"muffinacorn-*-cranberry": { base: "item/food/bread/muffins/acornbreadcranberry" },
	},
	creativeinventory: { "general": ["*"], "items": ["*"] },
	nutritionPropsByType: {
		"*-flax-cranberry": { saturation: 500, foodcategory: "Fruit" },
		"*-flax-*": { saturation: 520, foodcategory: "Fruit" },
		"*-rice-cranberry": { saturation: 670, foodcategory: "Fruit" },
		"*-rice-*": { saturation: 690, foodcategory: "Fruit" },
		"*-spelt-cranberry": { saturation: 640, foodcategory: "Fruit" },
		"*-spelt-*": { saturation: 660, foodcategory: "Fruit" },
		"*-rye-cranberry": { saturation: 640, foodcategory: "Fruit" },
		"*-rye-*": { saturation: 660, foodcategory: "Fruit" },
	},
	transitionableProps: [{
		type: "Perish",
		freshHours: { avg: 432 },
		transitionHours: { avg: 36 },
		transitionedStack: { type: "item", code: "game:rot" },
		transitionRatio: 1
	}],
	materialDensity: 200,
	guiTransform: {
		translation: { x: 2, y: 1, z: 0 },
		rotation: { x: -28, y: 50, z: 180 },
		origin: { x: 0.5, y: 0.07, z: 0.5 },
		scale: 3.5
	},
	groundTransform: {
		translation: { x: 0, y: 0, z: 0 },
		rotation: { x: 0, y: 0, z: 1 },
		origin: { x: 0.5, y: 0, z: 0.5 },
		scale: 3
	},
	fpHandTransform: {
		translation: { x: 0, y: 0.22, z: 0.2 },
		rotation: { x: 0, y: 0, z: 0 },
		origin: { x: 0.5, y: 0.1, z: 0.5 },
		scale: 2
	},
	tpHandTransform: {
		translation: { x: 0.5, y: -0.2, z: 0.55 },
		rotation: { x: 0, y: 0, z: 0 },
		origin: { x: 0, y: 0, z: 0 },
		scale: 0.7
	},
}