{
	"editor": {
		"allAngles": false,
		"singleTexture": false
	},
	"textureWidth": 16,
	"textureHeight": 16,
	"textures": {
		"rope": "block/cloth/ropebridge_rope",
		"wood": "block/wood/ropebridge_oak"
	},
	"elements": [
		{
			"name": "frame",
			"from": [ 0.0, 1.5, 0.3 ], 
			"to": [ 1.0, 2.5, 1.3 ], 
			"rotationOrigin": [ 8.0, 10.0, 8.0 ],
			"faces": {
				"north": { "texture": "#wood", "uv": [ 0.0, 0.0, 1.0, 1.0 ], "enabled": false },
				"east": { "texture": "#wood", "uv": [ 0.0, 0.0, 1.0, 1.0 ], "enabled": false },
				"south": { "texture": "#wood", "uv": [ 0.0, 0.0, 1.0, 1.0 ], "enabled": false },
				"west": { "texture": "#wood", "uv": [ 0.0, 0.0, 1.0, 1.0 ], "enabled": false },
				"up": { "texture": "#wood", "uv": [ 0.0, 0.0, 1.0, 1.0 ], "enabled": false },
				"down": { "texture": "#wood", "uv": [ 0.0, 0.0, 1.0, 1.0 ], "enabled": false }
			},
			"children": [
				{
					"name": "Stick2",
					"from": [ -0.2, 0.0, 2.2 ], 
					"to": [ 0.8, 1.1, 3.25 ], 
					"rotationOrigin": [ -0.2, 0.0, 1.8 ],
					"faces": {
						"north": { "texture": "#null", "uv": [ 0.0, 2.0, 1.0, 3.0 ], "enabled": false },
						"east": { "texture": "#null", "uv": [ 0.0, 2.0, 1.0, 3.0 ], "enabled": false },
						"south": { "texture": "#null", "uv": [ 0.0, 2.0, 1.0, 3.0 ], "enabled": false },
						"west": { "texture": "#null", "uv": [ 0.0, 2.0, 1.0, 3.0 ], "enabled": false },
						"up": { "texture": "#null", "uv": [ 0.0, 2.0, 1.0, 3.0 ], "enabled": false },
						"down": { "texture": "#null", "uv": [ 0.0, 2.0, 1.0, 3.0 ], "enabled": false }
					},
					"children": [
						{
							"name": "Cube2",
							"from": [ 0.0, 0.0, 0.0 ], 
							"to": [ 5.18, 1.1, 1.05 ], 
							"rotationOrigin": [ 0.0, 0.0, 0.0 ],
							"rotationX": 2.669668787652289E-8,
							"rotationY": 1.9999996100845507,
							"faces": {
								"north": { "texture": "#wood", "uv": [ 0.0, 2.0, 5.0, 3.0 ] },
								"east": { "texture": "#wood", "uv": [ 0.0, 2.0, 1.0, 3.0 ] },
								"south": { "texture": "#wood", "uv": [ 0.0, 2.0, 5.0, 3.0 ] },
								"west": { "texture": "#wood", "uv": [ 0.0, 2.0, 1.0, 3.0 ] },
								"up": { "texture": "#wood", "uv": [ 0.0, 2.0, 5.0, 3.0 ] },
								"down": { "texture": "#wood", "uv": [ 0.0, 2.0, 5.0, 3.0 ] }
							}
						},
						{
							"name": "Cube10",
							"from": [ 5.17, -0.1, 0.0 ], 
							"to": [ 11.2, 1.0, 1.05 ], 
							"rotationOrigin": [ 5.2, 0.0, 0.0 ],
							"rotationY": -1.9999996100845507,
							"faces": {
								"north": { "texture": "#wood", "uv": [ 5.0, 2.0, 11.0, 3.0 ] },
								"east": { "texture": "#wood", "uv": [ 0.0, 2.0, 1.0, 3.0 ] },
								"south": { "texture": "#wood", "uv": [ 5.0, 2.0, 11.0, 3.0 ] },
								"west": { "texture": "#wood", "uv": [ 0.0, 2.0, 1.0, 3.0 ] },
								"up": { "texture": "#wood", "uv": [ 5.0, 2.0, 11.0, 3.0 ] },
								"down": { "texture": "#wood", "uv": [ 5.0, 2.0, 11.0, 3.0 ] }
							}
						},
						{
							"name": "Cube18",
							"from": [ 11.1, 0.0, 0.1 ], 
							"to": [ 16.3, 1.1, 1.15 ], 
							"rotationOrigin": [ 11.1, 0.0, 0.1 ],
							"rotationX": -1.334834394137124E-8,
							"rotationY": 2.000000037231557,
							"faces": {
								"north": { "texture": "#wood", "uv": [ 0.0, 2.0, 5.0, 3.0 ] },
								"east": { "texture": "#wood", "uv": [ 0.0, 2.0, 1.0, 3.0 ] },
								"south": { "texture": "#wood", "uv": [ 0.0, 2.0, 5.0, 3.0 ] },
								"west": { "texture": "#wood", "uv": [ 0.0, 2.0, 1.0, 3.0 ] },
								"up": { "texture": "#wood", "uv": [ 0.0, 2.0, 5.0, 3.0 ] },
								"down": { "texture": "#wood", "uv": [ 0.0, 2.0, 5.0, 3.0 ] }
							}
						}
					]
				},
				{
					"name": "Stick3",
					"from": [ -0.5, 0.0, 4.2 ], 
					"to": [ 0.5, 0.94, 5.08 ], 
					"rotationOrigin": [ -0.5, 0.0, 3.8 ],
					"faces": {
						"north": { "texture": "#null", "uv": [ 0.0, 4.0, 1.0, 4.5 ], "enabled": false },
						"east": { "texture": "#null", "uv": [ 0.0, 4.0, 0.5, 4.5 ], "enabled": false },
						"south": { "texture": "#null", "uv": [ 0.0, 4.0, 1.0, 4.5 ], "enabled": false },
						"west": { "texture": "#null", "uv": [ 0.0, 4.0, 0.5, 4.5 ], "enabled": false },
						"up": { "texture": "#null", "uv": [ 0.0, 4.0, 1.0, 4.5 ], "enabled": false },
						"down": { "texture": "#null", "uv": [ 0.0, 4.0, 1.0, 4.5 ], "enabled": false }
					},
					"children": [
						{
							"name": "Cube3",
							"from": [ 0.0, 0.0, 0.0 ], 
							"to": [ 6.05, 0.94, 0.88 ], 
							"rotationOrigin": [ 0.0, 0.0, 0.0 ],
							"rotationY": -2.999999989327365,
							"faces": {
								"north": { "texture": "#wood", "uv": [ 0.0, 4.0, 6.0, 5.0 ], "autoUv": false },
								"east": { "texture": "#wood", "uv": [ 0.0, 4.0, 1.0, 5.0 ], "autoUv": false },
								"south": { "texture": "#wood", "uv": [ 0.0, 4.0, 6.0, 5.0 ], "autoUv": false },
								"west": { "texture": "#wood", "uv": [ 0.0, 4.0, 1.0, 5.0 ], "autoUv": false },
								"up": { "texture": "#wood", "uv": [ 0.0, 4.0, 6.0, 5.0 ], "autoUv": false },
								"down": { "texture": "#wood", "uv": [ 0.0, 4.0, 6.0, 5.0 ], "autoUv": false }
							}
						},
						{
							"name": "Cube11",
							"from": [ 5.9, -0.1, 0.35 ], 
							"to": [ 11.9, 0.84, 1.25 ], 
							"rotationOrigin": [ 5.5, 0.0, 0.0 ],
							"rotationY": 3.0000002030636828,
							"faces": {
								"north": { "texture": "#wood", "uv": [ 5.0, 4.0, 11.0, 5.0 ], "autoUv": false },
								"east": { "texture": "#wood", "uv": [ 0.0, 4.0, 1.0, 5.0 ], "autoUv": false },
								"south": { "texture": "#wood", "uv": [ 5.0, 4.0, 11.0, 5.0 ], "autoUv": false },
								"west": { "texture": "#wood", "uv": [ 0.0, 4.0, 1.0, 5.0 ], "autoUv": false },
								"up": { "texture": "#wood", "uv": [ 5.0, 4.0, 11.0, 5.0 ], "autoUv": false },
								"down": { "texture": "#wood", "uv": [ 5.0, 4.0, 11.0, 5.0 ], "autoUv": false }
							}
						},
						{
							"name": "Cube19",
							"from": [ 11.9, 0.0, -0.1 ], 
							"to": [ 17.5, 0.94, 0.78 ], 
							"rotationOrigin": [ 12.5, 0.0, -0.1 ],
							"rotationY": -1.000000013344261,
							"faces": {
								"north": { "texture": "#wood", "uv": [ 0.0, 4.0, 5.5, 5.0 ], "autoUv": false },
								"east": { "texture": "#wood", "uv": [ 0.0, 4.0, 1.0, 5.0 ], "autoUv": false },
								"south": { "texture": "#wood", "uv": [ 0.0, 4.0, 5.5, 5.0 ], "autoUv": false },
								"west": { "texture": "#wood", "uv": [ 0.0, 4.0, 1.0, 5.0 ], "autoUv": false },
								"up": { "texture": "#wood", "uv": [ 0.0, 4.0, 5.5, 5.0 ], "autoUv": false },
								"down": { "texture": "#wood", "uv": [ 0.0, 4.0, 5.5, 5.0 ], "autoUv": false }
							}
						}
					]
				},
				{
					"name": "Stick4",
					"from": [ -0.3, 0.0, 6.2 ], 
					"to": [ 0.7, 1.0, 7.24 ], 
					"rotationOrigin": [ -0.3, 0.0, 5.7 ],
					"faces": {
						"north": { "texture": "#null", "uv": [ 0.0, 6.0, 1.0, 7.0 ], "enabled": false },
						"east": { "texture": "#null", "uv": [ 0.0, 6.0, 1.0, 7.0 ], "enabled": false },
						"south": { "texture": "#null", "uv": [ 0.0, 6.0, 1.0, 7.0 ], "enabled": false },
						"west": { "texture": "#null", "uv": [ 0.0, 6.0, 1.0, 7.0 ], "enabled": false },
						"up": { "texture": "#null", "uv": [ 0.0, 6.0, 1.0, 7.0 ], "enabled": false },
						"down": { "texture": "#null", "uv": [ 0.0, 6.0, 1.0, 7.0 ], "enabled": false }
					},
					"children": [
						{
							"name": "Cube4",
							"from": [ 0.0, 0.0, 0.0 ], 
							"to": [ 6.9, 1.0, 1.04 ], 
							"rotationOrigin": [ 0.0, 0.0, 0.0 ],
							"rotationY": 1.9999998236580536,
							"faces": {
								"north": { "texture": "#wood", "uv": [ 0.0, 6.0, 6.5, 7.0 ] },
								"east": { "texture": "#wood", "uv": [ 0.0, 6.0, 1.0, 7.0 ] },
								"south": { "texture": "#wood", "uv": [ 0.0, 6.0, 6.5, 7.0 ] },
								"west": { "texture": "#wood", "uv": [ 0.0, 6.0, 1.0, 7.0 ] },
								"up": { "texture": "#wood", "uv": [ 0.0, 6.0, 6.5, 7.0 ] },
								"down": { "texture": "#wood", "uv": [ 0.0, 6.0, 6.5, 7.0 ] }
							}
						},
						{
							"name": "Cube12",
							"from": [ 6.9, 0.0, -0.2 ], 
							"to": [ 12.9, 1.0, 0.84 ], 
							"rotationOrigin": [ 7.3, 0.0, 0.0 ],
							"faces": {
								"north": { "texture": "#wood", "uv": [ 6.5, 6.0, 12.5, 7.0 ] },
								"east": { "texture": "#wood", "uv": [ 0.0, 6.0, 1.0, 7.0 ] },
								"south": { "texture": "#wood", "uv": [ 6.5, 6.0, 12.5, 7.0 ] },
								"west": { "texture": "#wood", "uv": [ 0.0, 6.0, 1.0, 7.0 ] },
								"up": { "texture": "#wood", "uv": [ 6.5, 6.0, 12.5, 7.0 ] },
								"down": { "texture": "#wood", "uv": [ 6.5, 6.0, 12.5, 7.0 ] }
							}
						},
						{
							"name": "Cube20",
							"from": [ 12.9, 0.0, -0.1 ], 
							"to": [ 16.52, 1.0, 0.94 ], 
							"rotationOrigin": [ 13.3, 0.0, -0.1 ],
							"rotationY": -1.9999998236580536,
							"faces": {
								"north": { "texture": "#wood", "uv": [ 0.0, 14.0, 3.5, 15.0 ] },
								"east": { "texture": "#wood", "uv": [ 0.0, 14.0, 1.0, 15.0 ] },
								"south": { "texture": "#wood", "uv": [ 0.0, 14.0, 3.5, 15.0 ] },
								"west": { "texture": "#wood", "uv": [ 0.0, 14.0, 1.0, 15.0 ] },
								"up": { "texture": "#wood", "uv": [ 0.0, 14.0, 3.5, 15.0 ] },
								"down": { "texture": "#wood", "uv": [ 0.0, 14.0, 3.5, 15.0 ] }
							}
						}
					]
				},
				{
					"name": "Stick5",
					"from": [ -0.7, 0.0, 8.3 ], 
					"to": [ 0.3, 0.84, 9.1 ], 
					"rotationOrigin": [ -0.7, 0.0, 7.9 ],
					"faces": {
						"north": { "texture": "#null", "uv": [ 0.0, 8.0, 1.0, 8.5 ], "enabled": false },
						"east": { "texture": "#null", "uv": [ 0.0, 8.0, 0.5, 8.5 ], "enabled": false },
						"south": { "texture": "#null", "uv": [ 0.0, 8.0, 1.0, 8.5 ], "enabled": false },
						"west": { "texture": "#null", "uv": [ 0.0, 8.0, 0.5, 8.5 ], "enabled": false },
						"up": { "texture": "#null", "uv": [ 0.0, 8.0, 1.0, 8.5 ], "enabled": false },
						"down": { "texture": "#null", "uv": [ 0.0, 8.0, 1.0, 8.5 ], "enabled": false }
					},
					"children": [
						{
							"name": "Cube5",
							"from": [ 0.0, 0.0, 0.0 ], 
							"to": [ 6.1, 0.84, 0.8 ], 
							"rotationOrigin": [ 0.0, 0.0, 0.0 ],
							"rotationX": -2.0059181901423083E-8,
							"rotationY": 4.000000456833564,
							"faces": {
								"north": { "texture": "#wood", "uv": [ 0.0, 8.0, 6.0, 9.0 ], "autoUv": false },
								"east": { "texture": "#wood", "uv": [ 0.0, 8.0, 1.0, 9.0 ], "autoUv": false },
								"south": { "texture": "#wood", "uv": [ 0.0, 8.0, 5.75, 9.0 ], "autoUv": false },
								"west": { "texture": "#wood", "uv": [ 0.0, 8.0, 1.0, 9.0 ], "autoUv": false },
								"up": { "texture": "#wood", "uv": [ 0.0, 8.0, 6.0, 9.0 ], "autoUv": false },
								"down": { "texture": "#wood", "uv": [ 0.0, 8.0, 6.0, 9.0 ], "autoUv": false }
							}
						},
						{
							"name": "Cube13",
							"from": [ 6.1, 0.0, -0.4 ], 
							"to": [ 10.0, 0.82, 0.42 ], 
							"rotationOrigin": [ 6.7, 0.0, 0.0 ],
							"faces": {
								"north": { "texture": "#wood", "uv": [ 6.0, 8.0, 9.75, 9.0 ], "autoUv": false },
								"east": { "texture": "#wood", "uv": [ 0.0, 8.0, 1.0, 9.0 ], "autoUv": false },
								"south": { "texture": "#wood", "uv": [ 6.0, 8.0, 9.75, 9.0 ], "autoUv": false },
								"west": { "texture": "#wood", "uv": [ 0.0, 8.0, 1.0, 9.0 ], "autoUv": false },
								"up": { "texture": "#wood", "uv": [ 6.0, 8.0, 9.75, 9.0 ], "autoUv": false },
								"down": { "texture": "#wood", "uv": [ 6.0, 8.0, 9.75, 9.0 ], "autoUv": false }
							}
						},
						{
							"name": "Cube21",
							"from": [ 10.0, 0.0, -0.3 ], 
							"to": [ 17.4, 0.84, 0.5 ], 
							"rotationOrigin": [ 10.0, 0.0, -0.3 ],
							"rotationY": -1.9999998236580536,
							"faces": {
								"north": { "texture": "#wood", "uv": [ 0.0, 8.0, 7.0, 9.0 ], "autoUv": false },
								"east": { "texture": "#wood", "uv": [ 0.0, 8.0, 1.0, 9.0 ], "autoUv": false },
								"south": { "texture": "#wood", "uv": [ 0.0, 8.0, 7.25, 9.0 ], "autoUv": false },
								"west": { "texture": "#wood", "uv": [ 0.0, 8.0, 1.0, 9.0 ], "autoUv": false },
								"up": { "texture": "#wood", "uv": [ 0.0, 8.0, 7.25, 9.0 ], "autoUv": false },
								"down": { "texture": "#wood", "uv": [ 0.0, 8.0, 7.25, 9.0 ], "autoUv": false }
							}
						}
					]
				},
				{
					"name": "Stick6",
					"from": [ -0.3, 0.0, 10.0 ], 
					"to": [ 0.7, 0.98, 11.03 ], 
					"rotationOrigin": [ -0.3, 0.0, 10.5 ],
					"faces": {
						"north": { "texture": "#null", "uv": [ 0.0, 10.0, 1.0, 10.5 ], "enabled": false },
						"east": { "texture": "#null", "uv": [ 0.0, 10.0, 1.0, 10.5 ], "enabled": false },
						"south": { "texture": "#null", "uv": [ 0.0, 10.0, 1.0, 10.5 ], "enabled": false },
						"west": { "texture": "#null", "uv": [ 0.0, 10.0, 1.0, 10.5 ], "enabled": false },
						"up": { "texture": "#null", "uv": [ 0.0, 10.0, 1.0, 11.0 ], "enabled": false },
						"down": { "texture": "#null", "uv": [ 0.0, 10.0, 1.0, 11.0 ], "enabled": false }
					},
					"children": [
						{
							"name": "Cube6",
							"from": [ 0.0, 0.0, 0.0 ], 
							"to": [ 5.3, 0.98, 1.03 ], 
							"rotationOrigin": [ 0.0, 0.0, 0.4 ],
							"rotationX": -2.6684489156162627E-8,
							"rotationY": -0.9999999066063042,
							"faces": {
								"north": { "texture": "#wood", "uv": [ 0.0, 10.0, 5.25, 11.0 ], "autoUv": false },
								"east": { "texture": "#wood", "uv": [ 0.0, 10.0, 1.0, 11.0 ], "autoUv": false },
								"south": { "texture": "#wood", "uv": [ 0.0, 10.0, 5.25, 11.0 ], "autoUv": false },
								"west": { "texture": "#wood", "uv": [ 0.0, 10.0, 1.0, 11.0 ], "autoUv": false },
								"up": { "texture": "#wood", "uv": [ 0.0, 10.0, 5.25, 11.0 ] },
								"down": { "texture": "#wood", "uv": [ 0.0, 10.0, 5.25, 11.0 ] }
							}
						},
						{
							"name": "Cube14",
							"from": [ 5.26, -0.1, 0.3 ], 
							"to": [ 11.3, 0.87, 1.34 ], 
							"rotationOrigin": [ 5.3, 0.0, 0.4 ],
							"faces": {
								"north": { "texture": "#wood", "uv": [ 5.0, 10.0, 11.0, 11.0 ], "autoUv": false },
								"east": { "texture": "#wood", "uv": [ 0.0, 10.0, 1.0, 11.0 ], "autoUv": false },
								"south": { "texture": "#wood", "uv": [ 5.0, 10.0, 11.0, 11.0 ], "autoUv": false },
								"west": { "texture": "#wood", "uv": [ 0.0, 10.0, 1.0, 11.0 ], "autoUv": false },
								"up": { "texture": "#wood", "uv": [ 5.0, 10.0, 11.0, 11.0 ] },
								"down": { "texture": "#wood", "uv": [ 5.0, 10.0, 11.0, 11.0 ] }
							}
						},
						{
							"name": "Cube22",
							"from": [ 11.27, -0.1, 0.3 ], 
							"to": [ 16.8, 0.88, 1.33 ], 
							"rotationOrigin": [ 11.3, -0.1, 0.7 ],
							"rotationX": 1.334834394137124E-8,
							"rotationY": 1.9999998236580536,
							"faces": {
								"north": { "texture": "#wood", "uv": [ 0.0, 10.0, 5.5, 11.0 ], "autoUv": false },
								"east": { "texture": "#wood", "uv": [ 0.0, 10.0, 1.0, 11.0 ], "autoUv": false },
								"south": { "texture": "#wood", "uv": [ 0.0, 10.0, 5.5, 11.0 ], "autoUv": false },
								"west": { "texture": "#wood", "uv": [ 0.0, 10.0, 1.0, 11.0 ], "autoUv": false },
								"up": { "texture": "#wood", "uv": [ 0.0, 10.0, 5.5, 11.0 ] },
								"down": { "texture": "#wood", "uv": [ 0.0, 10.0, 5.5, 11.0 ] }
							}
						}
					]
				},
				{
					"name": "Stick7",
					"from": [ -0.5, 0.0, 12.3 ], 
					"to": [ 0.5, 0.77, 13.1 ], 
					"rotationOrigin": [ -0.5, 0.0, 11.4 ],
					"faces": {
						"north": { "texture": "#null", "uv": [ 0.0, 12.0, 1.0, 12.5 ], "enabled": false },
						"east": { "texture": "#null", "uv": [ 0.0, 12.0, 0.5, 12.5 ], "enabled": false },
						"south": { "texture": "#null", "uv": [ 0.0, 12.0, 1.0, 12.5 ], "enabled": false },
						"west": { "texture": "#null", "uv": [ 0.0, 12.0, 0.5, 12.5 ], "enabled": false },
						"up": { "texture": "#null", "uv": [ 0.0, 12.0, 1.0, 12.5 ], "enabled": false },
						"down": { "texture": "#null", "uv": [ 0.0, 12.0, 1.0, 12.5 ], "enabled": false }
					},
					"children": [
						{
							"name": "Cube7",
							"from": [ 0.0, 0.0, 0.0 ], 
							"to": [ 7.5, 0.77, 0.8 ], 
							"rotationOrigin": [ 0.0, 0.0, 0.0 ],
							"rotationX": -6.674171969908171E-9,
							"rotationY": 1.9999998236580536,
							"faces": {
								"north": { "texture": "#wood", "uv": [ 0.0, 12.0, 7.5, 13.0 ], "autoUv": false },
								"east": { "texture": "#wood", "uv": [ 0.0, 12.0, 1.0, 13.0 ], "autoUv": false },
								"south": { "texture": "#wood", "uv": [ 0.0, 12.0, 7.5, 13.0 ], "autoUv": false },
								"west": { "texture": "#wood", "uv": [ 0.0, 12.0, 1.0, 13.0 ], "autoUv": false },
								"up": { "texture": "#wood", "uv": [ 0.0, 12.0, 7.5, 13.0 ], "autoUv": false },
								"down": { "texture": "#wood", "uv": [ 0.0, 12.0, 7.5, 13.0 ], "autoUv": false }
							}
						},
						{
							"name": "Cube15",
							"from": [ 7.5, 0.0, -0.3 ], 
							"to": [ 13.5, 0.77, 0.5 ], 
							"rotationOrigin": [ 7.5, 0.0, 0.0 ],
							"faces": {
								"north": { "texture": "#wood", "uv": [ 7.5, 12.0, 13.5, 13.0 ], "autoUv": false },
								"east": { "texture": "#wood", "uv": [ 0.0, 12.0, 1.0, 13.0 ], "autoUv": false },
								"south": { "texture": "#wood", "uv": [ 7.5, 12.0, 13.5, 13.0 ], "autoUv": false },
								"west": { "texture": "#wood", "uv": [ 0.0, 12.0, 1.0, 13.0 ], "autoUv": false },
								"up": { "texture": "#wood", "uv": [ 7.5, 12.0, 13.5, 13.0 ], "autoUv": false },
								"down": { "texture": "#wood", "uv": [ 7.5, 12.0, 13.5, 13.0 ], "autoUv": false }
							}
						},
						{
							"name": "Cube23",
							"from": [ 13.5, -0.05, -0.25 ], 
							"to": [ 17.4, 0.72, 0.55 ], 
							"rotationOrigin": [ 13.5, -0.1, -0.3 ],
							"rotationX": -6.679259939641112E-9,
							"rotationY": -3.0000002030636828,
							"faces": {
								"north": { "texture": "#wood", "uv": [ 0.0, 12.0, 3.75, 13.0 ], "autoUv": false },
								"east": { "texture": "#wood", "uv": [ 0.0, 12.0, 1.0, 13.0 ], "autoUv": false },
								"south": { "texture": "#wood", "uv": [ 0.0, 12.0, 3.75, 13.0 ], "autoUv": false },
								"west": { "texture": "#wood", "uv": [ 0.0, 12.0, 1.0, 13.0 ], "autoUv": false },
								"up": { "texture": "#wood", "uv": [ 0.0, 12.0, 3.75, 13.0 ], "autoUv": false },
								"down": { "texture": "#wood", "uv": [ 0.0, 12.0, 3.75, 13.0 ], "autoUv": false }
							}
						}
					]
				},
				{
					"name": "Stick1",
					"from": [ -0.4, 0.0, -0.1 ], 
					"to": [ 0.6, 1.0, 0.9 ], 
					"rotationOrigin": [ -0.4, 0.0, -0.4 ],
					"faces": {
						"north": { "texture": "#null", "uv": [ 0.0, 0.0, 1.0, 1.0 ], "enabled": false },
						"east": { "texture": "#null", "uv": [ 0.0, 0.0, 1.0, 1.0 ], "enabled": false },
						"south": { "texture": "#null", "uv": [ 0.0, 0.0, 1.0, 1.0 ], "enabled": false },
						"west": { "texture": "#null", "uv": [ 0.0, 0.0, 1.0, 1.0 ], "enabled": false },
						"up": { "texture": "#null", "uv": [ 0.0, 0.0, 1.0, 1.0 ], "enabled": false },
						"down": { "texture": "#null", "uv": [ 0.0, 0.0, 1.0, 1.0 ], "enabled": false }
					},
					"children": [
						{
							"name": "Cube1",
							"from": [ 0.0, 0.0, 0.0 ], 
							"to": [ 6.4, 1.0, 1.0 ], 
							"rotationOrigin": [ 0.0, 0.0, -0.3 ],
							"rotationX": 1.334834394137124E-8,
							"rotationY": -2.000000037231557,
							"faces": {
								"north": { "texture": "#wood", "uv": [ 0.0, 0.0, 6.0, 1.0 ] },
								"east": { "texture": "#wood", "uv": [ 0.0, 0.0, 1.0, 1.0 ] },
								"south": { "texture": "#wood", "uv": [ 0.0, 0.0, 6.0, 1.0 ] },
								"west": { "texture": "#wood", "uv": [ 0.0, 0.0, 1.0, 1.0 ] },
								"up": { "texture": "#wood", "uv": [ 0.0, 0.0, 6.0, 1.0 ] },
								"down": { "texture": "#wood", "uv": [ 0.0, 0.0, 6.0, 1.0 ] }
							}
						},
						{
							"name": "Cube9",
							"from": [ 6.3, 0.0, 0.35 ], 
							"to": [ 12.32, 1.0, 1.25 ], 
							"rotationOrigin": [ 6.4, 0.0, 0.1 ],
							"rotationX": -2.0037779823595148E-8,
							"rotationY": 3.0000002030636828,
							"faces": {
								"north": { "texture": "#wood", "uv": [ 6.0, 0.0, 12.0, 1.0 ] },
								"east": { "texture": "#wood", "uv": [ 0.0, 0.0, 1.0, 1.0 ], "autoUv": false },
								"south": { "texture": "#wood", "uv": [ 6.0, 0.0, 12.0, 1.0 ] },
								"west": { "texture": "#wood", "uv": [ 0.0, 0.0, 1.0, 1.0 ], "autoUv": false },
								"up": { "texture": "#wood", "uv": [ 6.0, 0.0, 12.0, 1.0 ], "autoUv": false },
								"down": { "texture": "#wood", "uv": [ 6.0, 0.0, 12.0, 1.0 ], "autoUv": false }
							}
						},
						{
							"name": "Cube17",
							"from": [ 12.3, 0.0, 0.0 ], 
							"to": [ 16.8, 1.0, 1.0 ], 
							"rotationOrigin": [ 12.3, 0.0, 0.1 ],
							"rotationX": 3.3355611445688747E-9,
							"rotationY": 0.9999997998683476,
							"faces": {
								"north": { "texture": "#wood", "uv": [ 0.0, 6.0, 4.5, 7.0 ] },
								"east": { "texture": "#wood", "uv": [ 0.0, 6.0, 1.0, 7.0 ] },
								"south": { "texture": "#wood", "uv": [ 0.0, 6.0, 4.5, 7.0 ] },
								"west": { "texture": "#wood", "uv": [ 0.0, 6.0, 1.0, 7.0 ] },
								"up": { "texture": "#wood", "uv": [ 0.0, 6.0, 4.5, 7.0 ] },
								"down": { "texture": "#wood", "uv": [ 0.0, 6.0, 4.5, 7.0 ] }
							}
						}
					]
				},
				{
					"name": "Stick8",
					"from": [ -0.2, 0.0, 14.1 ], 
					"to": [ 0.8, 1.0, 15.1 ], 
					"rotationOrigin": [ -0.2, 0.0, 14.1 ],
					"faces": {
						"north": { "texture": "#null", "uv": [ 0.0, 14.0, 1.0, 15.0 ], "enabled": false },
						"east": { "texture": "#null", "uv": [ 0.0, 14.0, 1.0, 15.0 ], "enabled": false },
						"south": { "texture": "#null", "uv": [ 0.0, 14.0, 1.0, 15.0 ], "enabled": false },
						"west": { "texture": "#null", "uv": [ 0.0, 14.0, 1.0, 15.0 ], "enabled": false },
						"up": { "texture": "#null", "uv": [ 0.0, 14.0, 1.0, 15.0 ], "enabled": false },
						"down": { "texture": "#null", "uv": [ 0.0, 14.0, 1.0, 15.0 ], "enabled": false }
					},
					"children": [
						{
							"name": "Cube8",
							"from": [ 0.0, 0.0, 0.0 ], 
							"to": [ 6.2, 1.0, 1.0 ], 
							"rotationOrigin": [ 0.0, 0.0, 0.0 ],
							"rotationX": -3.335561144714513E-9,
							"rotationY": 0.9999999066063042,
							"faces": {
								"north": { "texture": "#wood", "uv": [ 0.0, 14.0, 6.0, 15.0 ] },
								"east": { "texture": "#wood", "uv": [ 0.0, 14.0, 1.0, 15.0 ] },
								"south": { "texture": "#wood", "uv": [ 0.0, 14.0, 6.0, 15.0 ] },
								"west": { "texture": "#wood", "uv": [ 0.0, 14.0, 1.0, 15.0 ] },
								"up": { "texture": "#wood", "uv": [ 0.0, 14.0, 6.0, 15.0 ] },
								"down": { "texture": "#wood", "uv": [ 0.0, 14.0, 6.0, 15.0 ] }
							}
						},
						{
							"name": "Cube16",
							"from": [ 6.2, -0.08, 0.0 ], 
							"to": [ 12.2, 0.92, 1.0 ], 
							"rotationOrigin": [ 6.2, 0.0, 0.0 ],
							"faces": {
								"north": { "texture": "#wood", "uv": [ 6.0, 14.0, 12.0, 15.0 ] },
								"east": { "texture": "#wood", "uv": [ 0.0, 14.0, 1.0, 15.0 ] },
								"south": { "texture": "#wood", "uv": [ 6.0, 14.0, 12.0, 15.0 ] },
								"west": { "texture": "#wood", "uv": [ 0.0, 14.0, 1.0, 15.0 ] },
								"up": { "texture": "#wood", "uv": [ 6.0, 14.0, 12.0, 15.0 ] },
								"down": { "texture": "#wood", "uv": [ 6.0, 14.0, 12.0, 15.0 ] }
							}
						},
						{
							"name": "Cube24",
							"from": [ 12.15, 0.0, 0.0 ], 
							"to": [ 16.6, 1.0, 1.0 ], 
							"rotationOrigin": [ 12.2, 0.0, 0.0 ],
							"rotationX": 1.6677805722601642E-9,
							"rotationY": 0.9999997998683476,
							"faces": {
								"north": { "texture": "#wood", "uv": [ 0.0, 0.0, 4.0, 1.0 ] },
								"east": { "texture": "#wood", "uv": [ 0.0, 0.0, 1.0, 1.0 ] },
								"south": { "texture": "#wood", "uv": [ 0.0, 0.0, 4.0, 1.0 ] },
								"west": { "texture": "#wood", "uv": [ 0.0, 0.0, 1.0, 1.0 ] },
								"up": { "texture": "#wood", "uv": [ 0.0, 0.0, 4.0, 1.0 ] },
								"down": { "texture": "#wood", "uv": [ 0.0, 0.0, 4.0, 1.0 ] }
							}
						}
					]
				}
			]
		},
		{
			"name": "rope_bl",
			"from": [ 1.0, 0.5, 0.0 ], 
			"to": [ 2.0, 1.5, 16.0 ], 
			"rotationOrigin": [ 1.0, 1.0, 8.0 ],
			"faces": {
				"north": { "texture": "#rope", "uv": [ 0.0, 0.0, 1.0, 1.0 ] },
				"east": { "texture": "#rope", "uv": [ 0.0, 0.0, 16.0, 1.0 ] },
				"south": { "texture": "#rope", "uv": [ 0.0, 0.0, 1.0, 1.0 ] },
				"west": { "texture": "#rope", "uv": [ 0.0, 0.0, 16.0, 1.0 ] },
				"up": { "texture": "#rope", "uv": [ 0.0, 0.0, 16.0, 1.0 ], "rotation": 90 },
				"down": { "texture": "#rope", "uv": [ 0.0, 0.0, 16.0, 1.0 ], "rotation": 90 }
			}
		},
		{
			"name": "rope_br",
			"from": [ 14.0, 0.5, 0.0 ], 
			"to": [ 15.0, 1.5, 16.0 ], 
			"rotationOrigin": [ 15.0, 1.0, 8.0 ],
			"faces": {
				"north": { "texture": "#rope", "uv": [ 0.0, 0.0, 1.0, 1.0 ] },
				"east": { "texture": "#rope", "uv": [ 0.0, 0.0, 16.0, 1.0 ] },
				"south": { "texture": "#rope", "uv": [ 0.0, 0.0, 1.0, 1.0 ] },
				"west": { "texture": "#rope", "uv": [ 0.0, 0.0, 16.0, 1.0 ] },
				"up": { "texture": "#rope", "uv": [ 0.0, 0.0, 16.0, 1.0 ], "rotation": 90 },
				"down": { "texture": "#rope", "uv": [ 0.0, 0.0, 16.0, 1.0 ], "rotation": 90 }
			}
		},
		{
			"name": "rope_ul",
			"from": [ 1.0, 14.5, 0.0 ], 
			"to": [ 2.0, 15.5, 16.0 ], 
			"rotationOrigin": [ 1.0, 13.0, 1.5 ],
			"faces": {
				"north": { "texture": "#rope", "uv": [ 0.0, 0.0, 1.0, 1.0 ] },
				"east": { "texture": "#rope", "uv": [ 0.0, 0.0, 16.0, 1.0 ] },
				"south": { "texture": "#rope", "uv": [ 0.0, 0.0, 1.0, 1.0 ] },
				"west": { "texture": "#rope", "uv": [ 0.0, 0.0, 16.0, 1.0 ] },
				"up": { "texture": "#rope", "uv": [ 0.0, 0.0, 16.0, 1.0 ], "rotation": 90 },
				"down": { "texture": "#rope", "uv": [ 0.0, 0.0, 16.0, 1.0 ], "rotation": 90 }
			}
		},
		{
			"name": "rope_ur",
			"from": [ 14.0, 14.5, 0.0 ], 
			"to": [ 15.0, 15.5, 16.0 ], 
			"rotationOrigin": [ 14.0, 14.0, 1.5 ],
			"faces": {
				"north": { "texture": "#rope", "uv": [ 0.0, 0.0, 1.0, 1.0 ] },
				"east": { "texture": "#rope", "uv": [ 0.0, 0.0, 16.0, 1.0 ] },
				"south": { "texture": "#rope", "uv": [ 0.0, 0.0, 1.0, 1.0 ] },
				"west": { "texture": "#rope", "uv": [ 0.0, 0.0, 16.0, 1.0 ] },
				"up": { "texture": "#rope", "uv": [ 0.0, 0.0, 16.0, 1.0 ], "rotation": 90 },
				"down": { "texture": "#rope", "uv": [ 0.0, 0.0, 16.0, 1.0 ], "rotation": 90 }
			}
		},
		{
			"name": "rope_vbl",
			"from": [ 1.1, 1.0, 5.5 ], 
			"to": [ 1.9, 15.0, 6.3 ], 
			"rotationOrigin": [ 1.0, 15.0, 8.0 ],
			"faces": {
				"north": { "texture": "#rope", "uv": [ 0.0, 0.0, 15.0, 1.0 ], "rotation": 90, "autoUv": false },
				"east": { "texture": "#rope", "uv": [ 0.0, 0.0, 15.0, 1.0 ], "rotation": 90, "autoUv": false },
				"south": { "texture": "#rope", "uv": [ 0.0, 0.0, 15.0, 1.0 ], "rotation": 90, "autoUv": false },
				"west": { "texture": "#rope", "uv": [ 0.0, 0.0, 15.0, 1.0 ], "rotation": 90, "autoUv": false },
				"up": { "texture": "#rope", "uv": [ 0.0, 0.0, 0.75, 0.75 ] },
				"down": { "texture": "#rope", "uv": [ 0.0, 0.0, 0.75, 0.75 ] }
			},
			"children": [
				{
					"name": "rope_vbl2",
					"from": [ 0.0, 0.0, -4.0 ], 
					"to": [ 0.8, 14.0, -3.2 ], 
					"rotationOrigin": [ 0.0, 15.0, 0.0 ],
					"faces": {
						"north": { "texture": "#rope", "uv": [ 0.0, 0.0, 15.0, 1.0 ], "rotation": 90, "autoUv": false },
						"east": { "texture": "#rope", "uv": [ 0.0, 0.0, 15.0, 1.0 ], "rotation": 90, "autoUv": false },
						"south": { "texture": "#rope", "uv": [ 0.0, 0.0, 15.0, 1.0 ], "rotation": 90, "autoUv": false },
						"west": { "texture": "#rope", "uv": [ 0.0, 0.0, 15.0, 1.0 ], "rotation": 90, "autoUv": false },
						"up": { "texture": "#rope", "uv": [ 0.0, 0.0, 0.75, 0.75 ] },
						"down": { "texture": "#rope", "uv": [ 0.0, 0.0, 0.75, 0.75 ] }
					}
				}
			]
		},
		{
			"name": "rope_vbr",
			"from": [ 14.1, 1.0, 5.5 ], 
			"to": [ 14.9, 15.0, 6.3 ], 
			"rotationOrigin": [ 1.0, 15.0, 4.0 ],
			"faces": {
				"north": { "texture": "#rope", "uv": [ 0.0, 0.0, 15.0, 1.0 ], "rotation": 90, "autoUv": false },
				"east": { "texture": "#rope", "uv": [ 0.0, 0.0, 15.0, 1.0 ], "rotation": 90, "autoUv": false },
				"south": { "texture": "#rope", "uv": [ 0.0, 0.0, 15.0, 1.0 ], "rotation": 90, "autoUv": false },
				"west": { "texture": "#rope", "uv": [ 0.0, 0.0, 15.0, 1.0 ], "rotation": 90, "autoUv": false },
				"up": { "texture": "#rope", "uv": [ 0.0, 0.0, 0.75, 0.75 ] },
				"down": { "texture": "#rope", "uv": [ 0.0, 0.0, 0.75, 0.75 ] }
			},
			"children": [
				{
					"name": "rope_vbr2",
					"from": [ 0.0, 0.0, -4.0 ], 
					"to": [ 0.8, 14.0, -3.2 ], 
					"rotationOrigin": [ 0.0, 15.0, 0.0 ],
					"faces": {
						"north": { "texture": "#rope", "uv": [ 0.0, 0.0, 15.0, 1.0 ], "rotation": 90, "autoUv": false },
						"east": { "texture": "#rope", "uv": [ 0.0, 0.0, 15.0, 1.0 ], "rotation": 90, "autoUv": false },
						"south": { "texture": "#rope", "uv": [ 0.0, 0.0, 15.0, 1.0 ], "rotation": 90, "autoUv": false },
						"west": { "texture": "#rope", "uv": [ 0.0, 0.0, 15.0, 1.0 ], "rotation": 90, "autoUv": false },
						"up": { "texture": "#rope", "uv": [ 0.0, 0.0, 0.75, 0.75 ] },
						"down": { "texture": "#rope", "uv": [ 0.0, 0.0, 0.75, 0.75 ] }
					}
				}
			]
		},
		{
			"name": "rope_vfl",
			"from": [ 1.1, 1.0, 13.5 ], 
			"to": [ 1.9, 15.0, 14.3 ], 
			"rotationOrigin": [ 1.0, 15.0, 13.0 ],
			"faces": {
				"north": { "texture": "#rope", "uv": [ 0.0, 0.0, 15.0, 1.0 ], "rotation": 90, "autoUv": false },
				"east": { "texture": "#rope", "uv": [ 0.0, 0.0, 15.0, 1.0 ], "rotation": 90, "autoUv": false },
				"south": { "texture": "#rope", "uv": [ 0.0, 0.0, 15.0, 1.0 ], "rotation": 90, "autoUv": false },
				"west": { "texture": "#rope", "uv": [ 0.0, 0.0, 15.0, 1.0 ], "rotation": 90, "autoUv": false },
				"up": { "texture": "#rope", "uv": [ 0.0, 0.0, 0.75, 0.75 ] },
				"down": { "texture": "#rope", "uv": [ 0.0, 0.0, 0.75, 0.75 ] }
			},
			"children": [
				{
					"name": "rope_vfl2",
					"from": [ 0.0, 0.0, -4.0 ], 
					"to": [ 0.8, 14.0, -3.2 ], 
					"rotationOrigin": [ 0.0, 15.0, 0.0 ],
					"faces": {
						"north": { "texture": "#rope", "uv": [ 0.0, 0.0, 15.0, 1.0 ], "rotation": 90, "autoUv": false },
						"east": { "texture": "#rope", "uv": [ 0.0, 0.0, 15.0, 1.0 ], "rotation": 90, "autoUv": false },
						"south": { "texture": "#rope", "uv": [ 0.0, 0.0, 15.0, 1.0 ], "rotation": 90, "autoUv": false },
						"west": { "texture": "#rope", "uv": [ 0.0, 0.0, 15.0, 1.0 ], "rotation": 90, "autoUv": false },
						"up": { "texture": "#rope", "uv": [ 0.0, 0.0, 0.75, 0.75 ] },
						"down": { "texture": "#rope", "uv": [ 0.0, 0.0, 0.75, 0.75 ] }
					}
				}
			]
		},
		{
			"name": "rope_vfr",
			"from": [ 14.1, 1.0, 13.5 ], 
			"to": [ 14.9, 15.0, 14.3 ], 
			"rotationOrigin": [ 1.0, 15.0, 12.0 ],
			"faces": {
				"north": { "texture": "#rope", "uv": [ 0.0, 0.0, 15.0, 1.0 ], "rotation": 90, "autoUv": false },
				"east": { "texture": "#rope", "uv": [ 0.0, 0.0, 15.0, 1.0 ], "rotation": 90, "autoUv": false },
				"south": { "texture": "#rope", "uv": [ 0.0, 0.0, 15.0, 1.0 ], "rotation": 90, "autoUv": false },
				"west": { "texture": "#rope", "uv": [ 0.0, 0.0, 15.0, 1.0 ], "rotation": 90, "autoUv": false },
				"up": { "texture": "#rope", "uv": [ 0.0, 0.0, 0.75, 0.75 ] },
				"down": { "texture": "#rope", "uv": [ 0.0, 0.0, 0.75, 0.75 ] }
			},
			"children": [
				{
					"name": "rope_vfr2",
					"from": [ 0.0, 0.0, -4.0 ], 
					"to": [ 0.8, 14.0, -3.2 ], 
					"rotationOrigin": [ 0.0, 15.0, 0.0 ],
					"faces": {
						"north": { "texture": "#rope", "uv": [ 0.0, 0.0, 15.0, 0.75 ], "rotation": 90, "autoUv": false },
						"east": { "texture": "#rope", "uv": [ 0.0, 0.0, 15.0, 1.0 ], "rotation": 90, "autoUv": false },
						"south": { "texture": "#rope", "uv": [ 0.0, 0.0, 15.0, 1.0 ], "rotation": 90, "autoUv": false },
						"west": { "texture": "#rope", "uv": [ 0.0, 0.0, 15.0, 1.0 ], "rotation": 90, "autoUv": false },
						"up": { "texture": "#rope", "uv": [ 0.0, 0.0, 0.75, 0.75 ] },
						"down": { "texture": "#rope", "uv": [ 0.0, 0.0, 0.75, 0.75 ] }
					}
				}
			]
		}
	]}