{
	"editor": {
		"allAngles": false,
		"entityTextureMode": false
	},
	"textureWidth": 16,
	"textureHeight": 16,
	"textureSizes": {
		"meatnugget": [8,8],
		"cheesebase": [8,8]
	},
	"textures": {
	},
	"elements": [
		{
			"name": "bowl",
			"from": [ 6.5, 0.0, 6.5 ], 
			"to": [ 9.5, 1.0, 9.5 ], 
			"faces": {
				"north": { "texture": "#ceramic", "uv": [ 0.0, 0.0, 3.0, 1.0 ], "enabled": false },
				"east": { "texture": "#ceramic", "uv": [ 0.0, 0.0, 3.0, 1.0 ], "enabled": false },
				"south": { "texture": "#ceramic", "uv": [ 0.0, 0.0, 3.0, 1.0 ], "enabled": false },
				"west": { "texture": "#ceramic", "uv": [ 0.0, 0.0, 3.0, 1.0 ], "enabled": false },
				"up": { "texture": "#ceramic", "uv": [ 10.0, 2.0, 13.0, 5.0 ], "enabled": false },
				"down": { "texture": "#ceramic", "uv": [ 5.0, 5.0, 8.0, 8.0 ], "enabled": false }
			},
			"children": [
				{
					"name": "vegetable 1",
					"from": [ -0.5, 2.8, -0.5 ], 
					"to": [ 3.5, 3.3, 3.5 ], 
					"renderInEditor": false,
					"faces": {
						"north": { "texture": "#vegetable", "uv": [ 10.5, 3.0, 14.5, 3.5 ], "enabled": false },
						"east": { "texture": "#vegetable", "uv": [ 11.5, 1.0, 15.5, 1.5 ], "enabled": false },
						"south": { "texture": "#vegetable", "uv": [ 10.0, 2.0, 14.0, 2.5 ], "enabled": false },
						"west": { "texture": "#vegetable", "uv": [ 11.5, 7.0, 15.5, 7.5 ], "enabled": false },
						"up": { "texture": "#vegetable", "uv": [ 11.0, 1.0, 15.0, 5.0 ], "enabled": false },
						"down": { "texture": "#vegetable", "uv": [ 0.0, 0.0, 4.0, 4.0 ], "enabled": false }
					},
					"children": [
						{
							"name": "voxel74",
							"from": [ 1.5, -0.6, 1.5 ], 
							"to": [ 2.5, -0.1, 2.5 ], 
							"rotationOrigin": [ 0.5, 0.0, 1.5 ],
							"faces": {
								"north": { "texture": "#vegetable", "uv": [ 9.0, 4.0, 10.0, 4.5 ] },
								"east": { "texture": "#vegetable", "uv": [ 14.0, 1.0, 15.0, 1.5 ] },
								"south": { "texture": "#vegetable", "uv": [ 13.5, 1.5, 14.5, 2.0 ] },
								"west": { "texture": "#vegetable", "uv": [ 12.0, 4.5, 13.0, 5.0 ] },
								"up": { "texture": "#vegetable", "uv": [ 12.5, 3.0, 13.5, 4.0 ] },
								"down": { "texture": "#vegetable", "uv": [ 6.0, 7.0, 7.0, 8.0 ], "enabled": false }
							}
						},
						{
							"name": "voxel75",
							"from": [ 0.9, -0.6, 2.5 ], 
							"to": [ 1.9, -0.1, 3.5 ], 
							"rotationOrigin": [ 0.5, 0.0, 1.5 ],
							"faces": {
								"north": { "texture": "#vegetable", "uv": [ 13.5, 2.0, 14.5, 2.5 ] },
								"east": { "texture": "#vegetable", "uv": [ 10.5, 4.0, 11.5, 4.5 ] },
								"south": { "texture": "#vegetable", "uv": [ 11.0, 6.0, 12.0, 6.5 ] },
								"west": { "texture": "#vegetable", "uv": [ 8.5, 3.5, 9.5, 4.0 ] },
								"up": { "texture": "#vegetable", "uv": [ 14.5, 4.0, 15.5, 5.0 ] },
								"down": { "texture": "#vegetable", "uv": [ 6.0, 7.0, 7.0, 8.0 ], "enabled": false }
							}
						},
						{
							"name": "voxel76",
							"from": [ 0.5, -0.6, 1.0 ], 
							"to": [ 1.0, -0.1, 1.5 ], 
							"rotationOrigin": [ 0.4, 0.0, 1.5 ],
							"faces": {
								"north": { "texture": "#vegetable", "uv": [ 11.0, 1.5, 11.5, 2.0 ] },
								"east": { "texture": "#vegetable", "uv": [ 11.5, 5.0, 12.0, 5.5 ] },
								"south": { "texture": "#vegetable", "uv": [ 13.5, 6.5, 14.0, 7.0 ] },
								"west": { "texture": "#vegetable", "uv": [ 14.5, 1.0, 15.0, 1.5 ] },
								"up": { "texture": "#vegetable", "uv": [ 14.0, 5.0, 14.5, 5.5 ] },
								"down": { "texture": "#vegetable", "uv": [ 6.0, 7.0, 6.5, 7.5 ], "enabled": false }
							}
						},
						{
							"name": "voxel77",
							"from": [ 2.5, -0.6, 0.5 ], 
							"to": [ 3.0, -0.1, 1.0 ], 
							"rotationOrigin": [ 0.5, 0.0, 1.5 ],
							"faces": {
								"north": { "texture": "#vegetable", "uv": [ 13.0, 4.0, 13.5, 4.5 ] },
								"east": { "texture": "#vegetable", "uv": [ 10.0, 1.0, 10.5, 1.5 ] },
								"south": { "texture": "#vegetable", "uv": [ 11.0, 2.0, 11.5, 2.5 ] },
								"west": { "texture": "#vegetable", "uv": [ 12.0, 3.0, 12.5, 3.5 ] },
								"up": { "texture": "#vegetable", "uv": [ 13.5, 4.5, 14.0, 5.0 ] },
								"down": { "texture": "#vegetable", "uv": [ 6.0, 7.0, 6.5, 7.5 ], "enabled": false }
							}
						},
						{
							"name": "voxel78",
							"from": [ 3.0, -0.6, 3.0 ], 
							"to": [ 3.5, -0.1, 3.5 ], 
							"rotationOrigin": [ 0.5, 0.0, 1.5 ],
							"faces": {
								"north": { "texture": "#vegetable", "uv": [ 10.5, 3.5, 11.0, 4.0 ] },
								"east": { "texture": "#vegetable", "uv": [ 11.0, 6.0, 11.5, 6.5 ] },
								"south": { "texture": "#vegetable", "uv": [ 15.0, 3.0, 15.5, 3.5 ] },
								"west": { "texture": "#vegetable", "uv": [ 9.0, 0.5, 9.5, 1.0 ] },
								"up": { "texture": "#vegetable", "uv": [ 13.0, 6.0, 13.5, 6.5 ] },
								"down": { "texture": "#vegetable", "uv": [ 6.0, 7.0, 6.5, 7.5 ], "enabled": false }
							}
						},
						{
							"name": "voxel79",
							"from": [ 3.4, -0.6, 1.6 ], 
							"to": [ 3.9, -0.1, 2.1 ], 
							"rotationOrigin": [ 0.5, 0.0, 1.4 ],
							"faces": {
								"north": { "texture": "#vegetable", "uv": [ 15.0, 7.5, 15.5, 8.0 ] },
								"east": { "texture": "#vegetable", "uv": [ 13.5, 4.5, 14.0, 5.0 ] },
								"south": { "texture": "#vegetable", "uv": [ 12.0, 0.5, 12.5, 1.0 ] },
								"west": { "texture": "#vegetable", "uv": [ 14.5, 4.5, 15.0, 5.0 ] },
								"up": { "texture": "#vegetable", "uv": [ 9.5, 3.0, 10.0, 3.5 ] },
								"down": { "texture": "#vegetable", "uv": [ 6.0, 7.0, 6.5, 7.5 ], "enabled": false }
							}
						}
					]
				},
				{
					"name": "egg",
					"from": [ 0.0, -0.2, 0.0 ], 
					"to": [ 0.0, -0.2, 0.0 ], 
					"renderInEditor": false,
					"faces": {
						"north": { "texture": "#null", "uv": [ 0.0, 0.0, 0.0, 0.0 ], "enabled": false },
						"east": { "texture": "#null", "uv": [ 0.0, 0.0, 0.0, 0.0 ], "enabled": false },
						"south": { "texture": "#null", "uv": [ 0.0, 0.0, 0.0, 0.0 ], "enabled": false },
						"west": { "texture": "#null", "uv": [ 0.0, 0.0, 0.0, 0.0 ], "enabled": false },
						"up": { "texture": "#null", "uv": [ 0.0, 0.0, 0.0, 0.0 ], "enabled": false },
						"down": { "texture": "#null", "uv": [ 0.0, 0.0, 0.0, 0.0 ], "enabled": false }
					},
					"children": [
						{
							"name": "yolk",
							"from": [ 2.0, 2.7, 2.0 ], 
							"to": [ 3.0, 3.2, 3.0 ], 
							"faces": {
								"north": { "texture": "#egg", "uv": [ 12.0, 14.0, 13.0, 14.5 ] },
								"east": { "texture": "#egg", "uv": [ 13.0, 14.0, 14.0, 14.5 ] },
								"south": { "texture": "#egg", "uv": [ 14.0, 14.0, 15.0, 14.5 ] },
								"west": { "texture": "#egg", "uv": [ 13.0, 14.0, 14.0, 14.5 ] },
								"up": { "texture": "#egg", "uv": [ 13.0, 13.0, 14.0, 14.0 ] },
								"down": { "texture": "#egg", "uv": [ 13.0, 14.0, 14.0, 15.0 ], "enabled": false }
							}
						},
						{
							"name": "eggwhite",
							"from": [ 1.3, 2.5, 1.3 ], 
							"to": [ 3.3, 3.0, 3.3 ], 
							"rotationOrigin": [ -0.2, 0.0, 0.0 ],
							"faces": {
								"north": { "texture": "#egg", "uv": [ 13.0, 11.0, 15.0, 11.5 ] },
								"east": { "texture": "#egg", "uv": [ 13.0, 11.0, 15.0, 11.5 ] },
								"south": { "texture": "#egg", "uv": [ 10.0, 13.0, 12.0, 13.5 ] },
								"west": { "texture": "#egg", "uv": [ 13.0, 15.0, 15.0, 15.5 ] },
								"up": { "texture": "#egg", "uv": [ 13.0, 9.0, 15.0, 11.0 ] },
								"down": { "texture": "#egg", "uv": [ 13.0, 14.0, 15.0, 16.0 ], "enabled": false }
							}
						}
					]
				},
				{
					"name": "red meat",
					"from": [ 2.8, 2.0, 0.1 ], 
					"to": [ 3.3, 3.0, 0.6 ], 
					"renderInEditor": false,
					"rotationOrigin": [ 2.9, 2.4, 0.3 ],
					"rotationY": 22.5,
					"rotationZ": -45.0,
					"faces": {
						"north": { "texture": "#meat", "uv": [ 5.0, 5.0, 5.5, 6.0 ] },
						"east": { "texture": "#meat", "uv": [ 5.0, 5.0, 5.5, 6.0 ] },
						"south": { "texture": "#meat", "uv": [ 5.0, 5.0, 5.5, 6.0 ] },
						"west": { "texture": "#meat", "uv": [ 5.0, 5.0, 5.5, 6.0 ] },
						"up": { "texture": "#meat", "uv": [ 5.0, 6.0, 5.5, 6.5 ] },
						"down": { "texture": "#meat", "uv": [ 6.0, 7.0, 6.5, 7.5 ] }
					},
					"children": [
						{
							"name": "meat 50",
							"from": [ 0.0, -0.5, 0.5 ], 
							"to": [ 0.5, 2.0, 1.0 ], 
							"faces": {
								"north": { "texture": "#meat", "uv": [ 6.0, 7.0, 6.5, 9.5 ] },
								"east": { "texture": "#meat", "uv": [ 8.0, 6.0, 8.5, 8.5 ] },
								"south": { "texture": "#meat", "uv": [ 6.0, 8.0, 6.5, 10.5 ] },
								"west": { "texture": "#meat", "uv": [ 7.0, 6.0, 7.5, 8.5 ] },
								"up": { "texture": "#meat", "uv": [ 8.0, 7.0, 8.5, 7.5 ] },
								"down": { "texture": "#meat", "uv": [ 7.0, 7.0, 7.5, 7.5 ], "enabled": false }
							}
						},
						{
							"name": "meat 51",
							"from": [ 0.0, -0.5, -0.5 ], 
							"to": [ 0.5, 1.5, 0.0 ], 
							"faces": {
								"north": { "texture": "#meat", "uv": [ 9.0, 9.0, 9.5, 11.0 ] },
								"east": { "texture": "#meat", "uv": [ 9.0, 9.0, 9.5, 11.0 ] },
								"south": { "texture": "#meat", "uv": [ 9.0, 8.0, 9.5, 10.0 ] },
								"west": { "texture": "#meat", "uv": [ 8.0, 6.0, 8.5, 8.0 ] },
								"up": { "texture": "#meat", "uv": [ 8.0, 6.0, 8.5, 6.5 ] },
								"down": { "texture": "#meat", "uv": [ 10.0, 9.0, 10.5, 9.5 ], "enabled": false }
							}
						},
						{
							"name": "meat 52",
							"from": [ -0.5, -0.3, 0.0 ], 
							"to": [ 0.0, 1.2, 0.5 ], 
							"faces": {
								"north": { "texture": "#meat", "uv": [ 8.0, 9.0, 8.5, 10.5 ] },
								"east": { "texture": "#meat", "uv": [ 9.0, 8.0, 9.5, 9.5 ] },
								"south": { "texture": "#meat", "uv": [ 7.0, 9.0, 7.5, 10.5 ] },
								"west": { "texture": "#meat", "uv": [ 5.5, 7.5, 6.0, 9.0 ] },
								"up": { "texture": "#meat", "uv": [ 8.0, 8.0, 8.5, 8.5 ] },
								"down": { "texture": "#meat", "uv": [ 10.0, 9.0, 10.5, 9.5 ], "enabled": false }
							}
						},
						{
							"name": "meat 53",
							"from": [ 0.0, -0.5, 1.0 ], 
							"to": [ 0.5, 1.5, 1.5 ], 
							"faces": {
								"north": { "texture": "#meat", "uv": [ 8.0, 9.0, 8.5, 11.0 ], "enabled": false },
								"east": { "texture": "#meat", "uv": [ 8.0, 9.0, 8.5, 11.0 ] },
								"south": { "texture": "#meat", "uv": [ 8.5, 7.0, 9.0, 9.0 ] },
								"west": { "texture": "#meat", "uv": [ 10.0, 8.0, 10.5, 10.0 ] },
								"up": { "texture": "#meat", "uv": [ 9.5, 8.0, 10.0, 8.5 ] },
								"down": { "texture": "#meat", "uv": [ 9.0, 9.5, 9.5, 10.0 ], "enabled": false }
							}
						},
						{
							"name": "meat 54",
							"from": [ -0.5, -0.3, 0.5 ], 
							"to": [ 0.0, 0.7, 1.0 ], 
							"faces": {
								"north": { "texture": "#meat", "uv": [ 7.0, 9.0, 7.5, 10.0 ], "enabled": false },
								"east": { "texture": "#meat", "uv": [ 8.0, 7.0, 8.5, 8.0 ], "enabled": false },
								"south": { "texture": "#meat", "uv": [ 7.0, 10.0, 7.5, 11.0 ] },
								"west": { "texture": "#meat", "uv": [ 7.0, 8.0, 7.5, 9.0 ] },
								"up": { "texture": "#meat", "uv": [ 8.0, 6.0, 8.5, 6.5 ] },
								"down": { "texture": "#meat", "uv": [ 10.0, 9.0, 10.5, 9.5 ], "enabled": false }
							}
						},
						{
							"name": "meat 55",
							"from": [ -0.5, -0.5, -1.0 ], 
							"to": [ 0.0, 1.0, 0.0 ], 
							"rotationOrigin": [ -1.5, 0.0, -1.0 ],
							"faces": {
								"north": { "texture": "#meat", "uv": [ 7.0, 9.0, 7.5, 10.5 ] },
								"east": { "texture": "#meat", "uv": [ 7.0, 7.0, 8.0, 8.5 ] },
								"south": { "texture": "#meat", "uv": [ 7.0, 9.5, 7.5, 11.0 ], "enabled": false },
								"west": { "texture": "#meat", "uv": [ 7.0, 6.5, 8.0, 8.0 ] },
								"up": { "texture": "#meat", "uv": [ 8.0, 7.0, 8.5, 8.0 ] },
								"down": { "texture": "#meat", "uv": [ 10.0, 9.0, 10.5, 10.0 ], "enabled": false }
							}
						},
						{
							"name": "reserve",
							"from": [ -1.0, -1.2, -0.5 ], 
							"to": [ -0.5, 0.3, 0.5 ], 
							"rotationOrigin": [ -1.5, 0.3, -1.0 ],
							"faces": {
								"north": { "texture": "#meat", "uv": [ 7.0, 9.0, 7.5, 10.5 ] },
								"east": { "texture": "#meat", "uv": [ 7.0, 7.0, 8.0, 8.5 ] },
								"south": { "texture": "#meat", "uv": [ 7.0, 9.5, 7.5, 11.0 ] },
								"west": { "texture": "#meat", "uv": [ 7.0, 6.5, 8.0, 8.0 ] },
								"up": { "texture": "#meat", "uv": [ 6.5, 6.0, 7.0, 7.0 ] },
								"down": { "texture": "#meat", "uv": [ 10.0, 9.0, 10.5, 10.0 ], "enabled": false }
							}
						}
					]
				},
				{
					"name": "poultry",
					"from": [ 1.7, 2.6, 1.6 ], 
					"to": [ 2.2, 5.1, 2.1 ], 
					"renderInEditor": false,
					"rotationOrigin": [ 1.8, 1.0, 1.8 ],
					"rotationY": -135.0,
					"rotationZ": 45.0,
					"faces": {
						"north": { "texture": "#meat", "uv": [ 5.0, 5.0, 5.5, 7.5 ] },
						"east": { "texture": "#meat", "uv": [ 5.0, 5.0, 5.5, 7.5 ] },
						"south": { "texture": "#meat", "uv": [ 5.0, 5.0, 5.5, 7.5 ] },
						"west": { "texture": "#meat", "uv": [ 5.0, 5.0, 5.5, 7.5 ] },
						"up": { "texture": "#meat", "uv": [ 5.0, 6.0, 5.5, 6.5 ] },
						"down": { "texture": "#meat", "uv": [ 6.0, 7.0, 6.5, 7.5 ], "enabled": false }
					},
					"children": [
						{
							"name": "meat 1",
							"from": [ 0.0, -0.5, 0.5 ], 
							"to": [ 0.5, 2.0, 1.0 ], 
							"faces": {
								"north": { "texture": "#meat", "uv": [ 6.0, 7.0, 6.5, 9.5 ], "enabled": false },
								"east": { "texture": "#meat", "uv": [ 8.0, 6.0, 8.5, 8.5 ] },
								"south": { "texture": "#meat", "uv": [ 6.0, 8.0, 6.5, 10.5 ] },
								"west": { "texture": "#meat", "uv": [ 7.0, 6.0, 7.5, 8.5 ] },
								"up": { "texture": "#meat", "uv": [ 8.0, 7.0, 8.5, 7.5 ] },
								"down": { "texture": "#meat", "uv": [ 7.0, 7.0, 7.5, 7.5 ], "enabled": false }
							}
						},
						{
							"name": "meat 2",
							"from": [ 0.0, -0.5, -0.5 ], 
							"to": [ 0.5, 1.5, 0.0 ], 
							"faces": {
								"north": { "texture": "#meat", "uv": [ 9.0, 9.0, 9.5, 11.0 ] },
								"east": { "texture": "#meat", "uv": [ 9.0, 9.0, 9.5, 11.0 ] },
								"south": { "texture": "#meat", "uv": [ 9.0, 8.0, 9.5, 10.0 ], "enabled": false },
								"west": { "texture": "#meat", "uv": [ 8.0, 6.0, 8.5, 8.0 ] },
								"up": { "texture": "#meat", "uv": [ 8.0, 6.0, 8.5, 6.5 ] },
								"down": { "texture": "#meat", "uv": [ 10.0, 9.0, 10.5, 9.5 ], "enabled": false }
							}
						},
						{
							"name": "meat 3",
							"from": [ -0.5, -0.3, 0.0 ], 
							"to": [ 0.0, 1.2, 0.5 ], 
							"faces": {
								"north": { "texture": "#meat", "uv": [ 8.0, 9.0, 8.5, 10.5 ] },
								"east": { "texture": "#meat", "uv": [ 9.0, 8.0, 9.5, 9.5 ], "enabled": false },
								"south": { "texture": "#meat", "uv": [ 7.0, 9.0, 7.5, 10.5 ], "enabled": false },
								"west": { "texture": "#meat", "uv": [ 8.0, 9.0, 8.5, 10.5 ] },
								"up": { "texture": "#meat", "uv": [ 8.0, 8.0, 8.5, 8.5 ] },
								"down": { "texture": "#meat", "uv": [ 10.0, 9.0, 10.5, 9.5 ], "enabled": false }
							}
						},
						{
							"name": "meat 4",
							"from": [ 0.0, -0.5, 1.0 ], 
							"to": [ 0.5, 1.0, 1.5 ], 
							"faces": {
								"north": { "texture": "#meat", "uv": [ 8.0, 9.0, 8.5, 10.5 ], "enabled": false },
								"east": { "texture": "#meat", "uv": [ 8.0, 9.0, 8.5, 10.5 ] },
								"south": { "texture": "#meat", "uv": [ 7.0, 8.0, 7.5, 9.5 ] },
								"west": { "texture": "#meat", "uv": [ 7.0, 5.0, 7.5, 6.5 ] },
								"up": { "texture": "#meat", "uv": [ 10.0, 9.0, 10.5, 9.5 ] },
								"down": { "texture": "#meat", "uv": [ 10.0, 9.0, 10.5, 9.5 ], "enabled": false }
							}
						},
						{
							"name": "meat 5",
							"from": [ -0.5, -0.3, 0.5 ], 
							"to": [ 0.0, 1.2, 1.0 ], 
							"faces": {
								"north": { "texture": "#meat", "uv": [ 7.0, 9.0, 7.5, 10.5 ], "enabled": false },
								"east": { "texture": "#meat", "uv": [ 8.0, 7.0, 8.5, 8.5 ], "enabled": false },
								"south": { "texture": "#meat", "uv": [ 7.0, 9.5, 7.5, 11.0 ] },
								"west": { "texture": "#meat", "uv": [ 7.0, 8.0, 7.5, 9.5 ] },
								"up": { "texture": "#meat", "uv": [ 8.0, 6.0, 8.5, 6.5 ] },
								"down": { "texture": "#meat", "uv": [ 10.0, 9.0, 10.5, 9.5 ], "enabled": false }
							}
						},
						{
							"name": "meat 6",
							"from": [ 0.5, -0.5, 0.0 ], 
							"to": [ 1.0, 1.0, 1.0 ], 
							"faces": {
								"north": { "texture": "#meat", "uv": [ 7.0, 9.0, 7.5, 10.5 ] },
								"east": { "texture": "#meat", "uv": [ 8.0, 9.0, 9.0, 10.5 ] },
								"south": { "texture": "#meat", "uv": [ 7.0, 9.5, 7.5, 11.0 ] },
								"west": { "texture": "#meat", "uv": [ 6.0, 8.0, 7.0, 9.5 ] },
								"up": { "texture": "#meat", "uv": [ 8.0, 7.0, 8.5, 8.0 ] },
								"down": { "texture": "#meat", "uv": [ 10.0, 9.0, 10.5, 10.0 ], "enabled": false }
							}
						}
					]
				},
				{
					"name": "egg2",
					"from": [ -1.5, -0.1, -1.0 ], 
					"to": [ -1.5, -0.1, -1.0 ], 
					"renderInEditor": false,
					"rotationOrigin": [ -1.5, 0.0, -1.0 ],
					"faces": {
						"north": { "texture": "#null", "uv": [ 0.0, 0.0, 0.0, 0.0 ], "enabled": false },
						"east": { "texture": "#null", "uv": [ 0.0, 0.0, 0.0, 0.0 ], "enabled": false },
						"south": { "texture": "#null", "uv": [ 0.0, 0.0, 0.0, 0.0 ], "enabled": false },
						"west": { "texture": "#null", "uv": [ 0.0, 0.0, 0.0, 0.0 ], "enabled": false },
						"up": { "texture": "#null", "uv": [ 0.0, 0.0, 0.0, 0.0 ], "enabled": false },
						"down": { "texture": "#null", "uv": [ 0.0, 0.0, 0.0, 0.0 ], "enabled": false }
					},
					"children": [
						{
							"name": "yolk62",
							"from": [ 1.7, 2.7, 1.7 ], 
							"to": [ 2.7, 3.2, 2.7 ], 
							"rotationOrigin": [ -0.3, 0.0, -0.3 ],
							"faces": {
								"north": { "texture": "#egg", "uv": [ 12.0, 14.0, 13.0, 14.5 ] },
								"east": { "texture": "#egg", "uv": [ 13.0, 14.0, 14.0, 14.5 ] },
								"south": { "texture": "#egg", "uv": [ 14.0, 14.0, 15.0, 14.5 ] },
								"west": { "texture": "#egg", "uv": [ 13.0, 14.0, 14.0, 14.5 ] },
								"up": { "texture": "#egg", "uv": [ 13.0, 13.0, 14.0, 14.0 ] },
								"down": { "texture": "#egg", "uv": [ 13.0, 14.0, 14.0, 15.0 ], "enabled": false }
							}
						},
						{
							"name": "eggwhite63",
							"from": [ 1.3, 2.4, 1.3 ], 
							"to": [ 3.3, 3.0, 3.3 ], 
							"rotationOrigin": [ -0.2, 0.0, 0.0 ],
							"faces": {
								"north": { "texture": "#egg", "uv": [ 13.0, 11.0, 15.0, 11.5 ] },
								"east": { "texture": "#egg", "uv": [ 13.0, 11.0, 15.0, 11.5 ] },
								"south": { "texture": "#egg", "uv": [ 10.0, 13.0, 12.0, 13.5 ] },
								"west": { "texture": "#egg", "uv": [ 13.0, 15.0, 15.0, 15.5 ] },
								"up": { "texture": "#egg", "uv": [ 13.0, 9.0, 15.0, 11.0 ] },
								"down": { "texture": "#egg", "uv": [ 13.0, 14.0, 15.0, 16.0 ], "enabled": false }
							}
						}
					]
				},
				{
					"name": "red meat 2",
					"from": [ -0.2, 2.0, 2.1 ], 
					"to": [ 0.3, 3.0, 2.6 ], 
					"renderInEditor": false,
					"rotationOrigin": [ -0.1, 2.4, 2.3 ],
					"rotationY": -157.5,
					"rotationZ": -45.0,
					"faces": {
						"north": { "texture": "#meat", "uv": [ 5.0, 5.0, 5.5, 6.0 ] },
						"east": { "texture": "#meat", "uv": [ 5.0, 5.0, 5.5, 6.0 ] },
						"south": { "texture": "#meat", "uv": [ 5.0, 5.0, 5.5, 6.0 ] },
						"west": { "texture": "#meat", "uv": [ 5.0, 5.0, 5.5, 6.0 ] },
						"up": { "texture": "#meat", "uv": [ 5.0, 6.0, 5.5, 6.5 ] },
						"down": { "texture": "#meat", "uv": [ 6.0, 7.0, 6.5, 7.5 ] }
					},
					"children": [
						{
							"name": "meat 62",
							"from": [ 0.0, -0.5, 0.5 ], 
							"to": [ 0.5, 2.0, 1.0 ], 
							"faces": {
								"north": { "texture": "#meat", "uv": [ 6.0, 7.0, 6.5, 9.5 ] },
								"east": { "texture": "#meat", "uv": [ 8.0, 6.0, 8.5, 8.5 ] },
								"south": { "texture": "#meat", "uv": [ 6.0, 8.0, 6.5, 10.5 ] },
								"west": { "texture": "#meat", "uv": [ 7.0, 6.0, 7.5, 8.5 ] },
								"up": { "texture": "#meat", "uv": [ 8.0, 7.0, 8.5, 7.5 ] },
								"down": { "texture": "#meat", "uv": [ 7.0, 7.0, 7.5, 7.5 ], "enabled": false }
							}
						},
						{
							"name": "meat 63",
							"from": [ 0.0, -0.5, -0.5 ], 
							"to": [ 0.5, 1.5, 0.0 ], 
							"faces": {
								"north": { "texture": "#meat", "uv": [ 9.0, 9.0, 9.5, 11.0 ] },
								"east": { "texture": "#meat", "uv": [ 9.0, 9.0, 9.5, 11.0 ] },
								"south": { "texture": "#meat", "uv": [ 9.0, 8.0, 9.5, 10.0 ] },
								"west": { "texture": "#meat", "uv": [ 8.0, 6.0, 8.5, 8.0 ] },
								"up": { "texture": "#meat", "uv": [ 8.0, 6.0, 8.5, 6.5 ] },
								"down": { "texture": "#meat", "uv": [ 10.0, 9.0, 10.5, 9.5 ], "enabled": false }
							}
						},
						{
							"name": "meat 64",
							"from": [ -0.5, -0.3, 0.0 ], 
							"to": [ 0.0, 1.2, 0.5 ], 
							"faces": {
								"north": { "texture": "#meat", "uv": [ 8.0, 9.0, 8.5, 10.5 ] },
								"east": { "texture": "#meat", "uv": [ 9.0, 8.0, 9.5, 9.5 ] },
								"south": { "texture": "#meat", "uv": [ 7.0, 9.0, 7.5, 10.5 ] },
								"west": { "texture": "#meat", "uv": [ 5.5, 7.5, 6.0, 9.0 ] },
								"up": { "texture": "#meat", "uv": [ 8.0, 8.0, 8.5, 8.5 ] },
								"down": { "texture": "#meat", "uv": [ 10.0, 9.0, 10.5, 9.5 ], "enabled": false }
							}
						},
						{
							"name": "meat 65",
							"from": [ 0.0, -0.5, 1.0 ], 
							"to": [ 0.5, 1.5, 1.5 ], 
							"faces": {
								"north": { "texture": "#meat", "uv": [ 8.0, 9.0, 8.5, 11.0 ], "enabled": false },
								"east": { "texture": "#meat", "uv": [ 8.0, 9.0, 8.5, 11.0 ] },
								"south": { "texture": "#meat", "uv": [ 8.5, 7.0, 9.0, 9.0 ] },
								"west": { "texture": "#meat", "uv": [ 10.0, 8.0, 10.5, 10.0 ] },
								"up": { "texture": "#meat", "uv": [ 9.5, 8.0, 10.0, 8.5 ] },
								"down": { "texture": "#meat", "uv": [ 9.0, 9.5, 9.5, 10.0 ], "enabled": false }
							}
						},
						{
							"name": "meat 66",
							"from": [ -0.5, -0.3, 0.5 ], 
							"to": [ 0.0, 0.7, 1.0 ], 
							"faces": {
								"north": { "texture": "#meat", "uv": [ 7.0, 9.0, 7.5, 10.0 ], "enabled": false },
								"east": { "texture": "#meat", "uv": [ 8.0, 7.0, 8.5, 8.0 ], "enabled": false },
								"south": { "texture": "#meat", "uv": [ 7.0, 10.0, 7.5, 11.0 ] },
								"west": { "texture": "#meat", "uv": [ 7.0, 8.0, 7.5, 9.0 ] },
								"up": { "texture": "#meat", "uv": [ 8.0, 6.0, 8.5, 6.5 ] },
								"down": { "texture": "#meat", "uv": [ 10.0, 9.0, 10.5, 9.5 ], "enabled": false }
							}
						},
						{
							"name": "meat 67",
							"from": [ -0.5, -0.5, -1.0 ], 
							"to": [ 0.0, 1.0, 0.0 ], 
							"rotationOrigin": [ -1.5, 0.0, -1.0 ],
							"faces": {
								"north": { "texture": "#meat", "uv": [ 7.0, 9.0, 7.5, 10.5 ] },
								"east": { "texture": "#meat", "uv": [ 7.0, 7.0, 8.0, 8.5 ] },
								"south": { "texture": "#meat", "uv": [ 7.0, 9.5, 7.5, 11.0 ], "enabled": false },
								"west": { "texture": "#meat", "uv": [ 7.0, 6.5, 8.0, 8.0 ] },
								"up": { "texture": "#meat", "uv": [ 8.0, 7.0, 8.5, 8.0 ] },
								"down": { "texture": "#meat", "uv": [ 10.0, 9.0, 10.5, 10.0 ], "enabled": false }
							}
						},
						{
							"name": "reserve68",
							"from": [ -1.0, -1.2, -0.5 ], 
							"to": [ -0.5, 0.3, 0.5 ], 
							"rotationOrigin": [ -1.5, 0.3, -1.0 ],
							"faces": {
								"north": { "texture": "#meat", "uv": [ 7.0, 9.0, 7.5, 10.5 ] },
								"east": { "texture": "#meat", "uv": [ 7.0, 7.0, 8.0, 8.5 ] },
								"south": { "texture": "#meat", "uv": [ 7.0, 9.5, 7.5, 11.0 ] },
								"west": { "texture": "#meat", "uv": [ 7.0, 6.5, 8.0, 8.0 ] },
								"up": { "texture": "#meat", "uv": [ 6.5, 6.0, 7.0, 7.0 ] },
								"down": { "texture": "#meat", "uv": [ 10.0, 9.0, 10.5, 10.0 ], "enabled": false }
							}
						}
					]
				},
				{
					"name": "poultry 2",
					"from": [ 1.7, 2.6, 1.6 ], 
					"to": [ 2.2, 5.1, 2.1 ], 
					"renderInEditor": false,
					"rotationOrigin": [ 1.8, 1.0, 1.8 ],
					"rotationY": 22.5,
					"rotationZ": 45.0,
					"faces": {
						"north": { "texture": "#meat", "uv": [ 5.0, 5.0, 5.5, 7.5 ] },
						"east": { "texture": "#meat", "uv": [ 5.0, 5.0, 5.5, 7.5 ] },
						"south": { "texture": "#meat", "uv": [ 5.0, 5.0, 5.5, 7.5 ] },
						"west": { "texture": "#meat", "uv": [ 5.0, 5.0, 5.5, 7.5 ] },
						"up": { "texture": "#meat", "uv": [ 5.0, 6.0, 5.5, 6.5 ] },
						"down": { "texture": "#meat", "uv": [ 6.0, 7.0, 6.5, 7.5 ], "enabled": false }
					},
					"children": [
						{
							"name": "meat 70",
							"from": [ 0.0, -0.5, 0.5 ], 
							"to": [ 0.5, 2.0, 1.0 ], 
							"faces": {
								"north": { "texture": "#meat", "uv": [ 6.0, 7.0, 6.5, 9.5 ], "enabled": false },
								"east": { "texture": "#meat", "uv": [ 8.0, 6.0, 8.5, 8.5 ] },
								"south": { "texture": "#meat", "uv": [ 6.0, 8.0, 6.5, 10.5 ] },
								"west": { "texture": "#meat", "uv": [ 7.0, 6.0, 7.5, 8.5 ] },
								"up": { "texture": "#meat", "uv": [ 8.0, 7.0, 8.5, 7.5 ] },
								"down": { "texture": "#meat", "uv": [ 7.0, 7.0, 7.5, 7.5 ], "enabled": false }
							}
						},
						{
							"name": "meat 71",
							"from": [ 0.0, -0.5, -0.5 ], 
							"to": [ 0.5, 1.5, 0.0 ], 
							"faces": {
								"north": { "texture": "#meat", "uv": [ 9.0, 9.0, 9.5, 11.0 ] },
								"east": { "texture": "#meat", "uv": [ 9.0, 9.0, 9.5, 11.0 ] },
								"south": { "texture": "#meat", "uv": [ 9.0, 8.0, 9.5, 10.0 ], "enabled": false },
								"west": { "texture": "#meat", "uv": [ 8.0, 6.0, 8.5, 8.0 ] },
								"up": { "texture": "#meat", "uv": [ 8.0, 6.0, 8.5, 6.5 ] },
								"down": { "texture": "#meat", "uv": [ 10.0, 9.0, 10.5, 9.5 ], "enabled": false }
							}
						},
						{
							"name": "meat 72",
							"from": [ -0.5, -0.3, 0.0 ], 
							"to": [ 0.0, 1.2, 0.5 ], 
							"faces": {
								"north": { "texture": "#meat", "uv": [ 8.0, 9.0, 8.5, 10.5 ] },
								"east": { "texture": "#meat", "uv": [ 9.0, 8.0, 9.5, 9.5 ], "enabled": false },
								"south": { "texture": "#meat", "uv": [ 7.0, 9.0, 7.5, 10.5 ], "enabled": false },
								"west": { "texture": "#meat", "uv": [ 8.0, 9.0, 8.5, 10.5 ] },
								"up": { "texture": "#meat", "uv": [ 8.0, 8.0, 8.5, 8.5 ] },
								"down": { "texture": "#meat", "uv": [ 10.0, 9.0, 10.5, 9.5 ], "enabled": false }
							}
						},
						{
							"name": "meat 73",
							"from": [ 0.0, -0.5, 1.0 ], 
							"to": [ 0.5, 1.0, 1.5 ], 
							"faces": {
								"north": { "texture": "#meat", "uv": [ 8.0, 9.0, 8.5, 10.5 ], "enabled": false },
								"east": { "texture": "#meat", "uv": [ 8.0, 9.0, 8.5, 10.5 ] },
								"south": { "texture": "#meat", "uv": [ 7.0, 8.0, 7.5, 9.5 ] },
								"west": { "texture": "#meat", "uv": [ 7.0, 5.0, 7.5, 6.5 ] },
								"up": { "texture": "#meat", "uv": [ 10.0, 9.0, 10.5, 9.5 ] },
								"down": { "texture": "#meat", "uv": [ 10.0, 9.0, 10.5, 9.5 ], "enabled": false }
							}
						},
						{
							"name": "meat 74",
							"from": [ -0.5, -0.3, 0.5 ], 
							"to": [ 0.0, 1.2, 1.0 ], 
							"faces": {
								"north": { "texture": "#meat", "uv": [ 7.0, 9.0, 7.5, 10.5 ], "enabled": false },
								"east": { "texture": "#meat", "uv": [ 8.0, 7.0, 8.5, 8.5 ], "enabled": false },
								"south": { "texture": "#meat", "uv": [ 7.0, 9.5, 7.5, 11.0 ] },
								"west": { "texture": "#meat", "uv": [ 7.0, 8.0, 7.5, 9.5 ] },
								"up": { "texture": "#meat", "uv": [ 8.0, 6.0, 8.5, 6.5 ] },
								"down": { "texture": "#meat", "uv": [ 10.0, 9.0, 10.5, 9.5 ], "enabled": false }
							}
						},
						{
							"name": "meat 75",
							"from": [ 0.5, -0.5, 0.0 ], 
							"to": [ 1.0, 1.0, 1.0 ], 
							"faces": {
								"north": { "texture": "#meat", "uv": [ 7.0, 9.0, 7.5, 10.5 ] },
								"east": { "texture": "#meat", "uv": [ 8.0, 9.0, 9.0, 10.5 ] },
								"south": { "texture": "#meat", "uv": [ 7.0, 9.5, 7.5, 11.0 ] },
								"west": { "texture": "#meat", "uv": [ 6.0, 8.0, 7.0, 9.5 ] },
								"up": { "texture": "#meat", "uv": [ 8.0, 7.0, 8.5, 8.0 ] },
								"down": { "texture": "#meat", "uv": [ 10.0, 9.0, 10.5, 10.0 ], "enabled": false }
							}
						}
					]
				},
				{
					"name": "vegetable 2",
					"from": [ -0.5, 2.8, -1.0 ], 
					"to": [ 3.5, 3.3, 3.0 ], 
					"renderInEditor": false,
					"faces": {
						"north": { "texture": "#vegetable", "uv": [ 10.5, 3.0, 14.5, 3.5 ], "enabled": false },
						"east": { "texture": "#vegetable", "uv": [ 11.5, 1.0, 15.5, 1.5 ], "enabled": false },
						"south": { "texture": "#vegetable", "uv": [ 10.0, 2.0, 14.0, 2.5 ], "enabled": false },
						"west": { "texture": "#vegetable", "uv": [ 11.5, 7.0, 15.5, 7.5 ], "enabled": false },
						"up": { "texture": "#vegetable", "uv": [ 11.0, 1.0, 15.0, 5.0 ], "enabled": false },
						"down": { "texture": "#vegetable", "uv": [ 0.0, 0.0, 4.0, 4.0 ], "enabled": false }
					},
					"children": [
						{
							"name": "voxel28",
							"from": [ 2.1, -0.9, 2.0 ], 
							"to": [ 3.1, 0.1, 3.0 ], 
							"rotationOrigin": [ 0.5, 0.0, 1.5 ],
							"faces": {
								"north": { "texture": "#vegetable", "uv": [ 9.0, 4.0, 10.0, 5.0 ] },
								"east": { "texture": "#vegetable", "uv": [ 14.0, 1.0, 15.0, 2.0 ] },
								"south": { "texture": "#vegetable", "uv": [ 13.5, 1.5, 14.5, 2.5 ] },
								"west": { "texture": "#vegetable", "uv": [ 12.0, 4.5, 13.0, 5.5 ] },
								"up": { "texture": "#vegetable", "uv": [ 12.5, 3.0, 13.5, 4.0 ] },
								"down": { "texture": "#vegetable", "uv": [ 6.0, 7.0, 7.0, 8.0 ], "enabled": false }
							}
						},
						{
							"name": "voxel29",
							"from": [ 2.0, -0.8, 3.4 ], 
							"to": [ 3.0, -0.3, 4.4 ], 
							"rotationOrigin": [ 0.5, 0.0, 1.5 ],
							"faces": {
								"north": { "texture": "#vegetable", "uv": [ 13.5, 2.0, 14.5, 2.5 ] },
								"east": { "texture": "#vegetable", "uv": [ 10.5, 4.0, 11.5, 4.5 ] },
								"south": { "texture": "#vegetable", "uv": [ 11.0, 6.0, 12.0, 6.5 ] },
								"west": { "texture": "#vegetable", "uv": [ 8.5, 3.5, 9.5, 4.0 ] },
								"up": { "texture": "#vegetable", "uv": [ 14.5, 4.0, 15.5, 5.0 ] },
								"down": { "texture": "#vegetable", "uv": [ 6.0, 7.0, 7.0, 8.0 ], "enabled": false }
							}
						},
						{
							"name": "voxel30",
							"from": [ 2.0, -0.4, 3.4 ], 
							"to": [ 2.5, 0.1, 3.9 ], 
							"rotationOrigin": [ 0.4, 0.0, 1.5 ],
							"faces": {
								"north": { "texture": "#vegetable", "uv": [ 11.0, 1.5, 11.5, 2.0 ] },
								"east": { "texture": "#vegetable", "uv": [ 11.5, 5.0, 12.0, 5.5 ] },
								"south": { "texture": "#vegetable", "uv": [ 13.5, 6.5, 14.0, 7.0 ] },
								"west": { "texture": "#vegetable", "uv": [ 14.5, 1.0, 15.0, 1.5 ] },
								"up": { "texture": "#vegetable", "uv": [ 14.0, 5.0, 14.5, 5.5 ] },
								"down": { "texture": "#vegetable", "uv": [ 6.0, 7.0, 6.5, 7.5 ], "enabled": false }
							}
						},
						{
							"name": "voxel31",
							"from": [ 0.1, -0.8, 3.5 ], 
							"to": [ 0.6, -0.3, 4.0 ], 
							"rotationOrigin": [ 0.5, 0.0, 1.5 ],
							"faces": {
								"north": { "texture": "#vegetable", "uv": [ 13.0, 4.0, 13.5, 4.5 ] },
								"east": { "texture": "#vegetable", "uv": [ 10.0, 1.0, 10.5, 1.5 ] },
								"south": { "texture": "#vegetable", "uv": [ 11.0, 2.0, 11.5, 2.5 ] },
								"west": { "texture": "#vegetable", "uv": [ 12.0, 3.0, 12.5, 3.5 ] },
								"up": { "texture": "#vegetable", "uv": [ 12.0, 5.0, 12.5, 5.5 ] },
								"down": { "texture": "#vegetable", "uv": [ 6.0, 7.0, 6.5, 7.5 ], "enabled": false }
							}
						},
						{
							"name": "voxel32",
							"from": [ 0.5, -0.5, 3.1 ], 
							"to": [ 1.0, 0.0, 3.6 ], 
							"rotationOrigin": [ 0.5, 0.0, 1.5 ],
							"faces": {
								"north": { "texture": "#vegetable", "uv": [ 10.5, 3.5, 11.0, 4.0 ] },
								"east": { "texture": "#vegetable", "uv": [ 11.5, 6.0, 12.0, 6.5 ] },
								"south": { "texture": "#vegetable", "uv": [ 15.0, 3.0, 15.5, 3.5 ] },
								"west": { "texture": "#vegetable", "uv": [ 9.0, 0.5, 9.5, 1.0 ] },
								"up": { "texture": "#vegetable", "uv": [ 13.0, 6.0, 13.5, 6.5 ] },
								"down": { "texture": "#vegetable", "uv": [ 6.0, 7.0, 6.5, 7.5 ], "enabled": false }
							}
						}
					]
				},
				{
					"name": "cheese",
					"from": [ -0.5, 1.8, -0.5 ], 
					"to": [ 3.5, 2.3, 3.5 ], 
					"faces": {
						"north": { "texture": "#cheesebase", "uv": [ 4.0, 1.5, 8.0, 2.0 ] },
						"east": { "texture": "#cheesebase", "uv": [ 4.0, 1.5, 8.0, 2.0 ] },
						"south": { "texture": "#cheesebase", "uv": [ 4.0, 2.0, 8.0, 2.5 ] },
						"west": { "texture": "#cheesebase", "uv": [ 4.0, 0.75, 8.0, 1.25 ] },
						"up": { "texture": "#cheesebase", "uv": [ 4.0, 0.5, 8.0, 4.5 ] },
						"down": { "texture": "#cheesebase", "uv": [ 0.0, 0.0, 4.0, 4.0 ], "enabled": false }
					}
				},
				{
					"name": "meatnugget 1",
					"from": [ 0.2, 2.3, -0.1 ], 
					"to": [ 0.8, 2.7, 0.5 ], 
					"rotationOrigin": [ 0.2, 2.3, -0.1 ],
					"faces": {
						"north": { "texture": "#meatnugget", "uv": [ 4.5, 5.0, 5.0, 5.25 ] },
						"east": { "texture": "#meatnugget", "uv": [ 3.25, 3.0, 3.75, 3.25 ] },
						"south": { "texture": "#meatnugget", "uv": [ 3.25, 3.75, 3.75, 4.0 ] },
						"west": { "texture": "#meatnugget", "uv": [ 4.25, 4.25, 4.75, 4.5 ] },
						"up": { "texture": "#meatnugget", "uv": [ 2.5, 4.5, 3.0, 5.0 ] },
						"down": { "texture": "#meatnugget", "uv": [ 4.75, 3.25, 5.25, 3.75 ] }
					},
					"children": [
						{
							"name": "voxel26",
							"from": [ 0.8, 0.0, 0.4 ], 
							"to": [ 1.2, 0.35, 0.8 ], 
							"rotationOrigin": [ 0.8, 0.0, 0.4 ],
							"faces": {
								"north": { "texture": "#meatnugget", "uv": [ 5.0, 3.5, 5.25, 3.75 ] },
								"east": { "texture": "#meatnugget", "uv": [ 3.5, 4.5, 3.75, 4.75 ] },
								"south": { "texture": "#meatnugget", "uv": [ 4.0, 4.75, 4.25, 5.0 ] },
								"west": { "texture": "#meatnugget", "uv": [ 2.75, 3.5, 3.0, 3.75 ] },
								"up": { "texture": "#meatnugget", "uv": [ 4.75, 4.75, 5.0, 5.0 ] },
								"down": { "texture": "#meatnugget", "uv": [ 3.25, 4.0, 3.5, 4.25 ] }
							}
						},
						{
							"name": "voxel25",
							"from": [ 2.1, 0.0, 2.2 ], 
							"to": [ 2.8, 0.5, 2.9 ], 
							"rotationOrigin": [ 2.1, 0.0, 2.2 ],
							"faces": {
								"north": { "texture": "#meatnugget", "uv": [ 4.5, 4.5, 5.0, 5.0 ] },
								"east": { "texture": "#meatnugget", "uv": [ 3.0, 4.5, 3.5, 5.0 ] },
								"south": { "texture": "#meatnugget", "uv": [ 3.0, 3.5, 3.5, 4.0 ] },
								"west": { "texture": "#meatnugget", "uv": [ 4.5, 5.0, 5.0, 5.5 ] },
								"up": { "texture": "#meatnugget", "uv": [ 4.5, 4.5, 5.0, 5.0 ] },
								"down": { "texture": "#meatnugget", "uv": [ 3.5, 3.5, 4.0, 4.0 ] }
							}
						},
						{
							"name": "voxel24",
							"from": [ 2.1, 0.0, 1.7 ], 
							"to": [ 2.5, 0.4, 2.1 ], 
							"rotationOrigin": [ 2.1, 0.0, 1.7 ],
							"faces": {
								"north": { "texture": "#meatnugget", "uv": [ 4.5, 2.75, 4.75, 3.0 ] },
								"east": { "texture": "#meatnugget", "uv": [ 3.0, 3.25, 3.25, 3.5 ] },
								"south": { "texture": "#meatnugget", "uv": [ 4.25, 5.0, 4.5, 5.25 ] },
								"west": { "texture": "#meatnugget", "uv": [ 3.25, 4.0, 3.5, 4.25 ] },
								"up": { "texture": "#meatnugget", "uv": [ 4.75, 4.5, 5.0, 4.75 ] },
								"down": { "texture": "#meatnugget", "uv": [ 2.75, 4.25, 3.0, 4.5 ] }
							}
						},
						{
							"name": "voxel23",
							"from": [ 2.15, 0.0, 1.2 ], 
							"to": [ 2.65, 0.3, 1.7 ], 
							"rotationOrigin": [ 2.2, 0.0, 1.2 ],
							"rotationY": -180.0,
							"faces": {
								"north": { "texture": "#meatnugget", "uv": [ 3.0, 3.5, 3.5, 3.75 ] },
								"east": { "texture": "#meatnugget", "uv": [ 3.25, 4.75, 3.75, 5.0 ] },
								"south": { "texture": "#meatnugget", "uv": [ 3.25, 3.5, 3.75, 3.75 ] },
								"west": { "texture": "#meatnugget", "uv": [ 4.75, 2.75, 5.25, 3.0 ] },
								"up": { "texture": "#meatnugget", "uv": [ 4.0, 4.0, 4.5, 4.5 ] },
								"down": { "texture": "#meatnugget", "uv": [ 2.75, 4.75, 3.25, 5.25 ] }
							}
						}
					]
				},
				{
					"name": "topping",
					"from": [ -0.1, 2.3, -0.1 ], 
					"to": [ 3.1, 2.4, 3.1 ], 
					"renderPass": 3,
					"renderInEditor": false,
					"faces": {
						"north": { "texture": "#topping", "uv": [ 0.0, 0.0, 3.0, 0.0 ] },
						"east": { "texture": "#topping", "uv": [ 0.0, 0.0, 3.0, 0.0 ] },
						"south": { "texture": "#topping", "uv": [ 0.0, 0.0, 3.0, 0.0 ] },
						"west": { "texture": "#topping", "uv": [ 0.0, 0.0, 3.0, 0.0 ] },
						"up": { "texture": "#topping", "uv": [ 0.0, 0.0, 3.0, 3.0 ] },
						"down": { "texture": "#topping", "uv": [ 0.0, 0.0, 3.0, 3.0 ], "enabled": false }
					}
				},
				{
					"name": "fish",
					"from": [ 2.8, 2.0, 0.1 ], 
					"to": [ 3.3, 3.0, 0.6 ], 
					"renderInEditor": false,
					"rotationOrigin": [ 2.9, 2.4, 0.3 ],
					"rotationY": 22.5,
					"rotationZ": -45.0,
					"faces": {
						"north": { "texture": "#normal", "uv": [ 1.75, 1.125, 2.25, 2.125 ] },
						"east": { "texture": "#normal", "uv": [ 2.125, 1.125, 2.625, 2.125 ] },
						"south": { "texture": "#normal", "uv": [ 2.0, 0.875, 2.5, 1.875 ] },
						"west": { "texture": "#normal", "uv": [ 2.0, 0.875, 2.5, 1.875 ] },
						"up": { "texture": "#normal", "uv": [ 2.0, 1.625, 2.5, 2.125 ] },
						"down": { "texture": "#normal", "uv": [ 2.125, 1.5, 2.625, 2.0 ] }
					},
					"children": [
						{
							"name": "meat 76",
							"from": [ 0.0, -0.5, 0.5 ], 
							"to": [ 0.5, 2.0, 1.0 ], 
							"faces": {
								"north": { "texture": "#normal", "uv": [ 2.75, 0.625, 3.25, 3.125 ] },
								"east": { "texture": "#normal", "uv": [ 2.75, 0.875, 3.25, 3.375 ] },
								"south": { "texture": "#normal", "uv": [ 2.75, 0.625, 3.25, 3.125 ] },
								"west": { "texture": "#normal", "uv": [ 2.75, 0.625, 3.25, 3.125 ] },
								"up": { "texture": "#normal", "uv": [ 2.75, 0.25, 3.25, 0.75 ] },
								"down": { "texture": "#normal", "uv": [ 7.0, 7.0, 7.5, 7.5 ], "enabled": false }
							}
						},
						{
							"name": "meat 76",
							"from": [ 0.0, -0.5, -0.5 ], 
							"to": [ 0.5, 1.5, 0.0 ], 
							"faces": {
								"north": { "texture": "#normal", "uv": [ 1.0, 0.875, 1.5, 2.875 ] },
								"east": { "texture": "#normal", "uv": [ 1.25, 0.75, 1.75, 2.75 ] },
								"south": { "texture": "#normal", "uv": [ 1.25, 0.75, 1.75, 2.75 ] },
								"west": { "texture": "#normal", "uv": [ 1.125, 0.625, 1.625, 2.625 ] },
								"up": { "texture": "#normal", "uv": [ 1.25, 0.0, 1.75, 0.5 ] },
								"down": { "texture": "#normal", "uv": [ 10.0, 9.0, 10.5, 9.5 ], "enabled": false }
							}
						},
						{
							"name": "meat 76",
							"from": [ -0.5, -0.3, 0.0 ], 
							"to": [ 0.0, 1.2, 0.5 ], 
							"faces": {
								"north": { "texture": "#normal", "uv": [ 2.0, 1.875, 2.5, 3.375 ] },
								"east": { "texture": "#normal", "uv": [ 2.125, 1.625, 2.625, 3.125 ] },
								"south": { "texture": "#normal", "uv": [ 2.0, 1.125, 2.5, 2.625 ] },
								"west": { "texture": "#normal", "uv": [ 2.0, 1.125, 2.5, 2.625 ] },
								"up": { "texture": "#normal", "uv": [ 2.0, 0.125, 2.5, 0.625 ] },
								"down": { "texture": "#normal", "uv": [ 10.0, 9.0, 10.5, 9.5 ], "enabled": false }
							}
						},
						{
							"name": "meat 77",
							"from": [ 0.0, -0.5, 1.0 ], 
							"to": [ 0.5, 1.5, 1.5 ], 
							"faces": {
								"north": { "texture": "#normal", "uv": [ 8.0, 9.0, 8.5, 11.0 ], "enabled": false },
								"east": { "texture": "#normal", "uv": [ 3.25, 0.5, 3.75, 2.5 ] },
								"south": { "texture": "#normal", "uv": [ 3.5, 0.75, 4.0, 2.75 ] },
								"west": { "texture": "#normal", "uv": [ 3.375, 0.875, 3.875, 2.875 ] },
								"up": { "texture": "#normal", "uv": [ 3.5, 0.125, 4.0, 0.625 ] },
								"down": { "texture": "#normal", "uv": [ 9.0, 9.5, 9.5, 10.0 ], "enabled": false }
							}
						},
						{
							"name": "meat 78",
							"from": [ -0.5, -0.3, 0.5 ], 
							"to": [ 0.0, 0.7, 1.0 ], 
							"faces": {
								"north": { "texture": "#normal", "uv": [ 7.0, 9.0, 7.5, 10.0 ], "enabled": false },
								"east": { "texture": "#normal", "uv": [ 8.0, 7.0, 8.5, 8.0 ], "enabled": false },
								"south": { "texture": "#normal", "uv": [ 2.875, 2.25, 3.375, 3.25 ] },
								"west": { "texture": "#normal", "uv": [ 3.0, 2.125, 3.5, 3.125 ] },
								"up": { "texture": "#normal", "uv": [ 3.0, 2.125, 3.5, 2.625 ] },
								"down": { "texture": "#normal", "uv": [ 10.0, 9.0, 10.5, 9.5 ], "enabled": false }
							}
						},
						{
							"name": "meat 79",
							"from": [ -0.5, -0.5, -1.0 ], 
							"to": [ 0.0, 1.0, 0.0 ], 
							"rotationOrigin": [ -1.5, 0.0, -1.0 ],
							"faces": {
								"north": { "texture": "#normal", "uv": [ 0.75, 0.125, 1.25, 1.625 ] },
								"east": { "texture": "#normal", "uv": [ 0.5, 1.0, 1.5, 2.5 ] },
								"south": { "texture": "#normal", "uv": [ 7.0, 9.5, 7.5, 11.0 ], "enabled": false },
								"west": { "texture": "#normal", "uv": [ 0.625, 1.125, 1.625, 2.625 ] },
								"up": { "texture": "#normal", "uv": [ 0.875, 0.75, 1.375, 1.75 ] },
								"down": { "texture": "#normal", "uv": [ 10.0, 9.0, 10.5, 10.0 ], "enabled": false }
							}
						},
						{
							"name": "reserve80",
							"from": [ -1.0, -1.2, -0.5 ], 
							"to": [ -0.5, 0.3, 0.5 ], 
							"rotationOrigin": [ -1.5, 0.3, -1.0 ],
							"faces": {
								"north": { "texture": "#normal", "uv": [ 1.0, 0.875, 1.5, 2.375 ] },
								"east": { "texture": "#normal", "uv": [ 1.0, 1.75, 2.0, 3.25 ] },
								"south": { "texture": "#normal", "uv": [ 1.25, 1.75, 1.75, 3.25 ] },
								"west": { "texture": "#normal", "uv": [ 1.375, 2.375, 2.375, 3.875 ] },
								"up": { "texture": "#normal", "uv": [ 1.25, 0.375, 1.75, 1.375 ] },
								"down": { "texture": "#normal", "uv": [ 10.0, 9.0, 10.5, 10.0 ], "enabled": false }
							}
						}
					]
				},
				{
					"name": "fish 2",
					"from": [ -0.2, 2.0, 2.1 ], 
					"to": [ 0.3, 3.0, 2.6 ], 
					"renderInEditor": false,
					"rotationOrigin": [ -0.1, 2.4, 2.3 ],
					"rotationY": -157.5,
					"rotationZ": -45.0,
					"faces": {
						"north": { "texture": "#normal", "uv": [ 2.0, 1.125, 2.5, 2.125 ] },
						"east": { "texture": "#normal", "uv": [ 2.0, 1.375, 2.5, 2.375 ] },
						"south": { "texture": "#normal", "uv": [ 1.875, 1.25, 2.375, 2.25 ] },
						"west": { "texture": "#normal", "uv": [ 2.0, 1.125, 2.5, 2.125 ] },
						"up": { "texture": "#normal", "uv": [ 2.0, 1.875, 2.5, 2.375 ] },
						"down": { "texture": "#normal", "uv": [ 2.0, 1.875, 2.5, 2.375 ] }
					},
					"children": [
						{
							"name": "meat 82",
							"from": [ 0.0, -0.5, 0.5 ], 
							"to": [ 0.5, 2.0, 1.0 ], 
							"faces": {
								"north": { "texture": "#normal", "uv": [ 2.875, 0.5, 3.375, 3.0 ] },
								"east": { "texture": "#normal", "uv": [ 2.875, 0.625, 3.375, 3.125 ] },
								"south": { "texture": "#normal", "uv": [ 2.875, 0.5, 3.375, 3.0 ] },
								"west": { "texture": "#normal", "uv": [ 2.75, 0.75, 3.25, 3.25 ] },
								"up": { "texture": "#normal", "uv": [ 2.75, 0.25, 3.25, 0.75 ] },
								"down": { "texture": "#normal", "uv": [ 7.0, 7.0, 7.5, 7.5 ], "enabled": false }
							}
						},
						{
							"name": "meat 83",
							"from": [ 0.0, -0.5, -0.5 ], 
							"to": [ 0.5, 1.5, 0.0 ], 
							"faces": {
								"north": { "texture": "#normal", "uv": [ 1.125, 0.25, 1.625, 2.25 ] },
								"east": { "texture": "#normal", "uv": [ 1.25, 0.25, 1.75, 2.25 ] },
								"south": { "texture": "#normal", "uv": [ 1.25, 0.25, 1.75, 2.25 ] },
								"west": { "texture": "#normal", "uv": [ 1.125, 0.625, 1.625, 2.625 ] },
								"up": { "texture": "#normal", "uv": [ 1.25, 0.0, 1.75, 0.5 ] },
								"down": { "texture": "#normal", "uv": [ 10.0, 9.0, 10.5, 9.5 ], "enabled": false }
							}
						},
						{
							"name": "meat 84",
							"from": [ -0.5, -0.3, 0.0 ], 
							"to": [ 0.0, 1.2, 0.5 ], 
							"faces": {
								"north": { "texture": "#normal", "uv": [ 2.0, 1.375, 2.5, 2.875 ] },
								"east": { "texture": "#normal", "uv": [ 2.125, 1.125, 2.625, 2.625 ] },
								"south": { "texture": "#normal", "uv": [ 2.0, 1.5, 2.5, 3.0 ] },
								"west": { "texture": "#normal", "uv": [ 2.0, 1.625, 2.5, 3.125 ] },
								"up": { "texture": "#normal", "uv": [ 2.125, 0.375, 2.625, 0.875 ] },
								"down": { "texture": "#normal", "uv": [ 10.0, 9.0, 10.5, 9.5 ], "enabled": false }
							}
						},
						{
							"name": "meat 85",
							"from": [ 0.0, -0.5, 1.0 ], 
							"to": [ 0.5, 1.5, 1.5 ], 
							"faces": {
								"north": { "texture": "#normal", "uv": [ 8.0, 9.0, 8.5, 11.0 ], "enabled": false },
								"east": { "texture": "#normal", "uv": [ 3.5, 1.0, 4.0, 3.0 ] },
								"south": { "texture": "#normal", "uv": [ 3.5, 1.0, 4.0, 3.0 ] },
								"west": { "texture": "#normal", "uv": [ 3.5, 1.125, 4.0, 3.125 ] },
								"up": { "texture": "#normal", "uv": [ 3.5, 0.25, 4.0, 0.75 ] },
								"down": { "texture": "#normal", "uv": [ 9.0, 9.5, 9.5, 10.0 ], "enabled": false }
							}
						},
						{
							"name": "meat 86",
							"from": [ -0.5, -0.3, 0.5 ], 
							"to": [ 0.0, 0.7, 1.0 ], 
							"faces": {
								"north": { "texture": "#normal", "uv": [ 7.0, 9.0, 7.5, 10.0 ], "enabled": false },
								"east": { "texture": "#normal", "uv": [ 8.0, 7.0, 8.5, 8.0 ], "enabled": false },
								"south": { "texture": "#normal", "uv": [ 3.125, 2.0, 3.625, 3.0 ] },
								"west": { "texture": "#normal", "uv": [ 3.125, 1.875, 3.625, 2.875 ] },
								"up": { "texture": "#normal", "uv": [ 3.125, 0.5, 3.625, 1.0 ] },
								"down": { "texture": "#normal", "uv": [ 10.0, 9.0, 10.5, 9.5 ], "enabled": false }
							}
						},
						{
							"name": "meat 87",
							"from": [ -0.5, -0.5, -1.0 ], 
							"to": [ 0.0, 1.0, 0.0 ], 
							"rotationOrigin": [ -1.5, 0.0, -1.0 ],
							"faces": {
								"north": { "texture": "#normal", "uv": [ 0.75, 0.25, 1.25, 1.75 ] },
								"east": { "texture": "#normal", "uv": [ 0.375, 0.875, 1.375, 2.375 ] },
								"south": { "texture": "#normal", "uv": [ 7.0, 9.5, 7.5, 11.0 ], "enabled": false },
								"west": { "texture": "#normal", "uv": [ 0.75, 1.125, 1.75, 2.625 ] },
								"up": { "texture": "#normal", "uv": [ 1.25, 1.125, 1.75, 2.125 ] },
								"down": { "texture": "#normal", "uv": [ 10.0, 9.0, 10.5, 10.0 ], "enabled": false }
							}
						},
						{
							"name": "reserve88",
							"from": [ -1.0, -1.2, -0.5 ], 
							"to": [ -0.5, 0.3, 0.5 ], 
							"rotationOrigin": [ -1.5, 0.3, -1.0 ],
							"faces": {
								"north": { "texture": "#normal", "uv": [ 0.75, 1.0, 1.25, 2.5 ] },
								"east": { "texture": "#normal", "uv": [ 1.0, 1.5, 2.0, 3.0 ] },
								"south": { "texture": "#normal", "uv": [ 2.0, 1.125, 2.5, 2.625 ] },
								"west": { "texture": "#normal", "uv": [ 1.375, 2.5, 2.375, 4.0 ] },
								"up": { "texture": "#normal", "uv": [ 1.875, 1.375, 2.375, 2.375 ] },
								"down": { "texture": "#normal", "uv": [ 10.0, 9.0, 10.5, 10.0 ], "enabled": false }
							}
						}
					]
				},
				{
					"name": "meatnugget 2",
					"from": [ 1.8, 2.3, 3.0 ], 
					"to": [ 2.4, 2.7, 3.6 ], 
					"rotationOrigin": [ 1.8, 2.3, 3.0 ],
					"rotationY": -180.0,
					"faces": {
						"north": { "texture": "#meatnugget", "uv": [ 4.75, 3.0, 5.25, 3.25 ] },
						"east": { "texture": "#meatnugget", "uv": [ 3.0, 3.0, 3.5, 3.25 ] },
						"south": { "texture": "#meatnugget", "uv": [ 2.75, 4.5, 3.25, 4.75 ] },
						"west": { "texture": "#meatnugget", "uv": [ 4.5, 3.0, 5.0, 3.25 ] },
						"up": { "texture": "#meatnugget", "uv": [ 3.0, 3.5, 3.5, 4.0 ] },
						"down": { "texture": "#meatnugget", "uv": [ 4.5, 4.5, 5.0, 5.0 ] }
					},
					"children": [
						{
							"name": "voxel80",
							"from": [ 0.8, 0.0, 0.4 ], 
							"to": [ 1.2, 0.35, 0.8 ], 
							"rotationOrigin": [ 0.8, 0.0, 0.4 ],
							"faces": {
								"north": { "texture": "#meatnugget", "uv": [ 3.25, 4.25, 3.5, 4.5 ] },
								"east": { "texture": "#meatnugget", "uv": [ 4.75, 4.0, 5.0, 4.25 ] },
								"south": { "texture": "#meatnugget", "uv": [ 2.75, 4.5, 3.0, 4.75 ] },
								"west": { "texture": "#meatnugget", "uv": [ 4.75, 4.75, 5.0, 5.0 ] },
								"up": { "texture": "#meatnugget", "uv": [ 4.75, 4.25, 5.0, 4.5 ] },
								"down": { "texture": "#meatnugget", "uv": [ 3.25, 4.75, 3.5, 5.0 ] }
							}
						},
						{
							"name": "voxel80",
							"from": [ -0.4, 0.0, 1.7 ], 
							"to": [ 0.3, 0.5, 2.4 ], 
							"rotationOrigin": [ -0.4, 0.0, 1.7 ],
							"rotationY": 90.0,
							"faces": {
								"north": { "texture": "#meatnugget", "uv": [ 2.75, 3.75, 3.25, 4.25 ] },
								"east": { "texture": "#meatnugget", "uv": [ 4.0, 3.0, 4.5, 3.5 ] },
								"south": { "texture": "#meatnugget", "uv": [ 2.75, 2.75, 3.25, 3.25 ] },
								"west": { "texture": "#meatnugget", "uv": [ 4.5, 3.5, 5.0, 4.0 ] },
								"up": { "texture": "#meatnugget", "uv": [ 3.25, 4.25, 3.75, 4.75 ] },
								"down": { "texture": "#meatnugget", "uv": [ 4.5, 4.25, 5.0, 4.75 ] }
							}
						},
						{
							"name": "voxel80",
							"from": [ 1.1, 0.0, 1.7 ], 
							"to": [ 1.5, 0.4, 2.1 ], 
							"rotationOrigin": [ 1.1, 0.0, 1.7 ],
							"faces": {
								"north": { "texture": "#meatnugget", "uv": [ 4.75, 5.0, 5.0, 5.25 ] },
								"east": { "texture": "#meatnugget", "uv": [ 3.0, 3.25, 3.25, 3.5 ] },
								"south": { "texture": "#meatnugget", "uv": [ 2.75, 4.75, 3.0, 5.0 ] },
								"west": { "texture": "#meatnugget", "uv": [ 5.0, 2.75, 5.25, 3.0 ] },
								"up": { "texture": "#meatnugget", "uv": [ 3.0, 2.75, 3.25, 3.0 ] },
								"down": { "texture": "#meatnugget", "uv": [ 4.5, 4.5, 4.75, 4.75 ] }
							}
						},
						{
							"name": "voxel80",
							"from": [ 1.75, 0.0, 1.2 ], 
							"to": [ 2.25, 0.3, 1.7 ], 
							"rotationOrigin": [ 1.8, 0.0, 1.2 ],
							"rotationY": -180.0,
							"faces": {
								"north": { "texture": "#meatnugget", "uv": [ 4.0, 4.0, 4.5, 4.25 ] },
								"east": { "texture": "#meatnugget", "uv": [ 3.0, 5.0, 3.5, 5.25 ] },
								"south": { "texture": "#meatnugget", "uv": [ 3.0, 3.0, 3.5, 3.25 ] },
								"west": { "texture": "#meatnugget", "uv": [ 4.75, 4.75, 5.25, 5.0 ] },
								"up": { "texture": "#meatnugget", "uv": [ 4.5, 3.75, 5.0, 4.25 ] },
								"down": { "texture": "#meatnugget", "uv": [ 4.25, 4.5, 4.75, 5.0 ] }
							}
						}
					]
				}
			]
		}
	]}