{
	"editor": {
		"allAngles": false,
		"entityTextureMode": false
	},
	"textureWidth": 16,
	"textureHeight": 16,
	"textureSizes": {
		"meatnugget": [4,4],
		"cheesebase": [8,8]
	},
	"textures": {
	},
	"elements": [
		{
			"name": "bowl",
			"from": [ 6.5, 0.5, 6.5 ], 
			"to": [ 9.5, 1.5, 9.5 ], 
			"rotationOrigin": [ 0.0, 0.5, 0.0 ],
			"faces": {
				"north": { "texture": "#ceramic", "uv": [ 0.0, 0.0, 3.0, 1.0 ], "enabled": false },
				"east": { "texture": "#ceramic", "uv": [ 0.0, 0.0, 3.0, 1.0 ], "enabled": false },
				"south": { "texture": "#ceramic", "uv": [ 0.0, 0.0, 3.0, 1.0 ], "enabled": false },
				"west": { "texture": "#ceramic", "uv": [ 0.0, 0.0, 3.0, 1.0 ], "enabled": false },
				"up": { "texture": "#ceramic", "uv": [ 10.0, 2.0, 13.0, 5.0 ], "enabled": false },
				"down": { "texture": "#ceramic", "uv": [ 5.0, 5.0, 8.0, 8.0 ], "enabled": false }
			},
			"children": [
				{
					"name": "vegetable 1",
					"from": [ -0.5, 2.8, -0.5 ], 
					"to": [ 3.5, 3.3, 3.5 ], 
					"renderInEditor": false,
					"faces": {
						"north": { "texture": "#vegetable", "uv": [ 10.5, 3.0, 14.5, 3.5 ], "enabled": false },
						"east": { "texture": "#vegetable", "uv": [ 11.5, 1.0, 15.5, 1.5 ], "enabled": false },
						"south": { "texture": "#vegetable", "uv": [ 10.0, 2.0, 14.0, 2.5 ], "enabled": false },
						"west": { "texture": "#vegetable", "uv": [ 11.5, 7.0, 15.5, 7.5 ], "enabled": false },
						"up": { "texture": "#vegetable", "uv": [ 11.0, 1.0, 15.0, 5.0 ], "enabled": false },
						"down": { "texture": "#vegetable", "uv": [ 0.0, 0.0, 4.0, 4.0 ], "enabled": false }
					},
					"children": [
						{
							"name": "voxel74",
							"from": [ 1.5, -0.6, 1.5 ], 
							"to": [ 2.5, -0.1, 2.5 ], 
							"rotationOrigin": [ 0.5, 0.0, 1.5 ],
							"faces": {
								"north": { "texture": "#vegetable", "uv": [ 9.0, 4.0, 10.0, 4.5 ] },
								"east": { "texture": "#vegetable", "uv": [ 14.0, 1.0, 15.0, 1.5 ] },
								"south": { "texture": "#vegetable", "uv": [ 13.5, 1.5, 14.5, 2.0 ] },
								"west": { "texture": "#vegetable", "uv": [ 12.0, 4.5, 13.0, 5.0 ] },
								"up": { "texture": "#vegetable", "uv": [ 12.5, 3.0, 13.5, 4.0 ] },
								"down": { "texture": "#vegetable", "uv": [ 6.0, 7.0, 7.0, 8.0 ], "enabled": false }
							}
						},
						{
							"name": "voxel75",
							"from": [ 0.9, -0.6, 2.5 ], 
							"to": [ 1.9, -0.1, 3.5 ], 
							"rotationOrigin": [ 0.5, 0.0, 1.5 ],
							"faces": {
								"north": { "texture": "#vegetable", "uv": [ 13.5, 2.0, 14.5, 2.5 ] },
								"east": { "texture": "#vegetable", "uv": [ 10.5, 4.0, 11.5, 4.5 ] },
								"south": { "texture": "#vegetable", "uv": [ 11.0, 6.0, 12.0, 6.5 ] },
								"west": { "texture": "#vegetable", "uv": [ 8.5, 3.5, 9.5, 4.0 ] },
								"up": { "texture": "#vegetable", "uv": [ 14.5, 4.0, 15.5, 5.0 ] },
								"down": { "texture": "#vegetable", "uv": [ 6.0, 7.0, 7.0, 8.0 ], "enabled": false }
							}
						},
						{
							"name": "voxel76",
							"from": [ 0.5, -0.6, 1.0 ], 
							"to": [ 1.0, -0.1, 1.5 ], 
							"rotationOrigin": [ 0.4, 0.0, 1.5 ],
							"faces": {
								"north": { "texture": "#vegetable", "uv": [ 11.0, 1.5, 11.5, 2.0 ] },
								"east": { "texture": "#vegetable", "uv": [ 11.5, 5.0, 12.0, 5.5 ] },
								"south": { "texture": "#vegetable", "uv": [ 13.5, 6.5, 14.0, 7.0 ] },
								"west": { "texture": "#vegetable", "uv": [ 14.5, 1.0, 15.0, 1.5 ] },
								"up": { "texture": "#vegetable", "uv": [ 14.0, 5.0, 14.5, 5.5 ] },
								"down": { "texture": "#vegetable", "uv": [ 6.0, 7.0, 6.5, 7.5 ], "enabled": false }
							}
						},
						{
							"name": "voxel77",
							"from": [ 2.5, -0.6, 0.5 ], 
							"to": [ 3.0, -0.1, 1.0 ], 
							"rotationOrigin": [ 0.5, 0.0, 1.5 ],
							"faces": {
								"north": { "texture": "#vegetable", "uv": [ 13.0, 4.0, 13.5, 4.5 ] },
								"east": { "texture": "#vegetable", "uv": [ 10.0, 1.0, 10.5, 1.5 ] },
								"south": { "texture": "#vegetable", "uv": [ 11.0, 2.0, 11.5, 2.5 ] },
								"west": { "texture": "#vegetable", "uv": [ 12.0, 3.0, 12.5, 3.5 ] },
								"up": { "texture": "#vegetable", "uv": [ 13.5, 4.5, 14.0, 5.0 ] },
								"down": { "texture": "#vegetable", "uv": [ 6.0, 7.0, 6.5, 7.5 ], "enabled": false }
							}
						},
						{
							"name": "voxel78",
							"from": [ 3.0, -0.6, 3.0 ], 
							"to": [ 3.5, -0.1, 3.5 ], 
							"rotationOrigin": [ 0.5, 0.0, 1.5 ],
							"faces": {
								"north": { "texture": "#vegetable", "uv": [ 10.5, 3.5, 11.0, 4.0 ] },
								"east": { "texture": "#vegetable", "uv": [ 11.0, 6.0, 11.5, 6.5 ] },
								"south": { "texture": "#vegetable", "uv": [ 15.0, 3.0, 15.5, 3.5 ] },
								"west": { "texture": "#vegetable", "uv": [ 9.0, 0.5, 9.5, 1.0 ] },
								"up": { "texture": "#vegetable", "uv": [ 13.0, 6.0, 13.5, 6.5 ] },
								"down": { "texture": "#vegetable", "uv": [ 6.0, 7.0, 6.5, 7.5 ], "enabled": false }
							}
						},
						{
							"name": "voxel79",
							"from": [ 3.4, -0.6, 1.6 ], 
							"to": [ 3.9, -0.1, 2.1 ], 
							"rotationOrigin": [ 0.5, 0.0, 1.4 ],
							"faces": {
								"north": { "texture": "#vegetable", "uv": [ 15.0, 7.5, 15.5, 8.0 ] },
								"east": { "texture": "#vegetable", "uv": [ 13.5, 4.5, 14.0, 5.0 ] },
								"south": { "texture": "#vegetable", "uv": [ 12.0, 0.5, 12.5, 1.0 ] },
								"west": { "texture": "#vegetable", "uv": [ 14.5, 4.5, 15.0, 5.0 ] },
								"up": { "texture": "#vegetable", "uv": [ 9.5, 3.0, 10.0, 3.5 ] },
								"down": { "texture": "#vegetable", "uv": [ 6.0, 7.0, 6.5, 7.5 ], "enabled": false }
							}
						}
					]
				},
				{
					"name": "egg",
					"from": [ 0.0, -0.2, 0.0 ], 
					"to": [ 0.0, -0.2, 0.0 ], 
					"renderInEditor": false,
					"faces": {
						"north": { "texture": "#null", "uv": [ 0.0, 0.0, 0.0, 0.0 ], "enabled": false },
						"east": { "texture": "#null", "uv": [ 0.0, 0.0, 0.0, 0.0 ], "enabled": false },
						"south": { "texture": "#null", "uv": [ 0.0, 0.0, 0.0, 0.0 ], "enabled": false },
						"west": { "texture": "#null", "uv": [ 0.0, 0.0, 0.0, 0.0 ], "enabled": false },
						"up": { "texture": "#null", "uv": [ 0.0, 0.0, 0.0, 0.0 ], "enabled": false },
						"down": { "texture": "#null", "uv": [ 0.0, 0.0, 0.0, 0.0 ], "enabled": false }
					},
					"children": [
						{
							"name": "yolk",
							"from": [ 2.0, 2.7, 2.0 ], 
							"to": [ 3.0, 3.2, 3.0 ], 
							"faces": {
								"north": { "texture": "#egg", "uv": [ 12.0, 14.0, 13.0, 14.5 ] },
								"east": { "texture": "#egg", "uv": [ 13.0, 14.0, 14.0, 14.5 ] },
								"south": { "texture": "#egg", "uv": [ 14.0, 14.0, 15.0, 14.5 ] },
								"west": { "texture": "#egg", "uv": [ 13.0, 14.0, 14.0, 14.5 ] },
								"up": { "texture": "#egg", "uv": [ 13.0, 13.0, 14.0, 14.0 ] },
								"down": { "texture": "#egg", "uv": [ 13.0, 14.0, 14.0, 15.0 ], "enabled": false }
							}
						},
						{
							"name": "eggwhite",
							"from": [ 1.3, 2.5, 1.3 ], 
							"to": [ 3.3, 3.0, 3.3 ], 
							"rotationOrigin": [ -0.2, 0.0, 0.0 ],
							"faces": {
								"north": { "texture": "#egg", "uv": [ 13.0, 11.0, 15.0, 11.5 ] },
								"east": { "texture": "#egg", "uv": [ 13.0, 11.0, 15.0, 11.5 ] },
								"south": { "texture": "#egg", "uv": [ 10.0, 13.0, 12.0, 13.5 ] },
								"west": { "texture": "#egg", "uv": [ 13.0, 15.0, 15.0, 15.5 ] },
								"up": { "texture": "#egg", "uv": [ 13.0, 9.0, 15.0, 11.0 ] },
								"down": { "texture": "#egg", "uv": [ 13.0, 14.0, 15.0, 16.0 ], "enabled": false }
							}
						}
					]
				},
				{
					"name": "red meat",
					"from": [ 2.8, 2.0, 0.1 ], 
					"to": [ 3.3, 3.0, 0.6 ], 
					"renderInEditor": false,
					"rotationOrigin": [ 2.9, 2.4, 0.3 ],
					"rotationY": 22.5,
					"rotationZ": -45.0,
					"faces": {
						"north": { "texture": "#meat", "uv": [ 5.0, 5.0, 5.5, 6.0 ] },
						"east": { "texture": "#meat", "uv": [ 5.0, 5.0, 5.5, 6.0 ] },
						"south": { "texture": "#meat", "uv": [ 5.0, 5.0, 5.5, 6.0 ] },
						"west": { "texture": "#meat", "uv": [ 5.0, 5.0, 5.5, 6.0 ] },
						"up": { "texture": "#meat", "uv": [ 5.0, 6.0, 5.5, 6.5 ] },
						"down": { "texture": "#meat", "uv": [ 6.0, 7.0, 6.5, 7.5 ] }
					},
					"children": [
						{
							"name": "meat 50",
							"from": [ 0.0, -0.5, 0.5 ], 
							"to": [ 0.5, 2.0, 1.0 ], 
							"faces": {
								"north": { "texture": "#meat", "uv": [ 6.0, 7.0, 6.5, 9.5 ] },
								"east": { "texture": "#meat", "uv": [ 8.0, 6.0, 8.5, 8.5 ] },
								"south": { "texture": "#meat", "uv": [ 6.0, 8.0, 6.5, 10.5 ] },
								"west": { "texture": "#meat", "uv": [ 7.0, 6.0, 7.5, 8.5 ] },
								"up": { "texture": "#meat", "uv": [ 8.0, 7.0, 8.5, 7.5 ] },
								"down": { "texture": "#meat", "uv": [ 7.0, 7.0, 7.5, 7.5 ], "enabled": false }
							}
						},
						{
							"name": "meat 51",
							"from": [ 0.0, -0.5, -0.5 ], 
							"to": [ 0.5, 1.5, 0.0 ], 
							"faces": {
								"north": { "texture": "#meat", "uv": [ 9.0, 9.0, 9.5, 11.0 ] },
								"east": { "texture": "#meat", "uv": [ 9.0, 9.0, 9.5, 11.0 ] },
								"south": { "texture": "#meat", "uv": [ 9.0, 8.0, 9.5, 10.0 ] },
								"west": { "texture": "#meat", "uv": [ 8.0, 6.0, 8.5, 8.0 ] },
								"up": { "texture": "#meat", "uv": [ 8.0, 6.0, 8.5, 6.5 ] },
								"down": { "texture": "#meat", "uv": [ 10.0, 9.0, 10.5, 9.5 ], "enabled": false }
							}
						},
						{
							"name": "meat 52",
							"from": [ -0.5, -0.3, 0.0 ], 
							"to": [ 0.0, 1.2, 0.5 ], 
							"faces": {
								"north": { "texture": "#meat", "uv": [ 8.0, 9.0, 8.5, 10.5 ] },
								"east": { "texture": "#meat", "uv": [ 9.0, 8.0, 9.5, 9.5 ] },
								"south": { "texture": "#meat", "uv": [ 7.0, 9.0, 7.5, 10.5 ] },
								"west": { "texture": "#meat", "uv": [ 5.5, 7.5, 6.0, 9.0 ] },
								"up": { "texture": "#meat", "uv": [ 8.0, 8.0, 8.5, 8.5 ] },
								"down": { "texture": "#meat", "uv": [ 10.0, 9.0, 10.5, 9.5 ], "enabled": false }
							}
						},
						{
							"name": "meat 53",
							"from": [ 0.0, -0.5, 1.0 ], 
							"to": [ 0.5, 1.5, 1.5 ], 
							"faces": {
								"north": { "texture": "#meat", "uv": [ 8.0, 9.0, 8.5, 11.0 ], "enabled": false },
								"east": { "texture": "#meat", "uv": [ 8.0, 9.0, 8.5, 11.0 ] },
								"south": { "texture": "#meat", "uv": [ 8.5, 7.0, 9.0, 9.0 ] },
								"west": { "texture": "#meat", "uv": [ 10.0, 8.0, 10.5, 10.0 ] },
								"up": { "texture": "#meat", "uv": [ 9.5, 8.0, 10.0, 8.5 ] },
								"down": { "texture": "#meat", "uv": [ 9.0, 9.5, 9.5, 10.0 ], "enabled": false }
							}
						},
						{
							"name": "meat 54",
							"from": [ -0.5, -0.3, 0.5 ], 
							"to": [ 0.0, 0.7, 1.0 ], 
							"faces": {
								"north": { "texture": "#meat", "uv": [ 7.0, 9.0, 7.5, 10.0 ], "enabled": false },
								"east": { "texture": "#meat", "uv": [ 8.0, 7.0, 8.5, 8.0 ], "enabled": false },
								"south": { "texture": "#meat", "uv": [ 7.0, 10.0, 7.5, 11.0 ] },
								"west": { "texture": "#meat", "uv": [ 7.0, 8.0, 7.5, 9.0 ] },
								"up": { "texture": "#meat", "uv": [ 8.0, 6.0, 8.5, 6.5 ] },
								"down": { "texture": "#meat", "uv": [ 10.0, 9.0, 10.5, 9.5 ], "enabled": false }
							}
						},
						{
							"name": "meat 55",
							"from": [ -0.5, -0.5, -1.0 ], 
							"to": [ 0.0, 1.0, 0.0 ], 
							"rotationOrigin": [ -1.5, 0.0, -1.0 ],
							"faces": {
								"north": { "texture": "#meat", "uv": [ 7.0, 9.0, 7.5, 10.5 ] },
								"east": { "texture": "#meat", "uv": [ 7.0, 7.0, 8.0, 8.5 ] },
								"south": { "texture": "#meat", "uv": [ 7.0, 9.5, 7.5, 11.0 ], "enabled": false },
								"west": { "texture": "#meat", "uv": [ 7.0, 6.5, 8.0, 8.0 ] },
								"up": { "texture": "#meat", "uv": [ 8.0, 7.0, 8.5, 8.0 ] },
								"down": { "texture": "#meat", "uv": [ 10.0, 9.0, 10.5, 10.0 ], "enabled": false }
							}
						},
						{
							"name": "reserve",
							"from": [ -1.0, -1.2, -0.5 ], 
							"to": [ -0.5, 0.3, 0.5 ], 
							"rotationOrigin": [ -1.5, 0.3, -1.0 ],
							"faces": {
								"north": { "texture": "#meat", "uv": [ 7.0, 9.0, 7.5, 10.5 ] },
								"east": { "texture": "#meat", "uv": [ 7.0, 7.0, 8.0, 8.5 ] },
								"south": { "texture": "#meat", "uv": [ 7.0, 9.5, 7.5, 11.0 ] },
								"west": { "texture": "#meat", "uv": [ 7.0, 6.5, 8.0, 8.0 ] },
								"up": { "texture": "#meat", "uv": [ 6.5, 6.0, 7.0, 7.0 ] },
								"down": { "texture": "#meat", "uv": [ 10.0, 9.0, 10.5, 10.0 ], "enabled": false }
							}
						}
					]
				},
				{
					"name": "poultry",
					"from": [ 1.7, 2.6, 1.6 ], 
					"to": [ 2.2, 5.1, 2.1 ], 
					"renderInEditor": false,
					"rotationOrigin": [ 1.8, 1.0, 1.8 ],
					"rotationY": -135.0,
					"rotationZ": 45.0,
					"faces": {
						"north": { "texture": "#meat", "uv": [ 5.0, 5.0, 5.5, 7.5 ] },
						"east": { "texture": "#meat", "uv": [ 5.0, 5.0, 5.5, 7.5 ] },
						"south": { "texture": "#meat", "uv": [ 5.0, 5.0, 5.5, 7.5 ] },
						"west": { "texture": "#meat", "uv": [ 5.0, 5.0, 5.5, 7.5 ] },
						"up": { "texture": "#meat", "uv": [ 5.0, 6.0, 5.5, 6.5 ] },
						"down": { "texture": "#meat", "uv": [ 6.0, 7.0, 6.5, 7.5 ], "enabled": false }
					},
					"children": [
						{
							"name": "meat 1",
							"from": [ 0.0, -0.5, 0.5 ], 
							"to": [ 0.5, 2.0, 1.0 ], 
							"faces": {
								"north": { "texture": "#meat", "uv": [ 6.0, 7.0, 6.5, 9.5 ], "enabled": false },
								"east": { "texture": "#meat", "uv": [ 8.0, 6.0, 8.5, 8.5 ] },
								"south": { "texture": "#meat", "uv": [ 6.0, 8.0, 6.5, 10.5 ] },
								"west": { "texture": "#meat", "uv": [ 7.0, 6.0, 7.5, 8.5 ] },
								"up": { "texture": "#meat", "uv": [ 8.0, 7.0, 8.5, 7.5 ] },
								"down": { "texture": "#meat", "uv": [ 7.0, 7.0, 7.5, 7.5 ], "enabled": false }
							}
						},
						{
							"name": "meat 2",
							"from": [ 0.0, -0.5, -0.5 ], 
							"to": [ 0.5, 1.5, 0.0 ], 
							"faces": {
								"north": { "texture": "#meat", "uv": [ 9.0, 9.0, 9.5, 11.0 ] },
								"east": { "texture": "#meat", "uv": [ 9.0, 9.0, 9.5, 11.0 ] },
								"south": { "texture": "#meat", "uv": [ 9.0, 8.0, 9.5, 10.0 ], "enabled": false },
								"west": { "texture": "#meat", "uv": [ 8.0, 6.0, 8.5, 8.0 ] },
								"up": { "texture": "#meat", "uv": [ 8.0, 6.0, 8.5, 6.5 ] },
								"down": { "texture": "#meat", "uv": [ 10.0, 9.0, 10.5, 9.5 ], "enabled": false }
							}
						},
						{
							"name": "meat 3",
							"from": [ -0.5, -0.3, 0.0 ], 
							"to": [ 0.0, 1.2, 0.5 ], 
							"faces": {
								"north": { "texture": "#meat", "uv": [ 8.0, 9.0, 8.5, 10.5 ] },
								"east": { "texture": "#meat", "uv": [ 9.0, 8.0, 9.5, 9.5 ], "enabled": false },
								"south": { "texture": "#meat", "uv": [ 7.0, 9.0, 7.5, 10.5 ], "enabled": false },
								"west": { "texture": "#meat", "uv": [ 8.0, 9.0, 8.5, 10.5 ] },
								"up": { "texture": "#meat", "uv": [ 8.0, 8.0, 8.5, 8.5 ] },
								"down": { "texture": "#meat", "uv": [ 10.0, 9.0, 10.5, 9.5 ], "enabled": false }
							}
						},
						{
							"name": "meat 4",
							"from": [ 0.0, -0.5, 1.0 ], 
							"to": [ 0.5, 1.0, 1.5 ], 
							"faces": {
								"north": { "texture": "#meat", "uv": [ 8.0, 9.0, 8.5, 10.5 ], "enabled": false },
								"east": { "texture": "#meat", "uv": [ 8.0, 9.0, 8.5, 10.5 ] },
								"south": { "texture": "#meat", "uv": [ 7.0, 8.0, 7.5, 9.5 ] },
								"west": { "texture": "#meat", "uv": [ 7.0, 5.0, 7.5, 6.5 ] },
								"up": { "texture": "#meat", "uv": [ 10.0, 9.0, 10.5, 9.5 ] },
								"down": { "texture": "#meat", "uv": [ 10.0, 9.0, 10.5, 9.5 ], "enabled": false }
							}
						},
						{
							"name": "meat 5",
							"from": [ -0.5, -0.3, 0.5 ], 
							"to": [ 0.0, 1.2, 1.0 ], 
							"faces": {
								"north": { "texture": "#meat", "uv": [ 7.0, 9.0, 7.5, 10.5 ], "enabled": false },
								"east": { "texture": "#meat", "uv": [ 8.0, 7.0, 8.5, 8.5 ], "enabled": false },
								"south": { "texture": "#meat", "uv": [ 7.0, 9.5, 7.5, 11.0 ] },
								"west": { "texture": "#meat", "uv": [ 7.0, 8.0, 7.5, 9.5 ] },
								"up": { "texture": "#meat", "uv": [ 8.0, 6.0, 8.5, 6.5 ] },
								"down": { "texture": "#meat", "uv": [ 10.0, 9.0, 10.5, 9.5 ], "enabled": false }
							}
						},
						{
							"name": "meat 6",
							"from": [ 0.5, -0.5, 0.0 ], 
							"to": [ 1.0, 1.0, 1.0 ], 
							"faces": {
								"north": { "texture": "#meat", "uv": [ 7.0, 9.0, 7.5, 10.5 ] },
								"east": { "texture": "#meat", "uv": [ 8.0, 9.0, 9.0, 10.5 ] },
								"south": { "texture": "#meat", "uv": [ 7.0, 9.5, 7.5, 11.0 ] },
								"west": { "texture": "#meat", "uv": [ 6.0, 8.0, 7.0, 9.5 ] },
								"up": { "texture": "#meat", "uv": [ 8.0, 7.0, 8.5, 8.0 ] },
								"down": { "texture": "#meat", "uv": [ 10.0, 9.0, 10.5, 10.0 ], "enabled": false }
							}
						}
					]
				},
				{
					"name": "egg2",
					"from": [ -1.5, -0.1, -1.0 ], 
					"to": [ -1.5, -0.1, -1.0 ], 
					"renderInEditor": false,
					"rotationOrigin": [ -1.5, 0.0, -1.0 ],
					"faces": {
						"north": { "texture": "#null", "uv": [ 0.0, 0.0, 0.0, 0.0 ], "enabled": false },
						"east": { "texture": "#null", "uv": [ 0.0, 0.0, 0.0, 0.0 ], "enabled": false },
						"south": { "texture": "#null", "uv": [ 0.0, 0.0, 0.0, 0.0 ], "enabled": false },
						"west": { "texture": "#null", "uv": [ 0.0, 0.0, 0.0, 0.0 ], "enabled": false },
						"up": { "texture": "#null", "uv": [ 0.0, 0.0, 0.0, 0.0 ], "enabled": false },
						"down": { "texture": "#null", "uv": [ 0.0, 0.0, 0.0, 0.0 ], "enabled": false }
					},
					"children": [
						{
							"name": "yolk62",
							"from": [ 1.7, 2.7, 1.7 ], 
							"to": [ 2.7, 3.2, 2.7 ], 
							"rotationOrigin": [ -0.3, 0.0, -0.3 ],
							"faces": {
								"north": { "texture": "#egg", "uv": [ 12.0, 14.0, 13.0, 14.5 ] },
								"east": { "texture": "#egg", "uv": [ 13.0, 14.0, 14.0, 14.5 ] },
								"south": { "texture": "#egg", "uv": [ 14.0, 14.0, 15.0, 14.5 ] },
								"west": { "texture": "#egg", "uv": [ 13.0, 14.0, 14.0, 14.5 ] },
								"up": { "texture": "#egg", "uv": [ 13.0, 13.0, 14.0, 14.0 ] },
								"down": { "texture": "#egg", "uv": [ 13.0, 14.0, 14.0, 15.0 ], "enabled": false }
							}
						},
						{
							"name": "eggwhite63",
							"from": [ 1.3, 2.4, 1.3 ], 
							"to": [ 3.3, 3.0, 3.3 ], 
							"rotationOrigin": [ -0.2, 0.0, 0.0 ],
							"faces": {
								"north": { "texture": "#egg", "uv": [ 13.0, 11.0, 15.0, 11.5 ] },
								"east": { "texture": "#egg", "uv": [ 13.0, 11.0, 15.0, 11.5 ] },
								"south": { "texture": "#egg", "uv": [ 10.0, 13.0, 12.0, 13.5 ] },
								"west": { "texture": "#egg", "uv": [ 13.0, 15.0, 15.0, 15.5 ] },
								"up": { "texture": "#egg", "uv": [ 13.0, 9.0, 15.0, 11.0 ] },
								"down": { "texture": "#egg", "uv": [ 13.0, 14.0, 15.0, 16.0 ], "enabled": false }
							}
						}
					]
				},
				{
					"name": "red meat 2",
					"from": [ -0.2, 2.0, 2.1 ], 
					"to": [ 0.3, 3.0, 2.6 ], 
					"renderInEditor": false,
					"rotationOrigin": [ -0.1, 2.4, 2.3 ],
					"rotationY": -157.5,
					"rotationZ": -45.0,
					"faces": {
						"north": { "texture": "#meat", "uv": [ 5.0, 5.0, 5.5, 6.0 ] },
						"east": { "texture": "#meat", "uv": [ 5.0, 5.0, 5.5, 6.0 ] },
						"south": { "texture": "#meat", "uv": [ 5.0, 5.0, 5.5, 6.0 ] },
						"west": { "texture": "#meat", "uv": [ 5.0, 5.0, 5.5, 6.0 ] },
						"up": { "texture": "#meat", "uv": [ 5.0, 6.0, 5.5, 6.5 ] },
						"down": { "texture": "#meat", "uv": [ 6.0, 7.0, 6.5, 7.5 ] }
					},
					"children": [
						{
							"name": "meat 62",
							"from": [ 0.0, -0.5, 0.5 ], 
							"to": [ 0.5, 2.0, 1.0 ], 
							"faces": {
								"north": { "texture": "#meat", "uv": [ 6.0, 7.0, 6.5, 9.5 ] },
								"east": { "texture": "#meat", "uv": [ 8.0, 6.0, 8.5, 8.5 ] },
								"south": { "texture": "#meat", "uv": [ 6.0, 8.0, 6.5, 10.5 ] },
								"west": { "texture": "#meat", "uv": [ 7.0, 6.0, 7.5, 8.5 ] },
								"up": { "texture": "#meat", "uv": [ 8.0, 7.0, 8.5, 7.5 ] },
								"down": { "texture": "#meat", "uv": [ 7.0, 7.0, 7.5, 7.5 ], "enabled": false }
							}
						},
						{
							"name": "meat 63",
							"from": [ 0.0, -0.5, -0.5 ], 
							"to": [ 0.5, 1.5, 0.0 ], 
							"faces": {
								"north": { "texture": "#meat", "uv": [ 9.0, 9.0, 9.5, 11.0 ] },
								"east": { "texture": "#meat", "uv": [ 9.0, 9.0, 9.5, 11.0 ] },
								"south": { "texture": "#meat", "uv": [ 9.0, 8.0, 9.5, 10.0 ] },
								"west": { "texture": "#meat", "uv": [ 8.0, 6.0, 8.5, 8.0 ] },
								"up": { "texture": "#meat", "uv": [ 8.0, 6.0, 8.5, 6.5 ] },
								"down": { "texture": "#meat", "uv": [ 10.0, 9.0, 10.5, 9.5 ], "enabled": false }
							}
						},
						{
							"name": "meat 64",
							"from": [ -0.5, -0.3, 0.0 ], 
							"to": [ 0.0, 1.2, 0.5 ], 
							"faces": {
								"north": { "texture": "#meat", "uv": [ 8.0, 9.0, 8.5, 10.5 ] },
								"east": { "texture": "#meat", "uv": [ 9.0, 8.0, 9.5, 9.5 ] },
								"south": { "texture": "#meat", "uv": [ 7.0, 9.0, 7.5, 10.5 ] },
								"west": { "texture": "#meat", "uv": [ 5.5, 7.5, 6.0, 9.0 ] },
								"up": { "texture": "#meat", "uv": [ 8.0, 8.0, 8.5, 8.5 ] },
								"down": { "texture": "#meat", "uv": [ 10.0, 9.0, 10.5, 9.5 ], "enabled": false }
							}
						},
						{
							"name": "meat 65",
							"from": [ 0.0, -0.5, 1.0 ], 
							"to": [ 0.5, 1.5, 1.5 ], 
							"faces": {
								"north": { "texture": "#meat", "uv": [ 8.0, 9.0, 8.5, 11.0 ], "enabled": false },
								"east": { "texture": "#meat", "uv": [ 8.0, 9.0, 8.5, 11.0 ] },
								"south": { "texture": "#meat", "uv": [ 8.5, 7.0, 9.0, 9.0 ] },
								"west": { "texture": "#meat", "uv": [ 10.0, 8.0, 10.5, 10.0 ] },
								"up": { "texture": "#meat", "uv": [ 9.5, 8.0, 10.0, 8.5 ] },
								"down": { "texture": "#meat", "uv": [ 9.0, 9.5, 9.5, 10.0 ], "enabled": false }
							}
						},
						{
							"name": "meat 66",
							"from": [ -0.5, -0.3, 0.5 ], 
							"to": [ 0.0, 0.7, 1.0 ], 
							"faces": {
								"north": { "texture": "#meat", "uv": [ 7.0, 9.0, 7.5, 10.0 ], "enabled": false },
								"east": { "texture": "#meat", "uv": [ 8.0, 7.0, 8.5, 8.0 ], "enabled": false },
								"south": { "texture": "#meat", "uv": [ 7.0, 10.0, 7.5, 11.0 ] },
								"west": { "texture": "#meat", "uv": [ 7.0, 8.0, 7.5, 9.0 ] },
								"up": { "texture": "#meat", "uv": [ 8.0, 6.0, 8.5, 6.5 ] },
								"down": { "texture": "#meat", "uv": [ 10.0, 9.0, 10.5, 9.5 ], "enabled": false }
							}
						},
						{
							"name": "meat 67",
							"from": [ -0.5, -0.5, -1.0 ], 
							"to": [ 0.0, 1.0, 0.0 ], 
							"rotationOrigin": [ -1.5, 0.0, -1.0 ],
							"faces": {
								"north": { "texture": "#meat", "uv": [ 7.0, 9.0, 7.5, 10.5 ] },
								"east": { "texture": "#meat", "uv": [ 7.0, 7.0, 8.0, 8.5 ] },
								"south": { "texture": "#meat", "uv": [ 7.0, 9.5, 7.5, 11.0 ], "enabled": false },
								"west": { "texture": "#meat", "uv": [ 7.0, 6.5, 8.0, 8.0 ] },
								"up": { "texture": "#meat", "uv": [ 8.0, 7.0, 8.5, 8.0 ] },
								"down": { "texture": "#meat", "uv": [ 10.0, 9.0, 10.5, 10.0 ], "enabled": false }
							}
						},
						{
							"name": "reserve68",
							"from": [ -1.0, -1.2, -0.5 ], 
							"to": [ -0.5, 0.3, 0.5 ], 
							"rotationOrigin": [ -1.5, 0.3, -1.0 ],
							"faces": {
								"north": { "texture": "#meat", "uv": [ 7.0, 9.0, 7.5, 10.5 ] },
								"east": { "texture": "#meat", "uv": [ 7.0, 7.0, 8.0, 8.5 ] },
								"south": { "texture": "#meat", "uv": [ 7.0, 9.5, 7.5, 11.0 ] },
								"west": { "texture": "#meat", "uv": [ 7.0, 6.5, 8.0, 8.0 ] },
								"up": { "texture": "#meat", "uv": [ 6.5, 6.0, 7.0, 7.0 ] },
								"down": { "texture": "#meat", "uv": [ 10.0, 9.0, 10.5, 10.0 ], "enabled": false }
							}
						}
					]
				},
				{
					"name": "poultry 2",
					"from": [ 1.7, 2.6, 1.6 ], 
					"to": [ 2.2, 5.1, 2.1 ], 
					"renderInEditor": false,
					"rotationOrigin": [ 1.8, 1.0, 1.8 ],
					"rotationY": 22.5,
					"rotationZ": 45.0,
					"faces": {
						"north": { "texture": "#meat", "uv": [ 5.0, 5.0, 5.5, 7.5 ] },
						"east": { "texture": "#meat", "uv": [ 5.0, 5.0, 5.5, 7.5 ] },
						"south": { "texture": "#meat", "uv": [ 5.0, 5.0, 5.5, 7.5 ] },
						"west": { "texture": "#meat", "uv": [ 5.0, 5.0, 5.5, 7.5 ] },
						"up": { "texture": "#meat", "uv": [ 5.0, 6.0, 5.5, 6.5 ] },
						"down": { "texture": "#meat", "uv": [ 6.0, 7.0, 6.5, 7.5 ], "enabled": false }
					},
					"children": [
						{
							"name": "meat 70",
							"from": [ 0.0, -0.5, 0.5 ], 
							"to": [ 0.5, 2.0, 1.0 ], 
							"faces": {
								"north": { "texture": "#meat", "uv": [ 6.0, 7.0, 6.5, 9.5 ], "enabled": false },
								"east": { "texture": "#meat", "uv": [ 8.0, 6.0, 8.5, 8.5 ] },
								"south": { "texture": "#meat", "uv": [ 6.0, 8.0, 6.5, 10.5 ] },
								"west": { "texture": "#meat", "uv": [ 7.0, 6.0, 7.5, 8.5 ] },
								"up": { "texture": "#meat", "uv": [ 8.0, 7.0, 8.5, 7.5 ] },
								"down": { "texture": "#meat", "uv": [ 7.0, 7.0, 7.5, 7.5 ], "enabled": false }
							}
						},
						{
							"name": "meat 71",
							"from": [ 0.0, -0.5, -0.5 ], 
							"to": [ 0.5, 1.5, 0.0 ], 
							"faces": {
								"north": { "texture": "#meat", "uv": [ 9.0, 9.0, 9.5, 11.0 ] },
								"east": { "texture": "#meat", "uv": [ 9.0, 9.0, 9.5, 11.0 ] },
								"south": { "texture": "#meat", "uv": [ 9.0, 8.0, 9.5, 10.0 ], "enabled": false },
								"west": { "texture": "#meat", "uv": [ 8.0, 6.0, 8.5, 8.0 ] },
								"up": { "texture": "#meat", "uv": [ 8.0, 6.0, 8.5, 6.5 ] },
								"down": { "texture": "#meat", "uv": [ 10.0, 9.0, 10.5, 9.5 ], "enabled": false }
							}
						},
						{
							"name": "meat 72",
							"from": [ -0.5, -0.3, 0.0 ], 
							"to": [ 0.0, 1.2, 0.5 ], 
							"faces": {
								"north": { "texture": "#meat", "uv": [ 8.0, 9.0, 8.5, 10.5 ] },
								"east": { "texture": "#meat", "uv": [ 9.0, 8.0, 9.5, 9.5 ], "enabled": false },
								"south": { "texture": "#meat", "uv": [ 7.0, 9.0, 7.5, 10.5 ], "enabled": false },
								"west": { "texture": "#meat", "uv": [ 8.0, 9.0, 8.5, 10.5 ] },
								"up": { "texture": "#meat", "uv": [ 8.0, 8.0, 8.5, 8.5 ] },
								"down": { "texture": "#meat", "uv": [ 10.0, 9.0, 10.5, 9.5 ], "enabled": false }
							}
						},
						{
							"name": "meat 73",
							"from": [ 0.0, -0.5, 1.0 ], 
							"to": [ 0.5, 1.0, 1.5 ], 
							"faces": {
								"north": { "texture": "#meat", "uv": [ 8.0, 9.0, 8.5, 10.5 ], "enabled": false },
								"east": { "texture": "#meat", "uv": [ 8.0, 9.0, 8.5, 10.5 ] },
								"south": { "texture": "#meat", "uv": [ 7.0, 8.0, 7.5, 9.5 ] },
								"west": { "texture": "#meat", "uv": [ 7.0, 5.0, 7.5, 6.5 ] },
								"up": { "texture": "#meat", "uv": [ 10.0, 9.0, 10.5, 9.5 ] },
								"down": { "texture": "#meat", "uv": [ 10.0, 9.0, 10.5, 9.5 ], "enabled": false }
							}
						},
						{
							"name": "meat 74",
							"from": [ -0.5, -0.3, 0.5 ], 
							"to": [ 0.0, 1.2, 1.0 ], 
							"faces": {
								"north": { "texture": "#meat", "uv": [ 7.0, 9.0, 7.5, 10.5 ], "enabled": false },
								"east": { "texture": "#meat", "uv": [ 8.0, 7.0, 8.5, 8.5 ], "enabled": false },
								"south": { "texture": "#meat", "uv": [ 7.0, 9.5, 7.5, 11.0 ] },
								"west": { "texture": "#meat", "uv": [ 7.0, 8.0, 7.5, 9.5 ] },
								"up": { "texture": "#meat", "uv": [ 8.0, 6.0, 8.5, 6.5 ] },
								"down": { "texture": "#meat", "uv": [ 10.0, 9.0, 10.5, 9.5 ], "enabled": false }
							}
						},
						{
							"name": "meat 75",
							"from": [ 0.5, -0.5, 0.0 ], 
							"to": [ 1.0, 1.0, 1.0 ], 
							"faces": {
								"north": { "texture": "#meat", "uv": [ 7.0, 9.0, 7.5, 10.5 ] },
								"east": { "texture": "#meat", "uv": [ 8.0, 9.0, 9.0, 10.5 ] },
								"south": { "texture": "#meat", "uv": [ 7.0, 9.5, 7.5, 11.0 ] },
								"west": { "texture": "#meat", "uv": [ 6.0, 8.0, 7.0, 9.5 ] },
								"up": { "texture": "#meat", "uv": [ 8.0, 7.0, 8.5, 8.0 ] },
								"down": { "texture": "#meat", "uv": [ 10.0, 9.0, 10.5, 10.0 ], "enabled": false }
							}
						}
					]
				},
				{
					"name": "vegetable 2",
					"from": [ -0.5, 2.8, -1.0 ], 
					"to": [ 3.5, 3.3, 3.0 ], 
					"renderInEditor": false,
					"faces": {
						"north": { "texture": "#vegetable", "uv": [ 10.5, 3.0, 14.5, 3.5 ], "enabled": false },
						"east": { "texture": "#vegetable", "uv": [ 11.5, 1.0, 15.5, 1.5 ], "enabled": false },
						"south": { "texture": "#vegetable", "uv": [ 10.0, 2.0, 14.0, 2.5 ], "enabled": false },
						"west": { "texture": "#vegetable", "uv": [ 11.5, 7.0, 15.5, 7.5 ], "enabled": false },
						"up": { "texture": "#vegetable", "uv": [ 11.0, 1.0, 15.0, 5.0 ], "enabled": false },
						"down": { "texture": "#vegetable", "uv": [ 0.0, 0.0, 4.0, 4.0 ], "enabled": false }
					},
					"children": [
						{
							"name": "voxel28",
							"from": [ 2.1, -0.9, 2.0 ], 
							"to": [ 3.1, 0.1, 3.0 ], 
							"rotationOrigin": [ 0.5, 0.0, 1.5 ],
							"faces": {
								"north": { "texture": "#vegetable", "uv": [ 9.0, 4.0, 10.0, 5.0 ] },
								"east": { "texture": "#vegetable", "uv": [ 14.0, 1.0, 15.0, 2.0 ] },
								"south": { "texture": "#vegetable", "uv": [ 13.5, 1.5, 14.5, 2.5 ] },
								"west": { "texture": "#vegetable", "uv": [ 12.0, 4.5, 13.0, 5.5 ] },
								"up": { "texture": "#vegetable", "uv": [ 12.5, 3.0, 13.5, 4.0 ] },
								"down": { "texture": "#vegetable", "uv": [ 6.0, 7.0, 7.0, 8.0 ], "enabled": false }
							}
						},
						{
							"name": "voxel29",
							"from": [ 2.0, -0.8, 3.4 ], 
							"to": [ 3.0, -0.3, 4.4 ], 
							"rotationOrigin": [ 0.5, 0.0, 1.5 ],
							"faces": {
								"north": { "texture": "#vegetable", "uv": [ 13.5, 2.0, 14.5, 2.5 ] },
								"east": { "texture": "#vegetable", "uv": [ 10.5, 4.0, 11.5, 4.5 ] },
								"south": { "texture": "#vegetable", "uv": [ 11.0, 6.0, 12.0, 6.5 ] },
								"west": { "texture": "#vegetable", "uv": [ 8.5, 3.5, 9.5, 4.0 ] },
								"up": { "texture": "#vegetable", "uv": [ 14.5, 4.0, 15.5, 5.0 ] },
								"down": { "texture": "#vegetable", "uv": [ 6.0, 7.0, 7.0, 8.0 ], "enabled": false }
							}
						},
						{
							"name": "voxel30",
							"from": [ 2.0, -0.4, 3.4 ], 
							"to": [ 2.5, 0.1, 3.9 ], 
							"rotationOrigin": [ 0.4, 0.0, 1.5 ],
							"faces": {
								"north": { "texture": "#vegetable", "uv": [ 11.0, 1.5, 11.5, 2.0 ] },
								"east": { "texture": "#vegetable", "uv": [ 11.5, 5.0, 12.0, 5.5 ] },
								"south": { "texture": "#vegetable", "uv": [ 13.5, 6.5, 14.0, 7.0 ] },
								"west": { "texture": "#vegetable", "uv": [ 14.5, 1.0, 15.0, 1.5 ] },
								"up": { "texture": "#vegetable", "uv": [ 14.0, 5.0, 14.5, 5.5 ] },
								"down": { "texture": "#vegetable", "uv": [ 6.0, 7.0, 6.5, 7.5 ], "enabled": false }
							}
						},
						{
							"name": "voxel31",
							"from": [ 0.1, -0.8, 3.5 ], 
							"to": [ 0.6, -0.3, 4.0 ], 
							"rotationOrigin": [ 0.5, 0.0, 1.5 ],
							"faces": {
								"north": { "texture": "#vegetable", "uv": [ 13.0, 4.0, 13.5, 4.5 ] },
								"east": { "texture": "#vegetable", "uv": [ 10.0, 1.0, 10.5, 1.5 ] },
								"south": { "texture": "#vegetable", "uv": [ 11.0, 2.0, 11.5, 2.5 ] },
								"west": { "texture": "#vegetable", "uv": [ 12.0, 3.0, 12.5, 3.5 ] },
								"up": { "texture": "#vegetable", "uv": [ 12.0, 5.0, 12.5, 5.5 ] },
								"down": { "texture": "#vegetable", "uv": [ 6.0, 7.0, 6.5, 7.5 ], "enabled": false }
							}
						},
						{
							"name": "voxel32",
							"from": [ 0.5, -0.5, 3.1 ], 
							"to": [ 1.0, 0.0, 3.6 ], 
							"rotationOrigin": [ 0.5, 0.0, 1.5 ],
							"faces": {
								"north": { "texture": "#vegetable", "uv": [ 10.5, 3.5, 11.0, 4.0 ] },
								"east": { "texture": "#vegetable", "uv": [ 11.5, 6.0, 12.0, 6.5 ] },
								"south": { "texture": "#vegetable", "uv": [ 15.0, 3.0, 15.5, 3.5 ] },
								"west": { "texture": "#vegetable", "uv": [ 9.0, 0.5, 9.5, 1.0 ] },
								"up": { "texture": "#vegetable", "uv": [ 13.0, 6.0, 13.5, 6.5 ] },
								"down": { "texture": "#vegetable", "uv": [ 6.0, 7.0, 6.5, 7.5 ], "enabled": false }
							}
						}
					]
				},
				{
					"name": "dough",
					"from": [ -0.5, 1.8, -0.5 ], 
					"to": [ 3.5, 2.3, 3.5 ], 
					"faces": {
						"north": { "texture": "#dough", "uv": [ 4.0, 1.5, 8.0, 2.0 ] },
						"east": { "texture": "#dough", "uv": [ 4.0, 1.5, 8.0, 2.0 ] },
						"south": { "texture": "#dough", "uv": [ 4.0, 2.0, 8.0, 2.5 ] },
						"west": { "texture": "#dough", "uv": [ 4.0, 0.75, 8.0, 1.25 ] },
						"up": { "texture": "#dough", "uv": [ 4.0, 0.5, 8.0, 4.5 ] },
						"down": { "texture": "#dough", "uv": [ 0.0, 0.0, 4.0, 4.0 ], "enabled": false }
					},
					"children": [
						{
							"name": "doughrim1",
							"from": [ -0.5, 0.5, -0.5 ], 
							"to": [ 4.5, 1.0, 0.0 ], 
							"rotationOrigin": [ -0.5, 0.5, -0.5 ],
							"faces": {
								"north": { "texture": "#dough", "uv": [ 0.0, 0.0, 5.0, 0.5 ] },
								"east": { "texture": "#dough", "uv": [ 0.0, 0.0, 0.5, 0.5 ] },
								"south": { "texture": "#dough", "uv": [ 0.0, 0.0, 5.0, 0.5 ] },
								"west": { "texture": "#dough", "uv": [ 0.0, 0.0, 0.5, 0.5 ] },
								"up": { "texture": "#dough", "uv": [ 0.0, 0.0, 5.0, 0.5 ] },
								"down": { "texture": "#dough", "uv": [ 0.0, 0.0, 5.0, 0.5 ] }
							},
							"children": [
								{
									"name": "doughrim5",
									"from": [ 0.5, 0.0, 0.5 ], 
									"to": [ 4.5, 0.5, 0.7 ], 
									"rotationOrigin": [ 0.5, 0.0, 0.5 ],
									"faces": {
										"north": { "texture": "#dough", "uv": [ 0.0, 0.0, 4.0, 0.5 ] },
										"east": { "texture": "#dough", "uv": [ 0.0, 0.0, 0.5, 0.5 ] },
										"south": { "texture": "#dough", "uv": [ 0.0, 0.0, 4.0, 0.5 ] },
										"west": { "texture": "#dough", "uv": [ 0.0, 0.0, 0.5, 0.5 ] },
										"up": { "texture": "#dough", "uv": [ 0.0, 0.0, 4.0, 0.5 ] },
										"down": { "texture": "#dough", "uv": [ 0.0, 0.0, 4.0, 0.5 ] }
									}
								},
								{
									"name": "doughrim6",
									"from": [ 0.5, 0.0, 4.3 ], 
									"to": [ 4.5, 0.5, 4.5 ], 
									"rotationOrigin": [ 0.5, 0.0, 4.3 ],
									"faces": {
										"north": { "texture": "#dough", "uv": [ 0.0, 0.0, 4.0, 0.5 ] },
										"east": { "texture": "#dough", "uv": [ 0.0, 0.0, 0.5, 0.5 ] },
										"south": { "texture": "#dough", "uv": [ 0.0, 0.0, 4.0, 0.5 ] },
										"west": { "texture": "#dough", "uv": [ 0.0, 0.0, 0.5, 0.5 ] },
										"up": { "texture": "#dough", "uv": [ 0.0, 0.0, 4.0, 0.5 ] },
										"down": { "texture": "#dough", "uv": [ 0.0, 0.0, 4.0, 0.5 ] }
									}
								}
							]
						},
						{
							"name": "doughrim2",
							"from": [ -0.5, 0.5, 4.0 ], 
							"to": [ 4.5, 1.0, 4.5 ], 
							"rotationOrigin": [ -0.5, 0.5, 4.0 ],
							"faces": {
								"north": { "texture": "#dough", "uv": [ 0.0, 0.0, 5.0, 0.5 ] },
								"east": { "texture": "#dough", "uv": [ 0.0, 0.0, 0.5, 0.5 ] },
								"south": { "texture": "#dough", "uv": [ 0.0, 0.0, 5.0, 0.5 ] },
								"west": { "texture": "#dough", "uv": [ 0.0, 0.0, 0.5, 0.5 ] },
								"up": { "texture": "#dough", "uv": [ 0.0, 0.0, 5.0, 0.5 ] },
								"down": { "texture": "#dough", "uv": [ 0.0, 0.0, 5.0, 0.5 ] }
							},
							"children": [
								{
									"name": "doughrim7",
									"from": [ 0.5, 0.0, -3.8 ], 
									"to": [ 0.7, 0.5, -0.2 ], 
									"rotationOrigin": [ 0.5, 0.0, -3.8 ],
									"faces": {
										"north": { "texture": "#dough", "uv": [ 0.0, 0.0, 0.5, 0.5 ] },
										"east": { "texture": "#dough", "uv": [ 0.0, 0.0, 3.5, 0.5 ] },
										"south": { "texture": "#dough", "uv": [ 0.0, 0.0, 0.5, 0.5 ] },
										"west": { "texture": "#dough", "uv": [ 0.0, 0.0, 3.5, 0.5 ] },
										"up": { "texture": "#dough", "uv": [ 0.0, 0.0, 0.5, 3.5 ] },
										"down": { "texture": "#dough", "uv": [ 0.0, 0.0, 0.5, 3.5 ] }
									}
								},
								{
									"name": "doughrim96",
									"from": [ 4.3, 0.0, -3.8 ], 
									"to": [ 4.5, 0.5, -0.2 ], 
									"rotationOrigin": [ 4.3, 0.0, -3.8 ],
									"faces": {
										"north": { "texture": "#dough", "uv": [ 0.0, 0.0, 0.5, 0.5 ] },
										"east": { "texture": "#dough", "uv": [ 0.0, 0.0, 3.5, 0.5 ] },
										"south": { "texture": "#dough", "uv": [ 0.0, 0.0, 0.5, 0.5 ] },
										"west": { "texture": "#dough", "uv": [ 0.0, 0.0, 3.5, 0.5 ] },
										"up": { "texture": "#dough", "uv": [ 0.0, 0.0, 0.5, 3.5 ] },
										"down": { "texture": "#dough", "uv": [ 0.0, 0.0, 0.5, 3.5 ] }
									}
								}
							]
						},
						{
							"name": "doughrim3",
							"from": [ -0.5, 0.5, 0.0 ], 
							"to": [ 0.0, 1.0, 4.0 ], 
							"rotationOrigin": [ -0.5, 0.5, 0.0 ],
							"faces": {
								"north": { "texture": "#dough", "uv": [ 0.0, 0.0, 0.5, 0.5 ] },
								"east": { "texture": "#dough", "uv": [ 0.0, 0.0, 4.0, 0.5 ] },
								"south": { "texture": "#dough", "uv": [ 0.0, 0.0, 0.5, 0.5 ] },
								"west": { "texture": "#dough", "uv": [ 0.0, 0.0, 4.0, 0.5 ] },
								"up": { "texture": "#dough", "uv": [ 0.0, 0.0, 0.5, 4.0 ] },
								"down": { "texture": "#dough", "uv": [ 0.0, 0.0, 0.5, 4.0 ] }
							}
						},
						{
							"name": "doughrim4",
							"from": [ 4.0, 0.5, 0.0 ], 
							"to": [ 4.5, 1.0, 4.0 ], 
							"rotationOrigin": [ 4.0, 0.5, 0.0 ],
							"faces": {
								"north": { "texture": "#dough", "uv": [ 0.0, 0.0, 0.5, 0.5 ] },
								"east": { "texture": "#dough", "uv": [ 0.0, 0.0, 4.0, 0.5 ] },
								"south": { "texture": "#dough", "uv": [ 0.0, 0.0, 0.5, 0.5 ] },
								"west": { "texture": "#dough", "uv": [ 0.0, 0.0, 4.0, 0.5 ] },
								"up": { "texture": "#dough", "uv": [ 0.0, 0.0, 0.5, 4.0 ] },
								"down": { "texture": "#dough", "uv": [ 0.0, 0.0, 0.5, 4.0 ] }
							}
						}
					]
				},
				{
					"name": "meatnugget 1",
					"from": [ 0.0, 2.3, -0.3 ], 
					"to": [ 0.6, 2.6, 0.3 ], 
					"renderInEditor": false,
					"rotationOrigin": [ 0.0, 2.3, -0.3 ],
					"rotationY": 13.0,
					"faces": {
						"north": { "texture": "#meatnugget", "uv": [ 1.625, 1.5, 2.125, 1.75 ] },
						"east": { "texture": "#meatnugget", "uv": [ 1.5, 1.625, 2.0, 1.875 ] },
						"south": { "texture": "#meatnugget", "uv": [ 2.0, 2.125, 2.5, 2.375 ] },
						"west": { "texture": "#meatnugget", "uv": [ 1.625, 2.125, 2.125, 2.375 ] },
						"up": { "texture": "#meatnugget", "uv": [ 1.625, 1.5, 2.125, 2.0 ] },
						"down": { "texture": "#meatnugget", "uv": [ 1.875, 1.875, 2.375, 2.375 ] }
					},
					"children": [
						{
							"name": "voxel27",
							"from": [ 0.05, 0.3, 0.05 ], 
							"to": [ 0.55, 0.4, 0.55 ], 
							"rotationOrigin": [ 0.0, 0.3, 0.0 ],
							"faces": {
								"north": { "texture": "#meatnugget", "uv": [ 1.25, 1.75, 1.75, 1.875 ] },
								"east": { "texture": "#meatnugget", "uv": [ 2.0, 2.375, 2.5, 2.5 ] },
								"south": { "texture": "#meatnugget", "uv": [ 1.5, 2.5, 2.0, 2.625 ] },
								"west": { "texture": "#meatnugget", "uv": [ 1.25, 1.875, 1.75, 2.0 ] },
								"up": { "texture": "#meatnugget", "uv": [ 1.25, 1.25, 1.75, 1.75 ] },
								"down": { "texture": "#meatnugget", "uv": [ 1.75, 1.625, 2.25, 2.125 ] }
							}
						},
						{
							"name": "voxel26",
							"from": [ 0.7, 0.0, 0.4 ], 
							"to": [ 1.1, 0.25, 0.8 ], 
							"rotationOrigin": [ 0.7, 0.0, 0.4 ],
							"rotationY": 26.0,
							"faces": {
								"north": { "texture": "#meatnugget", "uv": [ 2.0, 1.875, 2.375, 2.125 ] },
								"east": { "texture": "#meatnugget", "uv": [ 2.25, 1.25, 2.625, 1.5 ] },
								"south": { "texture": "#meatnugget", "uv": [ 1.75, 1.25, 2.125, 1.5 ] },
								"west": { "texture": "#meatnugget", "uv": [ 1.375, 1.25, 1.75, 1.5 ] },
								"up": { "texture": "#meatnugget", "uv": [ 2.25, 1.875, 2.625, 2.25 ] },
								"down": { "texture": "#meatnugget", "uv": [ 2.0, 1.625, 2.375, 2.0 ] }
							}
						},
						{
							"name": "voxel25",
							"from": [ 2.3, 0.0, 1.2 ], 
							"to": [ 3.0, 0.4, 1.9 ], 
							"rotationOrigin": [ 2.3, 0.0, 1.2 ],
							"rotationY": 58.0,
							"faces": {
								"north": { "texture": "#meatnugget", "uv": [ 1.625, 1.875, 2.25, 2.25 ] },
								"east": { "texture": "#meatnugget", "uv": [ 1.5, 1.875, 2.125, 2.25 ] },
								"south": { "texture": "#meatnugget", "uv": [ 1.5, 1.25, 2.125, 1.625 ] },
								"west": { "texture": "#meatnugget", "uv": [ 1.625, 1.875, 2.25, 2.25 ] },
								"up": { "texture": "#meatnugget", "uv": [ 1.875, 2.125, 2.5, 2.75 ] },
								"down": { "texture": "#meatnugget", "uv": [ 1.625, 2.0, 2.25, 2.625 ] }
							}
						},
						{
							"name": "voxel24",
							"from": [ 2.1, 0.0, 1.4 ], 
							"to": [ 2.5, 0.3, 1.8 ], 
							"rotationOrigin": [ 2.1, 0.0, 1.4 ],
							"faces": {
								"north": { "texture": "#meatnugget", "uv": [ 2.25, 2.125, 2.625, 2.375 ] },
								"east": { "texture": "#meatnugget", "uv": [ 1.75, 1.75, 2.125, 2.0 ] },
								"south": { "texture": "#meatnugget", "uv": [ 1.625, 1.75, 2.0, 2.0 ] },
								"west": { "texture": "#meatnugget", "uv": [ 1.375, 1.75, 1.75, 2.0 ] },
								"up": { "texture": "#meatnugget", "uv": [ 1.75, 2.25, 2.125, 2.625 ] },
								"down": { "texture": "#meatnugget", "uv": [ 1.875, 2.125, 2.25, 2.5 ] }
							}
						},
						{
							"name": "voxel23",
							"from": [ 1.95, 0.0, 0.6 ], 
							"to": [ 2.45, 0.2, 1.1 ], 
							"rotationOrigin": [ 2.0, 0.0, 0.6 ],
							"rotationY": -135.0,
							"faces": {
								"north": { "texture": "#meatnugget", "uv": [ 2.0, 2.125, 2.5, 2.25 ] },
								"east": { "texture": "#meatnugget", "uv": [ 1.375, 1.5, 1.875, 1.625 ] },
								"south": { "texture": "#meatnugget", "uv": [ 1.5, 2.0, 2.0, 2.125 ] },
								"west": { "texture": "#meatnugget", "uv": [ 2.0, 2.25, 2.5, 2.375 ] },
								"up": { "texture": "#meatnugget", "uv": [ 1.25, 2.25, 1.75, 2.75 ] },
								"down": { "texture": "#meatnugget", "uv": [ 1.75, 2.0, 2.25, 2.5 ] }
							}
						},
						{
							"name": "Cube61",
							"from": [ 1.9, 0.2, 0.55 ], 
							"to": [ 2.3, 0.27, 0.95 ], 
							"rotationOrigin": [ 1.9354, 0.2, 0.5646 ],
							"rotationX": -179.99999011687993,
							"rotationY": -44.999996548644546,
							"rotationZ": -179.99999011687993,
							"faces": {
								"north": { "texture": "#meatnugget", "uv": [ 2.0, 2.125, 2.375, 2.25 ] },
								"east": { "texture": "#meatnugget", "uv": [ 2.0, 2.0, 2.375, 2.125 ] },
								"south": { "texture": "#meatnugget", "uv": [ 1.875, 2.125, 2.25, 2.25 ] },
								"west": { "texture": "#meatnugget", "uv": [ 1.5, 1.875, 1.875, 2.0 ] },
								"up": { "texture": "#meatnugget", "uv": [ 1.5, 1.625, 1.875, 2.0 ] },
								"down": { "texture": "#meatnugget", "uv": [ 1.375, 2.25, 1.75, 2.625 ] }
							}
						},
						{
							"name": "Cube59",
							"from": [ 2.15, 0.3, 1.45 ], 
							"to": [ 2.45, 0.37, 1.75 ], 
							"rotationOrigin": [ 2.1, 0.3, 1.4 ],
							"faces": {
								"north": { "texture": "#meatnugget", "uv": [ 2.25, 2.125, 2.5, 2.25 ] },
								"east": { "texture": "#meatnugget", "uv": [ 2.0, 2.25, 2.25, 2.375 ] },
								"south": { "texture": "#meatnugget", "uv": [ 1.375, 1.375, 1.625, 1.5 ] },
								"west": { "texture": "#meatnugget", "uv": [ 1.5, 2.5, 1.75, 2.625 ] },
								"up": { "texture": "#meatnugget", "uv": [ 2.125, 2.0, 2.375, 2.25 ] },
								"down": { "texture": "#meatnugget", "uv": [ 2.0, 2.25, 2.25, 2.5 ] }
							}
						},
						{
							"name": "Cube57",
							"from": [ 2.4378, 0.4, 1.1682 ], 
							"to": [ 2.9378, 0.5, 1.6682 ], 
							"rotationOrigin": [ 2.4378, 0.4, 1.1682 ],
							"rotationY": 57.999996250862935,
							"faces": {
								"north": { "texture": "#meatnugget", "uv": [ 1.5, 2.25, 2.0, 2.375 ] },
								"east": { "texture": "#meatnugget", "uv": [ 1.375, 1.25, 1.875, 1.375 ] },
								"south": { "texture": "#meatnugget", "uv": [ 1.5, 2.5, 2.0, 2.625 ] },
								"west": { "texture": "#meatnugget", "uv": [ 1.75, 2.375, 2.25, 2.5 ] },
								"up": { "texture": "#meatnugget", "uv": [ 2.25, 2.125, 2.75, 2.625 ] },
								"down": { "texture": "#meatnugget", "uv": [ 1.5, 2.125, 2.0, 2.625 ] }
							}
						},
						{
							"name": "Cube1",
							"from": [ 0.75, 0.25, 0.45 ], 
							"to": [ 1.05, 0.31, 0.75 ], 
							"rotationOrigin": [ 0.7, 0.2, 0.4 ],
							"rotationY": 25.99999888458607,
							"faces": {
								"north": { "texture": "#meatnugget", "uv": [ 1.625, 1.75, 1.875, 1.875 ] },
								"east": { "texture": "#meatnugget", "uv": [ 2.125, 2.125, 2.375, 2.25 ] },
								"south": { "texture": "#meatnugget", "uv": [ 1.375, 1.625, 1.625, 1.75 ] },
								"west": { "texture": "#meatnugget", "uv": [ 1.625, 2.5, 1.875, 2.625 ] },
								"up": { "texture": "#meatnugget", "uv": [ 2.5, 1.625, 2.75, 1.875 ] },
								"down": { "texture": "#meatnugget", "uv": [ 1.875, 2.25, 2.125, 2.5 ] }
							}
						}
					]
				},
				{
					"name": "meatnugget 2",
					"from": [ 0.55, 2.3, 0.2 ], 
					"to": [ 1.25, 2.7, 0.9 ], 
					"renderInEditor": false,
					"rotationOrigin": [ 0.6, 2.3, 0.2 ],
					"rotationY": -22.5,
					"faces": {
						"north": { "texture": "#meatnugget", "uv": [ 1.375, 1.5, 2.0, 1.875 ] },
						"east": { "texture": "#meatnugget", "uv": [ 1.75, 2.125, 2.375, 2.5 ] },
						"south": { "texture": "#meatnugget", "uv": [ 1.375, 1.375, 2.0, 1.75 ] },
						"west": { "texture": "#meatnugget", "uv": [ 1.5, 2.25, 2.125, 2.625 ] },
						"up": { "texture": "#meatnugget", "uv": [ 1.625, 1.875, 2.25, 2.5 ] },
						"down": { "texture": "#meatnugget", "uv": [ 1.5, 1.375, 2.125, 2.0 ] }
					},
					"children": [
						{
							"name": "voxel22",
							"from": [ 0.05, 0.4, 0.05 ], 
							"to": [ 0.65, 0.5, 0.65 ], 
							"rotationOrigin": [ 0.0, 0.4, 0.0 ],
							"faces": {
								"north": { "texture": "#meatnugget", "uv": [ 2.0, 2.5, 2.5, 2.625 ] },
								"east": { "texture": "#meatnugget", "uv": [ 1.5, 2.125, 2.0, 2.25 ] },
								"south": { "texture": "#meatnugget", "uv": [ 1.5, 2.125, 2.0, 2.25 ] },
								"west": { "texture": "#meatnugget", "uv": [ 1.375, 1.75, 1.875, 1.875 ] },
								"up": { "texture": "#meatnugget", "uv": [ 1.25, 2.125, 1.75, 2.625 ] },
								"down": { "texture": "#meatnugget", "uv": [ 1.5, 2.125, 2.0, 2.625 ] }
							}
						},
						{
							"name": "voxel21",
							"from": [ -0.9, 0.0, 0.6 ], 
							"to": [ -0.4, 0.35, 1.1 ], 
							"rotationOrigin": [ -0.9, 0.0, 0.6 ],
							"rotationY": 66.0,
							"faces": {
								"north": { "texture": "#meatnugget", "uv": [ 1.875, 2.125, 2.375, 2.375 ] },
								"east": { "texture": "#meatnugget", "uv": [ 1.375, 1.75, 1.875, 2.0 ] },
								"south": { "texture": "#meatnugget", "uv": [ 1.5, 2.25, 2.0, 2.5 ] },
								"west": { "texture": "#meatnugget", "uv": [ 1.375, 1.625, 1.875, 1.875 ] },
								"up": { "texture": "#meatnugget", "uv": [ 1.625, 1.625, 2.125, 2.125 ] },
								"down": { "texture": "#meatnugget", "uv": [ 1.375, 2.0, 1.875, 2.5 ] }
							}
						},
						{
							"name": "voxel20",
							"from": [ 0.15, 0.0, 1.95 ], 
							"to": [ 0.65, 0.3, 2.45 ], 
							"rotationOrigin": [ 0.1, 0.0, 2.0 ],
							"rotationY": 77.0,
							"faces": {
								"north": { "texture": "#meatnugget", "uv": [ 1.375, 1.625, 1.875, 1.875 ] },
								"east": { "texture": "#meatnugget", "uv": [ 1.75, 2.375, 2.25, 2.625 ] },
								"south": { "texture": "#meatnugget", "uv": [ 1.375, 2.0, 1.875, 2.25 ] },
								"west": { "texture": "#meatnugget", "uv": [ 2.0, 2.25, 2.5, 2.5 ] },
								"up": { "texture": "#meatnugget", "uv": [ 1.625, 1.375, 2.125, 1.875 ] },
								"down": { "texture": "#meatnugget", "uv": [ 1.625, 1.75, 2.125, 2.25 ] }
							}
						},
						{
							"name": "voxel19",
							"from": [ 0.1, 0.0, 2.5 ], 
							"to": [ 0.5, 0.25, 2.9 ], 
							"rotationOrigin": [ 0.1, 0.0, 2.5 ],
							"rotationY": 47.0,
							"faces": {
								"north": { "texture": "#meatnugget", "uv": [ 1.5, 2.0, 1.875, 2.25 ] },
								"east": { "texture": "#meatnugget", "uv": [ 1.375, 2.0, 1.75, 2.25 ] },
								"south": { "texture": "#meatnugget", "uv": [ 1.5, 1.5, 1.875, 1.75 ] },
								"west": { "texture": "#meatnugget", "uv": [ 2.0, 2.375, 2.375, 2.625 ] },
								"up": { "texture": "#meatnugget", "uv": [ 1.75, 1.5, 2.125, 1.875 ] },
								"down": { "texture": "#meatnugget", "uv": [ 1.5, 1.625, 1.875, 2.0 ] }
							}
						},
						{
							"name": "voxel18",
							"from": [ 0.5, 0.0, 3.1 ], 
							"to": [ 0.9, 0.2, 3.5 ], 
							"rotationOrigin": [ 0.5, 0.0, 3.1 ],
							"rotationY": 77.0,
							"faces": {
								"north": { "texture": "#meatnugget", "uv": [ 1.375, 1.75, 1.75, 1.875 ] },
								"east": { "texture": "#meatnugget", "uv": [ 1.5, 2.5, 1.875, 2.625 ] },
								"south": { "texture": "#meatnugget", "uv": [ 1.75, 2.125, 2.125, 2.25 ] },
								"west": { "texture": "#meatnugget", "uv": [ 1.5, 1.625, 1.875, 1.75 ] },
								"up": { "texture": "#meatnugget", "uv": [ 2.0, 2.25, 2.375, 2.625 ] },
								"down": { "texture": "#meatnugget", "uv": [ 1.875, 2.0, 2.25, 2.375 ] }
							}
						},
						{
							"name": "Cube71",
							"from": [ 0.73, 0.2, 3.13 ], 
							"to": [ 1.03, 0.25, 3.43 ], 
							"rotationOrigin": [ 0.6, 0.2, 3.2 ],
							"rotationY": 76.99997997078047,
							"faces": {
								"north": { "texture": "#meatnugget", "uv": [ 1.625, 2.25, 1.875, 2.375 ] },
								"east": { "texture": "#meatnugget", "uv": [ 1.5, 1.875, 1.75, 2.0 ] },
								"south": { "texture": "#meatnugget", "uv": [ 2.25, 2.375, 2.5, 2.5 ] },
								"west": { "texture": "#meatnugget", "uv": [ 1.75, 2.375, 2.0, 2.5 ] },
								"up": { "texture": "#meatnugget", "uv": [ 1.875, 2.375, 2.125, 2.625 ] },
								"down": { "texture": "#meatnugget", "uv": [ 1.375, 1.75, 1.625, 2.0 ] }
							}
						},
						{
							"name": "Cube69",
							"from": [ 0.25, 0.25, 2.5 ], 
							"to": [ 0.55, 0.31, 2.8 ], 
							"rotationOrigin": [ 0.2, 0.0, 2.6 ],
							"rotationY": 47.000002304384694,
							"faces": {
								"north": { "texture": "#meatnugget", "uv": [ 2.0, 1.875, 2.25, 2.0 ] },
								"east": { "texture": "#meatnugget", "uv": [ 1.75, 2.125, 2.0, 2.25 ] },
								"south": { "texture": "#meatnugget", "uv": [ 1.625, 2.0, 1.875, 2.125 ] },
								"west": { "texture": "#meatnugget", "uv": [ 1.5, 2.375, 1.75, 2.5 ] },
								"up": { "texture": "#meatnugget", "uv": [ 1.5, 2.125, 1.75, 2.375 ] },
								"down": { "texture": "#meatnugget", "uv": [ 1.75, 2.25, 2.0, 2.5 ] }
							}
						},
						{
							"name": "Cube67",
							"from": [ 0.27, 0.3, 1.9 ], 
							"to": [ 0.67, 0.37, 2.3 ], 
							"rotationOrigin": [ 0.2, 0.3, 2.0 ],
							"rotationY": 76.99997997078047,
							"faces": {
								"north": { "texture": "#meatnugget", "uv": [ 1.375, 1.75, 1.75, 1.875 ] },
								"east": { "texture": "#meatnugget", "uv": [ 1.5, 1.625, 1.875, 1.75 ] },
								"south": { "texture": "#meatnugget", "uv": [ 2.25, 2.5, 2.625, 2.625 ] },
								"west": { "texture": "#meatnugget", "uv": [ 2.0, 2.375, 2.375, 2.5 ] },
								"up": { "texture": "#meatnugget", "uv": [ 2.375, 2.375, 2.75, 2.75 ] },
								"down": { "texture": "#meatnugget", "uv": [ 2.125, 2.125, 2.5, 2.5 ] }
							}
						},
						{
							"name": "Cube65",
							"from": [ -0.85, 0.35, 0.65 ], 
							"to": [ -0.45, 0.42, 1.05 ], 
							"rotationOrigin": [ -0.9, 0.4, 0.6 ],
							"rotationY": 66.00000083725327,
							"faces": {
								"north": { "texture": "#meatnugget", "uv": [ 1.75, 2.375, 2.125, 2.5 ] },
								"east": { "texture": "#meatnugget", "uv": [ 1.375, 1.5, 1.75, 1.625 ] },
								"south": { "texture": "#meatnugget", "uv": [ 1.75, 2.5, 2.125, 2.625 ] },
								"west": { "texture": "#meatnugget", "uv": [ 1.875, 2.0, 2.25, 2.125 ] },
								"up": { "texture": "#meatnugget", "uv": [ 1.5, 2.25, 1.875, 2.625 ] },
								"down": { "texture": "#meatnugget", "uv": [ 1.75, 1.75, 2.125, 2.125 ] }
							}
						}
					]
				},
				{
					"name": "topping",
					"from": [ -0.1, 2.3, -0.1 ], 
					"to": [ 3.1, 2.4, 3.1 ], 
					"renderPass": 3,
					"renderInEditor": false,
					"faces": {
						"north": { "texture": "#topping", "uv": [ 0.0, 0.0, 3.0, 0.0 ] },
						"east": { "texture": "#topping", "uv": [ 0.0, 0.0, 3.0, 0.0 ] },
						"south": { "texture": "#topping", "uv": [ 0.0, 0.0, 3.0, 0.0 ] },
						"west": { "texture": "#topping", "uv": [ 0.0, 0.0, 3.0, 0.0 ] },
						"up": { "texture": "#topping", "uv": [ 0.0, 0.0, 3.0, 3.0 ] },
						"down": { "texture": "#topping", "uv": [ 0.0, 0.0, 3.0, 3.0 ], "enabled": false }
					}
				},
				{
					"name": "fish",
					"from": [ 2.8, 2.0, 0.1 ], 
					"to": [ 3.3, 3.0, 0.6 ], 
					"renderInEditor": false,
					"rotationOrigin": [ 2.9, 2.4, 0.3 ],
					"rotationY": 22.5,
					"rotationZ": -45.0,
					"faces": {
						"north": { "texture": "#normal", "uv": [ 1.75, 1.125, 2.25, 2.125 ] },
						"east": { "texture": "#normal", "uv": [ 2.125, 1.125, 2.625, 2.125 ] },
						"south": { "texture": "#normal", "uv": [ 2.0, 0.875, 2.5, 1.875 ] },
						"west": { "texture": "#normal", "uv": [ 2.0, 0.875, 2.5, 1.875 ] },
						"up": { "texture": "#normal", "uv": [ 2.0, 1.625, 2.5, 2.125 ] },
						"down": { "texture": "#normal", "uv": [ 2.125, 1.5, 2.625, 2.0 ] }
					},
					"children": [
						{
							"name": "meat 76",
							"from": [ 0.0, -0.5, 0.5 ], 
							"to": [ 0.5, 2.0, 1.0 ], 
							"faces": {
								"north": { "texture": "#normal", "uv": [ 2.75, 0.625, 3.25, 3.125 ] },
								"east": { "texture": "#normal", "uv": [ 2.75, 0.875, 3.25, 3.375 ] },
								"south": { "texture": "#normal", "uv": [ 2.75, 0.625, 3.25, 3.125 ] },
								"west": { "texture": "#normal", "uv": [ 2.75, 0.625, 3.25, 3.125 ] },
								"up": { "texture": "#normal", "uv": [ 2.75, 0.25, 3.25, 0.75 ] },
								"down": { "texture": "#normal", "uv": [ 7.0, 7.0, 7.5, 7.5 ], "enabled": false }
							}
						},
						{
							"name": "meat 76",
							"from": [ 0.0, -0.5, -0.5 ], 
							"to": [ 0.5, 1.5, 0.0 ], 
							"faces": {
								"north": { "texture": "#normal", "uv": [ 1.0, 0.875, 1.5, 2.875 ] },
								"east": { "texture": "#normal", "uv": [ 1.25, 0.75, 1.75, 2.75 ] },
								"south": { "texture": "#normal", "uv": [ 1.25, 0.75, 1.75, 2.75 ] },
								"west": { "texture": "#normal", "uv": [ 1.125, 0.625, 1.625, 2.625 ] },
								"up": { "texture": "#normal", "uv": [ 1.25, 0.0, 1.75, 0.5 ] },
								"down": { "texture": "#normal", "uv": [ 10.0, 9.0, 10.5, 9.5 ], "enabled": false }
							}
						},
						{
							"name": "meat 76",
							"from": [ -0.5, -0.3, 0.0 ], 
							"to": [ 0.0, 1.2, 0.5 ], 
							"faces": {
								"north": { "texture": "#normal", "uv": [ 2.0, 1.875, 2.5, 3.375 ] },
								"east": { "texture": "#normal", "uv": [ 2.125, 1.625, 2.625, 3.125 ] },
								"south": { "texture": "#normal", "uv": [ 2.0, 1.125, 2.5, 2.625 ] },
								"west": { "texture": "#normal", "uv": [ 2.0, 1.125, 2.5, 2.625 ] },
								"up": { "texture": "#normal", "uv": [ 2.0, 0.125, 2.5, 0.625 ] },
								"down": { "texture": "#normal", "uv": [ 10.0, 9.0, 10.5, 9.5 ], "enabled": false }
							}
						},
						{
							"name": "meat 77",
							"from": [ 0.0, -0.5, 1.0 ], 
							"to": [ 0.5, 1.5, 1.5 ], 
							"faces": {
								"north": { "texture": "#normal", "uv": [ 8.0, 9.0, 8.5, 11.0 ], "enabled": false },
								"east": { "texture": "#normal", "uv": [ 3.25, 0.5, 3.75, 2.5 ] },
								"south": { "texture": "#normal", "uv": [ 3.5, 0.75, 4.0, 2.75 ] },
								"west": { "texture": "#normal", "uv": [ 3.375, 0.875, 3.875, 2.875 ] },
								"up": { "texture": "#normal", "uv": [ 3.5, 0.125, 4.0, 0.625 ] },
								"down": { "texture": "#normal", "uv": [ 9.0, 9.5, 9.5, 10.0 ], "enabled": false }
							}
						},
						{
							"name": "meat 78",
							"from": [ -0.5, -0.3, 0.5 ], 
							"to": [ 0.0, 0.7, 1.0 ], 
							"faces": {
								"north": { "texture": "#normal", "uv": [ 7.0, 9.0, 7.5, 10.0 ], "enabled": false },
								"east": { "texture": "#normal", "uv": [ 8.0, 7.0, 8.5, 8.0 ], "enabled": false },
								"south": { "texture": "#normal", "uv": [ 2.875, 2.25, 3.375, 3.25 ] },
								"west": { "texture": "#normal", "uv": [ 3.0, 2.125, 3.5, 3.125 ] },
								"up": { "texture": "#normal", "uv": [ 3.0, 2.125, 3.5, 2.625 ] },
								"down": { "texture": "#normal", "uv": [ 10.0, 9.0, 10.5, 9.5 ], "enabled": false }
							}
						},
						{
							"name": "meat 79",
							"from": [ -0.5, -0.5, -1.0 ], 
							"to": [ 0.0, 1.0, 0.0 ], 
							"rotationOrigin": [ -1.5, 0.0, -1.0 ],
							"faces": {
								"north": { "texture": "#normal", "uv": [ 0.75, 0.125, 1.25, 1.625 ] },
								"east": { "texture": "#normal", "uv": [ 0.5, 1.0, 1.5, 2.5 ] },
								"south": { "texture": "#normal", "uv": [ 7.0, 9.5, 7.5, 11.0 ], "enabled": false },
								"west": { "texture": "#normal", "uv": [ 0.625, 1.125, 1.625, 2.625 ] },
								"up": { "texture": "#normal", "uv": [ 0.875, 0.75, 1.375, 1.75 ] },
								"down": { "texture": "#normal", "uv": [ 10.0, 9.0, 10.5, 10.0 ], "enabled": false }
							}
						},
						{
							"name": "reserve80",
							"from": [ -1.0, -1.2, -0.5 ], 
							"to": [ -0.5, 0.3, 0.5 ], 
							"rotationOrigin": [ -1.5, 0.3, -1.0 ],
							"faces": {
								"north": { "texture": "#normal", "uv": [ 1.0, 0.875, 1.5, 2.375 ] },
								"east": { "texture": "#normal", "uv": [ 1.0, 1.75, 2.0, 3.25 ] },
								"south": { "texture": "#normal", "uv": [ 1.25, 1.75, 1.75, 3.25 ] },
								"west": { "texture": "#normal", "uv": [ 1.375, 2.375, 2.375, 3.875 ] },
								"up": { "texture": "#normal", "uv": [ 1.25, 0.375, 1.75, 1.375 ] },
								"down": { "texture": "#normal", "uv": [ 10.0, 9.0, 10.5, 10.0 ], "enabled": false }
							}
						}
					]
				},
				{
					"name": "fish 2",
					"from": [ -0.2, 2.0, 2.1 ], 
					"to": [ 0.3, 3.0, 2.6 ], 
					"renderInEditor": false,
					"rotationOrigin": [ -0.1, 2.4, 2.3 ],
					"rotationY": -157.5,
					"rotationZ": -45.0,
					"faces": {
						"north": { "texture": "#normal", "uv": [ 2.0, 1.125, 2.5, 2.125 ] },
						"east": { "texture": "#normal", "uv": [ 2.0, 1.375, 2.5, 2.375 ] },
						"south": { "texture": "#normal", "uv": [ 1.875, 1.25, 2.375, 2.25 ] },
						"west": { "texture": "#normal", "uv": [ 2.0, 1.125, 2.5, 2.125 ] },
						"up": { "texture": "#normal", "uv": [ 2.0, 1.875, 2.5, 2.375 ] },
						"down": { "texture": "#normal", "uv": [ 2.0, 1.875, 2.5, 2.375 ] }
					},
					"children": [
						{
							"name": "meat 82",
							"from": [ 0.0, -0.5, 0.5 ], 
							"to": [ 0.5, 2.0, 1.0 ], 
							"faces": {
								"north": { "texture": "#normal", "uv": [ 2.875, 0.5, 3.375, 3.0 ] },
								"east": { "texture": "#normal", "uv": [ 2.875, 0.625, 3.375, 3.125 ] },
								"south": { "texture": "#normal", "uv": [ 2.875, 0.5, 3.375, 3.0 ] },
								"west": { "texture": "#normal", "uv": [ 2.75, 0.75, 3.25, 3.25 ] },
								"up": { "texture": "#normal", "uv": [ 2.75, 0.25, 3.25, 0.75 ] },
								"down": { "texture": "#normal", "uv": [ 7.0, 7.0, 7.5, 7.5 ], "enabled": false }
							}
						},
						{
							"name": "meat 83",
							"from": [ 0.0, -0.5, -0.5 ], 
							"to": [ 0.5, 1.5, 0.0 ], 
							"faces": {
								"north": { "texture": "#normal", "uv": [ 1.125, 0.25, 1.625, 2.25 ] },
								"east": { "texture": "#normal", "uv": [ 1.25, 0.25, 1.75, 2.25 ] },
								"south": { "texture": "#normal", "uv": [ 1.25, 0.25, 1.75, 2.25 ] },
								"west": { "texture": "#normal", "uv": [ 1.125, 0.625, 1.625, 2.625 ] },
								"up": { "texture": "#normal", "uv": [ 1.25, 0.0, 1.75, 0.5 ] },
								"down": { "texture": "#normal", "uv": [ 10.0, 9.0, 10.5, 9.5 ], "enabled": false }
							}
						},
						{
							"name": "meat 84",
							"from": [ -0.5, -0.3, 0.0 ], 
							"to": [ 0.0, 1.2, 0.5 ], 
							"faces": {
								"north": { "texture": "#normal", "uv": [ 2.0, 1.375, 2.5, 2.875 ] },
								"east": { "texture": "#normal", "uv": [ 2.125, 1.125, 2.625, 2.625 ] },
								"south": { "texture": "#normal", "uv": [ 2.0, 1.5, 2.5, 3.0 ] },
								"west": { "texture": "#normal", "uv": [ 2.0, 1.625, 2.5, 3.125 ] },
								"up": { "texture": "#normal", "uv": [ 2.125, 0.375, 2.625, 0.875 ] },
								"down": { "texture": "#normal", "uv": [ 10.0, 9.0, 10.5, 9.5 ], "enabled": false }
							}
						},
						{
							"name": "meat 85",
							"from": [ 0.0, -0.5, 1.0 ], 
							"to": [ 0.5, 1.5, 1.5 ], 
							"faces": {
								"north": { "texture": "#normal", "uv": [ 8.0, 9.0, 8.5, 11.0 ], "enabled": false },
								"east": { "texture": "#normal", "uv": [ 3.5, 1.0, 4.0, 3.0 ] },
								"south": { "texture": "#normal", "uv": [ 3.5, 1.0, 4.0, 3.0 ] },
								"west": { "texture": "#normal", "uv": [ 3.5, 1.125, 4.0, 3.125 ] },
								"up": { "texture": "#normal", "uv": [ 3.5, 0.25, 4.0, 0.75 ] },
								"down": { "texture": "#normal", "uv": [ 9.0, 9.5, 9.5, 10.0 ], "enabled": false }
							}
						},
						{
							"name": "meat 86",
							"from": [ -0.5, -0.3, 0.5 ], 
							"to": [ 0.0, 0.7, 1.0 ], 
							"faces": {
								"north": { "texture": "#normal", "uv": [ 7.0, 9.0, 7.5, 10.0 ], "enabled": false },
								"east": { "texture": "#normal", "uv": [ 8.0, 7.0, 8.5, 8.0 ], "enabled": false },
								"south": { "texture": "#normal", "uv": [ 3.125, 2.0, 3.625, 3.0 ] },
								"west": { "texture": "#normal", "uv": [ 3.125, 1.875, 3.625, 2.875 ] },
								"up": { "texture": "#normal", "uv": [ 3.125, 0.5, 3.625, 1.0 ] },
								"down": { "texture": "#normal", "uv": [ 10.0, 9.0, 10.5, 9.5 ], "enabled": false }
							}
						},
						{
							"name": "meat 87",
							"from": [ -0.5, -0.5, -1.0 ], 
							"to": [ 0.0, 1.0, 0.0 ], 
							"rotationOrigin": [ -1.5, 0.0, -1.0 ],
							"faces": {
								"north": { "texture": "#normal", "uv": [ 0.75, 0.25, 1.25, 1.75 ] },
								"east": { "texture": "#normal", "uv": [ 0.375, 0.875, 1.375, 2.375 ] },
								"south": { "texture": "#normal", "uv": [ 7.0, 9.5, 7.5, 11.0 ], "enabled": false },
								"west": { "texture": "#normal", "uv": [ 0.75, 1.125, 1.75, 2.625 ] },
								"up": { "texture": "#normal", "uv": [ 1.25, 1.125, 1.75, 2.125 ] },
								"down": { "texture": "#normal", "uv": [ 10.0, 9.0, 10.5, 10.0 ], "enabled": false }
							}
						},
						{
							"name": "reserve88",
							"from": [ -1.0, -1.2, -0.5 ], 
							"to": [ -0.5, 0.3, 0.5 ], 
							"rotationOrigin": [ -1.5, 0.3, -1.0 ],
							"faces": {
								"north": { "texture": "#normal", "uv": [ 0.75, 1.0, 1.25, 2.5 ] },
								"east": { "texture": "#normal", "uv": [ 1.0, 1.5, 2.0, 3.0 ] },
								"south": { "texture": "#normal", "uv": [ 2.0, 1.125, 2.5, 2.625 ] },
								"west": { "texture": "#normal", "uv": [ 1.375, 2.5, 2.375, 4.0 ] },
								"up": { "texture": "#normal", "uv": [ 1.875, 1.375, 2.375, 2.375 ] },
								"down": { "texture": "#normal", "uv": [ 10.0, 9.0, 10.5, 10.0 ], "enabled": false }
							}
						}
					]
				}
			]
		}
	]}