[
  {
    "op": "add",
    "path": "/ingredients/0/validStacks/5",
    "value": {
      "type": "item",
      "code": "expandedfoods:meatnugget-bushmeat-smashed",
      "shapeElement": "bowl/meat stew/*",
      "textureMapping": [
        "meat",
        "group2"
      ]
    },
    "file": "recipes/cooking/meatystew.json"
  },
  {
    "op": "add",
    "path": "/ingredients/0/validStacks/6",
    "value": {
      "type": "item",
      "code": "expandedfoods:meatnugget-bushmeat-raw",
      "shapeElement": "bowl/meat stew/*",
      "textureMapping": [
        "meat",
        "group2"
      ]
    },
    "file": "recipes/cooking/meatystew.json"
  },
  {
    "op": "add",
    "path": "/ingredients/0/validStacks/7",
    "value": {
      "type": "item",
      "code": "expandedfoods:meatnugget-poultry-smashed",
      "shapeElement": "bowl/meat stew/*",
      "textureMapping": [
        "meat",
        "group3"
      ]
    },
    "file": "recipes/cooking/meatystew.json"
  },
  {
    "op": "add",
    "path": "/ingredients/0/validStacks/8",
    "value": {
      "type": "item",
      "code": "expandedfoods:meatnugget-poultry-raw",
      "shapeElement": "bowl/meat stew/*",
      "textureMapping": [
        "meat",
        "group3"
      ]
    },
    "file": "recipes/cooking/meatystew.json"
  },
  {
    "op": "add",
    "path": "/ingredients/0/validStacks/9",
    "value": {
      "type": "item",
      "code": "expandedfoods:meatnugget-redmeat-smashed",
      "shapeElement": "bowl/meat stew/*",
      "textureMapping": [
        "meat",
        "group2"
      ]
    },
    "file": "recipes/cooking/meatystew.json"
  },
  {
    "op": "add",
    "path": "/ingredients/0/validStacks/10",
    "value": {
      "type": "item",
      "code": "expandedfoods:meatnugget-redmeat-raw",
      "shapeElement": "bowl/meat stew/*",
      "textureMapping": [
        "meat",
        "group2"
      ]
    },
    "file": "recipes/cooking/meatystew.json"
  },
    {
        "file": "recipes/cooking/meatystew.json",
        "op": "add",
        "path": "/ingredients/0/validStacks/-",
        "value": {
            "type": "item",
            "code": "expandedfoods:fishnugget-raw",
            "shapeElement": "bowl/meat stew/*",
	    "textureMapping": [
      		"meat",
        	"group2"
      	  ]
        }
    },
    {
        "file": "recipes/cooking/meatystew.json",
        "op": "add",
        "path": "/ingredients/0/validStacks/-",
        "value": {
            "type": "item",
            "code": "expandedfoods:fishnugget-smashed",
            "shapeElement": "bowl/meat stew/*",
	    "textureMapping": [
      		"meat",
        	"group2"
      	  ]
        }
    },
  {
    "op": "add",
    "path": "/ingredients/2/validStacks/6",
    "value": {
      "type": "item",
      "code": "expandedfoods:meatnugget-bushmeat-smashed",
      "shapeElement": "bowl/red meat/*",
      "textureMapping": [
        "meat",
        "group2"
      ]
    },
    "file": "recipes/cooking/meatystew.json"
  },
  {
    "op": "add",
    "path": "/ingredients/2/validStacks/7",
    "value": {
      "type": "item",
      "code": "expandedfoods:meatnugget-bushmeat-raw",
      "shapeElement": "bowl/meatnugget 1/*",
      "textureMapping": [
        "meatnugget",
        "group6"
      ]
    },
    "file": "recipes/cooking/meatystew.json"
  },
  {
    "op": "add",
    "path": "/ingredients/2/validStacks/8",
    "value": {
      "type": "item",
      "code": "expandedfoods:meatnugget-poultry-smashed",
      "shapeElement": "bowl/poultry/*",
      "textureMapping": [
        "meat",
        "group3"
      ]
    },
    "file": "recipes/cooking/meatystew.json"
  },
  {
    "op": "add",
    "path": "/ingredients/2/validStacks/9",
    "value": {
      "type": "item",
      "code": "expandedfoods:meatnugget-poultry-raw",
      "shapeElement": "bowl/meatnugget 1/*",
      "textureMapping": [
        "meatnugget",
        "group5"
      ]
    },
    "file": "recipes/cooking/meatystew.json"
  },
  {
    "op": "add",
    "path": "/ingredients/2/validStacks/10",
    "value": {
      "type": "item",
      "code": "expandedfoods:meatnugget-redmeat-smashed",
      "shapeElement": "bowl/red meat/*",
      "textureMapping": [
        "meat",
        "group2"
      ]
    },
    "file": "recipes/cooking/meatystew.json"
  },
  {
    "op": "add",
    "path": "/ingredients/2/validStacks/11",
    "value": {
      "type": "item",
      "code": "expandedfoods:meatnugget-redmeat-raw",
      "shapeElement": "bowl/meatnugget 1/*",
      "textureMapping": [
        "meatnugget",
        "group6"
      ]
    },
    "file": "recipes/cooking/meatystew.json"
  },
 {
    "op": "add",
    "path": "/ingredients/2/validStacks/12",
    "value": {
      "type": "item",
      "code": "expandedfoods:dumpling-*-bushmeat-raw"
    },
    "file": "recipes/cooking/meatystew.json"
  },
  {
    "op": "add",
    "path": "/ingredients/2/validStacks/13",
    "value": {
      "type": "item",
      "code": "expandedfoods:dumpling-*-redmeat-raw"
    },
    "file": "recipes/cooking/meatystew.json"
  },
  {
    "op": "add",
    "path": "/ingredients/2/validStacks/14",
    "value": {
      "type": "item",
      "code": "expandedfoods:dumpling-*-poultry-raw"
    },
    "file": "recipes/cooking/meatystew.json"
  },
  {
    "op": "add",
    "path": "/ingredients/2/validStacks/15",
    "value": {
      "type": "item",
      "code": "expandedfoods:acorndumpling-*-bushmeat-raw"
    },
    "file": "recipes/cooking/meatystew.json"
  },
  {
    "op": "add",
    "path": "/ingredients/2/validStacks/16",
    "value": {
      "type": "item",
      "code": "expandedfoods:acorndumpling-*-redmeat-raw"
    },
    "file": "recipes/cooking/meatystew.json"
  },
  {
    "op": "add",
    "path": "/ingredients/2/validStacks/17",
    "value": {
      "type": "item",
      "code": "expandedfoods:acorndumpling-*-poultry-raw"
    },
    "file": "recipes/cooking/meatystew.json"
  },
  {
    "op": "add",
    "path": "/ingredients/2/validStacks/18",
    "value": {
      "type": "item",
      "code": "expandedfoods:fishdumpling-*-raw"
    },
    "file": "recipes/cooking/meatystew.json"
  },
  {
    "op": "add",
    "path": "/ingredients/2/validStacks/19",
    "value": {
      "type": "item",
      "code": "expandedfoods:acornfishdumpling-*-raw"
    },
    "file": "recipes/cooking/meatystew.json"
  },
    {
        "file": "recipes/cooking/meatystew.json",
        "op": "add",
        "path": "/ingredients/2/validStacks/-",
        "value": {
            "type": "item",
            "code": "expandedfoods:fishnugget-raw",
            "shapeElement": "bowl/meatnugget 1/*",
            "textureMapping": ["meatnugget", "fishfillet-raw"]
        }
    },
   {
        "file": "recipes/cooking/meatystew.json",
        "op": "add",
        "path": "/ingredients/2/validStacks/-",
        "value": {
            "type": "item",
            "code": "expandedfoods:fishnugget-smashed",
            "shapeElement": "bowl/fish/*",
            "textureMapping": [ "normal", "fishfillet-raw" ]
        }
    },
  {
    "op": "add",
    "path": "/ingredients/3/validStacks/5",
    "value": {
      "type": "item",
      "code": "expandedfoods:meatnugget-bushmeat-smashed",
      "shapeElement": "bowl/red meat 2/*",
      "textureMapping": [
        "meat",
        "group2"
      ]
    },
    "file": "recipes/cooking/meatystew.json"
  },
  {
    "op": "add",
    "path": "/ingredients/3/validStacks/6",
    "value": {
      "type": "item",
      "code": "expandedfoods:meatnugget-bushmeat-raw",
      "shapeElement": "bowl/meatnugget 2/*",
      "textureMapping": [
        "meatnugget",
        "group6"
      ]
    },
    "file": "recipes/cooking/meatystew.json"
  },
  {
    "op": "add",
    "path": "/ingredients/3/validStacks/7",
    "value": {
      "type": "item",
      "code": "expandedfoods:meatnugget-poultry-smashed",
      "shapeElement": "bowl/poultry 2/*",
      "textureMapping": [
        "meat",
        "group3"
      ]
    },
    "file": "recipes/cooking/meatystew.json"
  },
  {
    "op": "add",
    "path": "/ingredients/3/validStacks/8",
    "value": {
      "type": "item",
      "code": "expandedfoods:meatnugget-poultry-raw",
      "shapeElement": "bowl/meatnugget 2/*",
      "textureMapping": [
        "meatnugget",
        "group5"
      ]
    },
    "file": "recipes/cooking/meatystew.json"
  },
  {
    "op": "add",
    "path": "/ingredients/3/validStacks/9",
    "value": {
      "type": "item",
      "code": "expandedfoods:meatnugget-redmeat-smashed",
      "shapeElement": "bowl/red meat 2/*",
      "textureMapping": [
        "meat",
        "group2"
      ]
    },
    "file": "recipes/cooking/meatystew.json"
  },
  {
    "op": "add",
    "path": "/ingredients/3/validStacks/10",
    "value": {
      "type": "item",
      "code": "expandedfoods:meatnugget-redmeat-raw",
      "shapeElement": "bowl/meatnugget 2/*",
      "textureMapping": [
        "meatnugget",
        "group6"
      ]
    },
    "file": "recipes/cooking/meatystew.json"
  },
 {
    "op": "add",
    "path": "/ingredients/3/validStacks/11",
    "value": {
      "type": "item",
      "code": "expandedfoods:dumpling-*-bushmeat-raw"
    },
    "file": "recipes/cooking/meatystew.json"
  },
  {
    "op": "add",
    "path": "/ingredients/3/validStacks/12",
    "value": {
      "type": "item",
      "code": "expandedfoods:dumpling-*-redmeat-raw"
    },
    "file": "recipes/cooking/meatystew.json"
  },
  {
    "op": "add",
    "path": "/ingredients/3/validStacks/13",
    "value": {
      "type": "item",
      "code": "expandedfoods:dumpling-*-poultry-raw"
    },
    "file": "recipes/cooking/meatystew.json"
  },
  {
    "op": "add",
    "path": "/ingredients/3/validStacks/14",
    "value": {
      "type": "item",
      "code": "expandedfoods:acorndumpling-*-bushmeat-raw"
    },
    "file": "recipes/cooking/meatystew.json"
  },
  {
    "op": "add",
    "path": "/ingredients/3/validStacks/15",
    "value": {
      "type": "item",
      "code": "expandedfoods:acorndumpling-*-redmeat-raw"
    },
    "file": "recipes/cooking/meatystew.json"
  },
  {
    "op": "add",
    "path": "/ingredients/3/validStacks/16",
    "value": {
      "type": "item",
      "code": "expandedfoods:acorndumpling-*-poultry-raw"
    },
    "file": "recipes/cooking/meatystew.json"
  },
{
    "op": "add",
    "path": "/ingredients/3/validStacks/17",
    "value": {
      "type": "item",
      "code": "expandedfoods:fishdumpling-*-raw"
    },
    "file": "recipes/cooking/meatystew.json"
  },
  {
    "op": "add",
    "path": "/ingredients/3/validStacks/18",
    "value": {
      "type": "item",
      "code": "expandedfoods:acornfishdumpling-*-raw"
    },
    "file": "recipes/cooking/meatystew.json"
  },
    {
        "file": "recipes/cooking/meatystew.json",
        "op": "add",
        "path": "/ingredients/3/validStacks/-",
        "value": {
            "type": "item",
            "code": "expandedfoods:fishnugget-raw",
            "shapeElement": "bowl/meatnugget 2/*",
            "textureMapping": ["meatnugget", "fishfillet-raw"]
        }
    },
   {
        "file": "recipes/cooking/meatystew.json",
        "op": "add",
        "path": "/ingredients/3/validStacks/-",
        "value": {
            "type": "item",
            "code": "expandedfoods:fishnugget-smashed",
            "shapeElement": "bowl/fish 2/*",
            "textureMapping": ["normal", "fishfillet-raw"]
        }
    },
 {
    "op": "add",
    "path": "/ingredients/4/validStacks/11",
    "value": {
      "type": "item",
      "code": "expandedfoods:dumpling-*-cabbage-raw"
    },
    "file": "recipes/cooking/meatystew.json"
  },
  {
    "op": "add",
    "path": "/ingredients/4/validStacks/12",
    "value": {
      "type": "item",
      "code": "expandedfoods:dumpling-*-soybean-raw"
    },
    "file": "recipes/cooking/meatystew.json"
  },
  {
    "op": "add",
    "path": "/ingredients/4/validStacks/13",
    "value": {
      "type": "item",
      "code": "expandedfoods:dumpling-*-nothing-raw"
    },
    "file": "recipes/cooking/meatystew.json"
  },
  {
    "op": "add",
    "path": "/ingredients/4/validStacks/14",
    "value": {
      "type": "item",
      "code": "expandedfoods:dumpling-*-carrot-raw"
    },
    "file": "recipes/cooking/meatystew.json"
  },
  {
    "op": "add",
    "path": "/ingredients/4/validStacks/15",
    "value": {
      "type": "item",
      "code": "expandedfoods:dumpling-*-onion-raw"
    },
    "file": "recipes/cooking/meatystew.json"
  },
  {
    "op": "add",
    "path": "/ingredients/4/validStacks/16",
    "value": {
      "type": "item",
      "code": "expandedfoods:dumpling-*-parsnip-raw"
    },
    "file": "recipes/cooking/meatystew.json"
  },
  {
    "op": "add",
    "path": "/ingredients/4/validStacks/17",
    "value": {
      "type": "item",
      "code": "expandedfoods:dumpling-*-bolete-raw"
    },
    "file": "recipes/cooking/meatystew.json"
  },
  {
    "op": "add",
    "path": "/ingredients/4/validStacks/18",
    "value": {
      "type": "item",
      "code": "expandedfoods:dumpling-*-fieldmushroom-raw"
    },
    "file": "recipes/cooking/meatystew.json"
  },
  {
    "op": "add",
    "path": "/ingredients/4/validStacks/19",
    "value": {
      "type": "item",
      "code": "expandedfoods:dumpling-*-turnip-raw"
    },
    "file": "recipes/cooking/meatystew.json"
  },
  {
    "op": "add",
    "path": "/ingredients/4/validStacks/20",
    "value": {
      "type": "item",
      "code": "expandedfoods:acorndumpling-*-cabbage-raw"
    },
    "file": "recipes/cooking/meatystew.json"
  },
  {
    "op": "add",
    "path": "/ingredients/4/validStacks/21",
    "value": {
      "type": "item",
      "code": "expandedfoods:acorndumpling-*-soybean-raw"
    },
    "file": "recipes/cooking/meatystew.json"
  },
  {
    "op": "add",
    "path": "/ingredients/4/validStacks/22",
    "value": {
      "type": "item",
      "code": "expandedfoods:acorndumpling-*-nothing-raw"
    },
    "file": "recipes/cooking/meatystew.json"
  },
  {
    "op": "add",
    "path": "/ingredients/4/validStacks/23",
    "value": {
      "type": "item",
      "code": "expandedfoods:acorndumpling-*-carrot-raw"
    },
    "file": "recipes/cooking/meatystew.json"
  },
  {
    "op": "add",
    "path": "/ingredients/4/validStacks/24",
    "value": {
      "type": "item",
      "code": "expandedfoods:acorndumpling-*-onion-raw"
    },
    "file": "recipes/cooking/meatystew.json"
  },
  {
    "op": "add",
    "path": "/ingredients/4/validStacks/25",
    "value": {
      "type": "item",
      "code": "expandedfoods:acorndumpling-*-parsnip-raw"
    },
    "file": "recipes/cooking/meatystew.json"
  },
  {
    "op": "add",
    "path": "/ingredients/4/validStacks/26",
    "value": {
      "type": "item",
      "code": "expandedfoods:acorndumpling-*-bolete-raw"
    },
    "file": "recipes/cooking/meatystew.json"
  },
  {
    "op": "add",
    "path": "/ingredients/4/validStacks/27",
    "value": {
      "type": "item",
      "code": "expandedfoods:acorndumpling-*-fieldmushroom-raw"
    },
    "file": "recipes/cooking/meatystew.json"
  },
  {
    "op": "add",
    "path": "/ingredients/4/validStacks/28",
    "value": {
      "type": "item",
      "code": "expandedfoods:acorndumpling-*-turnip-raw"
    },
    "file": "recipes/cooking/meatystew.json"
  },
  {
    "op": "add",
    "path": "/ingredients/4/validStacks/29",
    "value": {
      "type": "item",
      "code": "expandedfoods:choppedvegetable-carrot",
      "shapeElement": "bowl/vegetable 1/*",
      "textureMapping": [
        "vegetable",
        "group1"
      ]
    },
    "file": "recipes/cooking/meatystew.json"
  },
  {
    "op": "add",
    "path": "/ingredients/4/validStacks/30",
    "value": {
      "type": "item",
      "code": "expandedfoods:choppedvegetable-pickledcarrot",
      "shapeElement": "bowl/vegetable 1/*",
      "textureMapping": [
        "vegetable",
        "group1"
      ]
    },
    "file": "recipes/cooking/meatystew.json"
  },
  {
    "op": "add",
    "path": "/ingredients/4/validStacks/31",
    "value": {
      "type": "item",
      "code": "expandedfoods:choppedvegetable-flyagaric",
      "shapeElement": "bowl/vegetable 1/*",
      "textureMapping": [
        "vegetable",
        "group2"
      ]
    },
    "file": "recipes/cooking/meatystew.json"
  },
  {
    "op": "add",
    "path": "/ingredients/4/validStacks/32",
    "value": {
      "type": "item",
      "code": "expandedfoods:choppedvegetable-bolete",
      "shapeElement": "bowl/vegetable 1/*",
      "textureMapping": [
        "vegetable",
        "group3"
      ]
    },
    "file": "recipes/cooking/meatystew.json"
  },
  {
    "op": "add",
    "path": "/ingredients/4/validStacks/33",
    "value": {
      "type": "item",
      "code": "expandedfoods:choppedvegetable-parsnip",
      "shapeElement": "bowl/vegetable 1/*",
      "textureMapping": [
        "vegetable",
        "group4"
      ]
    },
    "file": "recipes/cooking/meatystew.json"
  },
  {
    "op": "add",
    "path": "/ingredients/4/validStacks/34",
    "value": {
      "type": "item",
      "code": "expandedfoods:choppedvegetable-pickledparsnip",
      "shapeElement": "bowl/vegetable 1/*",
      "textureMapping": [
        "vegetable",
        "group4"
      ]
    },
    "file": "recipes/cooking/meatystew.json"
  },
  {
    "op": "add",
    "path": "/ingredients/4/validStacks/35",
    "value": {
      "type": "item",
      "code": "expandedfoods:choppedvegetable-turnip",
      "shapeElement": "bowl/vegetable 1/*",
      "textureMapping": [
        "vegetable",
        "group5"
      ]
    },
    "file": "recipes/cooking/meatystew.json"
  },
  {
    "op": "add",
    "path": "/ingredients/4/validStacks/36",
    "value": {
      "type": "item",
      "code": "expandedfoods:choppedvegetable-pickledturnip",
      "shapeElement": "bowl/vegetable 1/*",
      "textureMapping": [
        "vegetable",
        "group5"
      ]
    },
    "file": "recipes/cooking/meatystew.json"
  },
  {
    "op": "add",
    "path": "/ingredients/4/validStacks/37",
    "value": {
      "type": "item",
      "code": "expandedfoods:choppedvegetable-onion",
      "shapeElement": "bowl/vegetable 1/*",
      "textureMapping": [
        "vegetable",
        "group6"
      ]
    },
    "file": "recipes/cooking/meatystew.json"
  },
  {
    "op": "add",
    "path": "/ingredients/4/validStacks/38",
    "value": {
      "type": "item",
      "code": "expandedfoods:choppedvegetable-pickledonion",
      "shapeElement": "bowl/vegetable 1/*",
      "textureMapping": [
        "vegetable",
        "group6"
      ]
    },
    "file": "recipes/cooking/meatystew.json"
  },
  {
    "op": "add",
    "path": "/ingredients/4/validStacks/39",
    "value": {
      "type": "item",
      "code": "expandedfoods:choppedvegetable-fieldmushroom",
      "shapeElement": "bowl/vegetable 1/*",
      "textureMapping": [
        "vegetable",
        "group7"
      ]
    },
    "file": "recipes/cooking/meatystew.json"
  },
  {
    "op": "add",
    "path": "/ingredients/4/validStacks/40",
    "value": {
      "type": "item",
      "code": "expandedfoods:choppedvegetable-pumpkin",
      "shapeElement": "bowl/vegetable 1/*",
      "textureMapping": [
        "vegetable",
        "group8"
      ]
    },
    "file": "recipes/cooking/meatystew.json"
  },
  {
    "op": "add",
    "path": "/ingredients/4/validStacks/41",
    "value": {
      "type": "item",
      "code": "expandedfoods:choppedvegetable-pickledpumpkin",
      "shapeElement": "bowl/vegetable 1/*",
      "textureMapping": [
        "vegetable",
        "group8"
      ]
    },
    "file": "recipes/cooking/meatystew.json"
  },
  {
    "op": "add",
    "path": "/ingredients/4/validStacks/42",
    "value": {
      "type": "item",
      "code": "expandedfoods:choppedvegetable-cabbage",
      "shapeElement": "bowl/vegetable 1/*",
      "textureMapping": [
        "vegetable",
        "group10"
      ]
    },
    "file": "recipes/cooking/meatystew.json"
  },
  {
    "op": "add",
    "path": "/ingredients/5/validStacks/11",
    "value": {
      "type": "item",
      "code": "expandedfoods:dumpling-*-cabbage-raw"
    },
    "file": "recipes/cooking/meatystew.json"
  },
  {
    "op": "add",
    "path": "/ingredients/5/validStacks/12",
    "value": {
      "type": "item",
      "code": "expandedfoods:dumpling-*-soybean-raw"
    },
    "file": "recipes/cooking/meatystew.json"
  },
  {
    "op": "add",
    "path": "/ingredients/5/validStacks/13",
    "value": {
      "type": "item",
      "code": "expandedfoods:dumpling-*-nothing-raw"
    },
    "file": "recipes/cooking/meatystew.json"
  },
  {
    "op": "add",
    "path": "/ingredients/5/validStacks/14",
    "value": {
      "type": "item",
      "code": "expandedfoods:dumpling-*-carrot-raw"
    },
    "file": "recipes/cooking/meatystew.json"
  },
  {
    "op": "add",
    "path": "/ingredients/5/validStacks/15",
    "value": {
      "type": "item",
      "code": "expandedfoods:dumpling-*-onion-raw"
    },
    "file": "recipes/cooking/meatystew.json"
  },
  {
    "op": "add",
    "path": "/ingredients/5/validStacks/16",
    "value": {
      "type": "item",
      "code": "expandedfoods:dumpling-*-parsnip-raw"
    },
    "file": "recipes/cooking/meatystew.json"
  },
  {
    "op": "add",
    "path": "/ingredients/5/validStacks/17",
    "value": {
      "type": "item",
      "code": "expandedfoods:dumpling-*-bolete-raw"
    },
    "file": "recipes/cooking/meatystew.json"
  },
  {
    "op": "add",
    "path": "/ingredients/5/validStacks/18",
    "value": {
      "type": "item",
      "code": "expandedfoods:dumpling-*-fieldmushroom-raw"
    },
    "file": "recipes/cooking/meatystew.json"
  },
  {
    "op": "add",
    "path": "/ingredients/5/validStacks/19",
    "value": {
      "type": "item",
      "code": "expandedfoods:dumpling-*-turnip-raw"
    },
    "file": "recipes/cooking/meatystew.json"
  },
  {
    "op": "add",
    "path": "/ingredients/5/validStacks/20",
    "value": {
      "type": "item",
      "code": "expandedfoods:acorndumpling-*-cabbage-raw"
    },
    "file": "recipes/cooking/meatystew.json"
  },
  {
    "op": "add",
    "path": "/ingredients/5/validStacks/21",
    "value": {
      "type": "item",
      "code": "expandedfoods:acorndumpling-*-soybean-raw"
    },
    "file": "recipes/cooking/meatystew.json"
  },
  {
    "op": "add",
    "path": "/ingredients/5/validStacks/22",
    "value": {
      "type": "item",
      "code": "expandedfoods:acorndumpling-*-nothing-raw"
    },
    "file": "recipes/cooking/meatystew.json"
  },
  {
    "op": "add",
    "path": "/ingredients/5/validStacks/23",
    "value": {
      "type": "item",
      "code": "expandedfoods:acorndumpling-*-carrot-raw"
    },
    "file": "recipes/cooking/meatystew.json"
  },
  {
    "op": "add",
    "path": "/ingredients/5/validStacks/24",
    "value": {
      "type": "item",
      "code": "expandedfoods:acorndumpling-*-onion-raw"
    },
    "file": "recipes/cooking/meatystew.json"
  },
  {
    "op": "add",
    "path": "/ingredients/5/validStacks/25",
    "value": {
      "type": "item",
      "code": "expandedfoods:acorndumpling-*-parsnip-raw"
    },
    "file": "recipes/cooking/meatystew.json"
  },
  {
    "op": "add",
    "path": "/ingredients/5/validStacks/26",
    "value": {
      "type": "item",
      "code": "expandedfoods:acorndumpling-*-bolete-raw"
    },
    "file": "recipes/cooking/meatystew.json"
  },
  {
    "op": "add",
    "path": "/ingredients/5/validStacks/27",
    "value": {
      "type": "item",
      "code": "expandedfoods:acorndumpling-*-fieldmushroom-raw"
    },
    "file": "recipes/cooking/meatystew.json"
  },
  {
    "op": "add",
    "path": "/ingredients/5/validStacks/28",
    "value": {
      "type": "item",
      "code": "expandedfoods:acorndumpling-*-turnip-raw"
    },
    "file": "recipes/cooking/meatystew.json"
  },
  {
    "op": "add",
    "path": "/ingredients/5/validStacks/29",
    "value": {
      "type": "item",
      "code": "expandedfoods:choppedvegetable-carrot",
      "shapeElement": "bowl/vegetable 2/*",
      "textureMapping": [
        "vegetable",
        "group1"
      ]
    },
    "file": "recipes/cooking/meatystew.json"
  },
  {
    "op": "add",
    "path": "/ingredients/5/validStacks/30",
    "value": {
      "type": "item",
      "code": "expandedfoods:choppedvegetable-pickledcarrot",
      "shapeElement": "bowl/vegetable 2/*",
      "textureMapping": [
        "vegetable",
        "group1"
      ]
    },
    "file": "recipes/cooking/meatystew.json"
  },
  {
    "op": "add",
    "path": "/ingredients/5/validStacks/31",
    "value": {
      "type": "item",
      "code": "expandedfoods:choppedvegetable-flyagaric",
      "shapeElement": "bowl/vegetable 2/*",
      "textureMapping": [
        "vegetable",
        "group2"
      ]
    },
    "file": "recipes/cooking/meatystew.json"
  },
  {
    "op": "add",
    "path": "/ingredients/5/validStacks/32",
    "value": {
      "type": "item",
      "code": "expandedfoods:choppedvegetable-bolete",
      "shapeElement": "bowl/vegetable 2/*",
      "textureMapping": [
        "vegetable",
        "group3"
      ]
    },
    "file": "recipes/cooking/meatystew.json"
  },
  {
    "op": "add",
    "path": "/ingredients/5/validStacks/33",
    "value": {
      "type": "item",
      "code": "expandedfoods:choppedvegetable-parsnip",
      "shapeElement": "bowl/vegetable 2/*",
      "textureMapping": [
        "vegetable",
        "group4"
      ]
    },
    "file": "recipes/cooking/meatystew.json"
  },
  {
    "op": "add",
    "path": "/ingredients/5/validStacks/34",
    "value": {
      "type": "item",
      "code": "expandedfoods:choppedvegetable-pickledparsnip",
      "shapeElement": "bowl/vegetable 2/*",
      "textureMapping": [
        "vegetable",
        "group4"
      ]
    },
    "file": "recipes/cooking/meatystew.json"
  },
  {
    "op": "add",
    "path": "/ingredients/5/validStacks/35",
    "value": {
      "type": "item",
      "code": "expandedfoods:choppedvegetable-turnip",
      "shapeElement": "bowl/vegetable 2/*",
      "textureMapping": [
        "vegetable",
        "group5"
      ]
    },
    "file": "recipes/cooking/meatystew.json"
  },
  {
    "op": "add",
    "path": "/ingredients/5/validStacks/36",
    "value": {
      "type": "item",
      "code": "expandedfoods:choppedvegetable-pickledturnip",
      "shapeElement": "bowl/vegetable 2/*",
      "textureMapping": [
        "vegetable",
        "group5"
      ]
    },
    "file": "recipes/cooking/meatystew.json"
  },
  {
    "op": "add",
    "path": "/ingredients/5/validStacks/37",
    "value": {
      "type": "item",
      "code": "expandedfoods:choppedvegetable-onion",
      "shapeElement": "bowl/vegetable 2/*",
      "textureMapping": [
        "vegetable",
        "group6"
      ]
    },
    "file": "recipes/cooking/meatystew.json"
  },
  {
    "op": "add",
    "path": "/ingredients/5/validStacks/38",
    "value": {
      "type": "item",
      "code": "expandedfoods:choppedvegetable-pickledonion",
      "shapeElement": "bowl/vegetable 2/*",
      "textureMapping": [
        "vegetable",
        "group6"
      ]
    },
    "file": "recipes/cooking/meatystew.json"
  },
  {
    "op": "add",
    "path": "/ingredients/5/validStacks/39",
    "value": {
      "type": "item",
      "code": "expandedfoods:choppedvegetable-fieldmushroom",
      "shapeElement": "bowl/vegetable 2/*",
      "textureMapping": [
        "vegetable",
        "group7"
      ]
    },
    "file": "recipes/cooking/meatystew.json"
  },
  {
    "op": "add",
    "path": "/ingredients/5/validStacks/40",
    "value": {
      "type": "item",
      "code": "expandedfoods:choppedvegetable-pumpkin",
      "shapeElement": "bowl/vegetable 2/*",
      "textureMapping": [
        "vegetable",
        "group8"
      ]
    },
    "file": "recipes/cooking/meatystew.json"
  },
  {
    "op": "add",
    "path": "/ingredients/5/validStacks/41",
    "value": {
      "type": "item",
      "code": "expandedfoods:choppedvegetable-pickledpumpkin",
      "shapeElement": "bowl/vegetable 2/*",
      "textureMapping": [
        "vegetable",
        "group8"
      ]
    },
    "file": "recipes/cooking/meatystew.json"
  },
  {
    "op": "add",
    "path": "/ingredients/5/validStacks/42",
    "value": {
      "type": "item",
      "code": "expandedfoods:choppedvegetable-cabbage",
      "shapeElement": "bowl/vegetable 2/*",
      "textureMapping": [
        "vegetable",
        "group10"
      ]
    },
    "file": "recipes/cooking/meatystew.json"
  },
 {
    "op": "add",
    "path": "/ingredients/8",
    "value": {
      "code": "topping-sauce",
      "validStacks": [
        {
          "type": "item",
          "code": "fishsauce",
          "shapeElement": "bowl/topping/*"
        }
      ],
      "minQuantity": 0,
      "maxQuantity": 1
    },
    "file": "recipes/cooking/meatystew.json"
  },
 {
    "op": "add",
    "path": "/ingredients/7",
    "value": {
      "code": "dryfruit-extra",
      "validStacks": [
        {
          "type": "item",
          "code": "expandedfoods:dryfruit-blueberry",
          "shapeElement": "bowl/fruit 1/*",
          "textureMapping": [
            "fruit",
            "group1"
          ]
        },
        {
          "type": "item",
          "code": "expandedfoods:dryfruit-saguaro",
          "shapeElement": "bowl/fruit 1/*",
          "textureMapping": [
            "fruit",
            "group2"
          ]
        },
        {
          "type": "item",
          "code": "expandedfoods:dryfruit-cranberry",
          "shapeElement": "bowl/fruit 1/*",
          "textureMapping": [
            "fruit",
            "group3"
          ]
        },
        {
          "type": "item",
          "code": "expandedfoods:dryfruit-whitecurrant",
          "shapeElement": "bowl/fruit 1/*",
          "textureMapping": [
            "fruit",
            "group4"
          ]
        },
        {
          "type": "item",
          "code": "expandedfoods:dryfruit-blackcurrant",
          "shapeElement": "bowl/fruit 1/*",
          "textureMapping": [
            "fruit",
            "group5"
          ]
        },
        {
          "type": "item",
          "code": "expandedfoods:dryfruit-redcurrant",
          "shapeElement": "bowl/fruit 1/*",
          "textureMapping": [
            "fruit",
            "group6"
          ]
        }
      ],
      "minQuantity": 0,
      "maxQuantity": 1
    },
    "file": "recipes/cooking/meatystew.json"
  },
  {
    "op": "add",
    "path": "/ingredients/9",
    "value": {
      "code": "breadcrumbs-extra",
      "validStacks": [
        {
          "type": "item",
          "code": "expandedfoods:breadcrumbs-*"
        }
      ],
      "minQuantity": 0,
      "maxQuantity": 1
    },
    "file": "recipes/cooking/meatystew.json"
  },
 {
    "op": "add",
    "path": "/ingredients/9/validStacks/1",
    "value": {
      "type": "item",
      "code": "expandedfoods:acornbreadcrumbs-*"
    },
    "file": "recipes/cooking/meatystew.json"
  },
  {
        "file": "game:blocktypes/clay/pot",
        "op": "add",
        "path": "/attributesByType/claypot-cooked/textureMapping/meatnugget-redmeat-raw",
        "value": [ "meat", "group6" ]
  },
  {
        "file": "game:blocktypes/clay/pot",
        "op": "add",
        "path": "/attributesByType/claypot-cooked/textureMapping/meatnugget-bushmeat-raw",
        "value": [ "meat", "group6" ]
  },
  {
        "file": "game:blocktypes/clay/pot",
        "op": "add",
        "path": "/attributesByType/claypot-cooked/textureMapping/meatnugget-poultry-raw",
        "value": [ "meat", "group5" ]
  },
]