[
  {
    "op": "add",
    "path": "/attributesByType/claypot-cooked/textureMapping/cheese-blue-1slice",
    "value": [
      "cheesebase",
      "cheese-blue-1slice"
    ],
    "file": "blocktypes/clay/pot.json"
  },
  {
    "op": "add",
    "path": "/attributesByType/claypot-cooked/textureMapping/cheese-cheddar-1slice",
    "value": [
      "cheesebase",
      "cheese-cheddar-1slice"
    ],
    "file": "blocktypes/clay/pot.json"
  },
  {
    "op": "replace",
    "path": "/attributesByType/claypot-cooked/textureMapping/cottagecheeseportion/0",
    "value": "cheesebase",
    "file": "blocktypes/clay/pot.json"
  },
  {
    "op": "replace",
    "path": "/attributesByType/claypot-cooked/textureMapping/cottagecheeseportion/1",
    "value": "cottagecheesemelt",
    "file": "blocktypes/clay/pot.json"
  },
  {
    "op": "replace",
    "path": "/attributesByType/claypot-cooked/textureMapping/milkportion/0",
    "value": "cheesebase",
    "file": "blocktypes/clay/pot.json"
  },
  {
    "op": "replace",
    "path": "/attributesByType/claypot-cooked/textureMapping/milkportion/1",
    "value": "cottagecheesemelt",
    "file": "blocktypes/clay/pot.json"
  },
  {
    "op": "add",
    "path": "/texturesByType/*/cheese-blue-1slice",
    "value": {
      "base": "block/dairy/bluemelt"
    },
    "file": "blocktypes/clay/pot.json"
  },
  {
    "op": "add",
    "path": "/texturesByType/*/cheese-cheddar-1slice",
    "value": {
      "base": "block/dairy/cheddarmelt"
    },
    "file": "blocktypes/clay/pot.json"
  },
  {
    "op": "add",
    "path": "/texturesByType/*/cottagecheesemelt",
    "value": {
      "base": "block/dairy/cottagecheesemelt"
    },
    "file": "blocktypes/clay/pot.json"
  },
 {
    "op": "add",
    "path": "/attributesByType/claypot-cooked/textureMapping/primitivesurvival:fishfillet-raw",
    "value": [
      "normal",
      "fishfillet-raw"
    ],
    "file": "blocktypes/clay/pot.json"
  },
 {
    "op": "add",
    "path": "/attributesByType/claypot-cooked/textureMapping/expandedfoods:fishnugget-raw",
    "value": [
      "meatnugget",
      "poultry-raw"
    ],
    "file": "blocktypes/clay/pot.json"
  },
 {
    "op": "add",
    "path": "/attributesByType/claypot-cooked/textureMapping/expandedfoods:fishnugget-smashed",
    "value": [
      "normal",
      "fishfillet-raw"
    ],
    "file": "blocktypes/clay/pot.json"
  },
  {
    "op": "add",
    "path": "/texturesByType/*/fishfillet-raw",
    "value": {
      "base": "item/fish/fillet"
    },
    "file": "blocktypes/clay/pot.json"
  },
  {
    "op": "add",
    "path": "/attributesByType/claypot-cooked/textureMapping/expandedfoods:meatnugget-bushmeat-raw",
    "value": [
      "meatnugget",
      "redmeat-raw"
    ],
    "file": "blocktypes/clay/pot.json"
  },
  {
    "op": "add",
    "path": "/attributesByType/claypot-cooked/textureMapping/expandedfoods:meatnugget-poultry-raw",
    "value": [
      "meatnugget",
      "poultry-raw"
    ],
    "file": "blocktypes/clay/pot.json"
  },
  {
    "op": "add",
    "path": "/attributesByType/claypot-cooked/textureMapping/expandedfoods:meatnugget-redmeat-raw",
    "value": [
      "meatnugget",
      "redmeat-raw"
    ],
    "file": "blocktypes/clay/pot.json"
  },
  {
    "op": "add",
    "path": "/texturesByType/*/poultry-raw",
    "value": {
      "base": "block/meal/group3-millet-bolete-cranberry-poultry"
    },
    "file": "blocktypes/clay/pot.json"
  },
  {
    "op": "add",
    "path": "/texturesByType/*/redmeat-raw",
    "value": {
      "base": "block/meal/group2-soup-flyagaric-cactifruit-redmeat"
    },
    "file": "blocktypes/clay/pot.json"
  },
 {
    "op": "add",
    "path": "/attributesByType/claypot-cooked/textureMapping/fishsauce",
    "value": [
      "topping",
      "fishsauce"
    ],
    "file": "blocktypes/clay/pot.json"
  },
  {
    "op": "add",
    "path": "/texturesByType/*/fishsauce",
    "value": {
      "base": "item/liquid/fishsauce"
    },
    "file": "blocktypes/clay/pot.json"
  },
  {
    "op": "add",
    "path": "/attributesByType/claypot-cooked/textureMapping/expandedfoods:dryfruit-blackcurrant",
    "value": [
      "fruit",
      "group5"
    ],
    "file": "blocktypes/clay/pot.json"
  },
  {
    "op": "add",
    "path": "/attributesByType/claypot-cooked/textureMapping/expandedfoods:dryfruit-blueberry",
    "value": [
      "fruit",
      "group1"
    ],
    "file": "blocktypes/clay/pot.json"
  },
  {
    "op": "add",
    "path": "/attributesByType/claypot-cooked/textureMapping/expandedfoods:dryfruit-cranberry",
    "value": [
      "fruit",
      "group3"
    ],
    "file": "blocktypes/clay/pot.json"
  },
  {
    "op": "add",
    "path": "/attributesByType/claypot-cooked/textureMapping/expandedfoods:dryfruit-redcurrant",
    "value": [
      "fruit",
      "group6"
    ],
    "file": "blocktypes/clay/pot.json"
  },
  {
    "op": "add",
    "path": "/attributesByType/claypot-cooked/textureMapping/expandedfoods:dryfruit-saguaro",
    "value": [
      "fruit",
      "group2"
    ],
    "file": "blocktypes/clay/pot.json"
  },
  {
    "op": "add",
    "path": "/attributesByType/claypot-cooked/textureMapping/expandedfoods:dryfruit-whitecurrant",
    "value": [
      "fruit",
      "group4"
    ],
    "file": "blocktypes/clay/pot.json"
  },
  {
    "op": "add",
    "path": "/texturesByType/*/riceandbeans",
    "value": {
      "base": "block/riceandbeans"
    },
    "file": "blocktypes/clay/pot.json"
  }
]