[
  {
    "op": "add",
    "path": "/combustiblePropsByType",
    "value": {
      "*-cabbage": {
        "meltingPoint": 150,
        "meltingDuration": 30,
        "smeltedRatio": 1,
        "smeltingType": "cook",
        "smeltedStack": {
          "type": "item",
          "code": "expandedfoods:cookedveggie-cabbage"
        },
        "requiresContainer": false
      },
      "*-carrot": {
        "meltingPoint": 150,
        "meltingDuration": 30,
        "smeltedRatio": 1,
        "smeltingType": "cook",
        "smeltedStack": {
          "type": "item",
          "code": "expandedfoods:cookedveggie-carrot"
        },
        "requiresContainer": false
      },
      "*-onion": {
        "meltingPoint": 150,
        "meltingDuration": 30,
        "smeltedRatio": 1,
        "smeltingType": "cook",
        "smeltedStack": {
          "type": "item",
          "code": "expandedfoods:cookedveggie-onion"
        },
        "requiresContainer": false
      },
      "*-turnip": {
        "meltingPoint": 150,
        "meltingDuration": 30,
        "smeltedRatio": 1,
        "smeltingType": "cook",
        "smeltedStack": {
          "type": "item",
          "code": "expandedfoods:cookedveggie-turnip"
        },
        "requiresContainer": false
      },
      "*-parsnip": {
        "meltingPoint": 150,
        "meltingDuration": 30,
        "smeltedRatio": 1,
        "smeltingType": "cook",
        "smeltedStack": {
          "type": "item",
          "code": "expandedfoods:cookedveggie-parsnip"
        },
        "requiresContainer": false
      },
      "*-pumpkin": {
        "meltingPoint": 150,
        "meltingDuration": 30,
        "smeltedRatio": 1,
        "smeltingType": "cook",
        "smeltedStack": {
          "type": "item",
          "code": "expandedfoods:cookedveggie-pumpkin"
        },
        "requiresContainer": false
      }
    },
    "file": "itemtypes/food/vegetable.json"
  },
  {
    "op": "add",
    "path": "/attributesByType/*/inFirePitProps",
    "value": {
      "transform": {
        "scale": 0.85,
        "origin": {
          "x": 0.5,
          "y": 0.0625,
          "z": 0.5
        },
        "translation": {
          "x": 0,
          "y": 0.125,
          "z": -0.1
        },
        "rotation": {
          "x": 0,
          "y": 0,
          "z": 0
        },
      },
      "useFirepitModel": "Spit"
    },
    "file": "itemtypes/food/vegetable.json"
  },
  {
    "op": "add",
    "path": "/attributesByType/*-cabbage/inFirePitProps",
    "value": {
      "transform": {
        "scale": 0.85,
        "origin": {
          "x": 0,
          "y": 0,
          "z": 0
        },
        "translation": {
          "x": 0.65,
          "y": 0.6,
          "z": 0.1
        },
        "rotation": {
          "x": 0,
          "y": 0,
          "z": 90
        }
      },
      "useFirepitModel": "Spit"
    },
    "file": "itemtypes/food/vegetable.json"
  },
  {
    "op": "add",
    "path": "/attributesByType/*-pumpkin/inFirePitProps",
    "value": {
      "transform": {
        "scale": 0.85,
        "origin": {
          "x": 0.5,
          "y": 0.0625,
          "z": 0.5
        },
        "translation": {
          "x": -0.02125,
          "y": 0.125,
          "z": 0
        },
        "rotation": {
          "x": 0,
          "y": 0,
          "z": 90
        }
      },
      "useFirepitModel": "Spit"
    },
    "file": "itemtypes/food/vegetable.json"
  }
]