{
	"editor": {
		"allAngles": true,
		"entityTextureMode": false
	},
	"textureWidth": 16,
	"textureHeight": 16,
	"textures": {
	},
	"elements": [
		{
			"name": null,
			"from": [12.0, 0.0, 7.0],
			"to": [16.0, 16.0, 9.0],
			"rotationOrigin": [14.0, 8.0, 8.0],
			"rotationX": 0.0,
			"rotationY": 0.0,
			"rotationZ": 0.0,
			"faces": {
				"north": {"uv": [0.0, 1.5, 16.0, 5.5], "rotation": 90.0, "texture": "#0"},
				"east": {"uv": [0.0, 5.5, 16.0, 7.5], "rotation": 90.0, "texture": "#0"},
				"south": {"uv": [0.0, 1.5, 16.0, 5.5], "rotation": 90.0, "texture": "#0"},
				"west": {"uv": [0.0, 5.5, 16.0, 7.5], "rotation": 90.0, "texture": "#0"},
				"up": {"uv": [4.75, 11.75, 8.75, 13.75], "rotation": 180.0, "texture": "#0"},
				"down": {"uv": [5.125, 12.75, 9.125, 14.75], "rotation": 0.0, "texture": "#0"}
			}
		},
		{
			"name": null,
			"from": [14.0, 16.0, 7.0],
			"to": [16.0, 17.0, 9.0],
			"rotationOrigin": [14.0, 9.0, 8.0],
			"rotationX": 0.0,
			"rotationY": 0.0,
			"rotationZ": 0.0,
			"faces": {
				"north": {"uv": [0.0, 1.5, 1.0, 3.5], "rotation": 90.0, "texture": "#2"},
				"east": {"uv": [0.0, 5.5, 1.0, 7.5], "rotation": 90.0, "texture": "#2"},
				"south": {"uv": [0.0, 1.5, 1.0, 3.5], "rotation": 90.0, "texture": "#2"},
				"west": {"uv": [0.0, 5.5, 1.0, 7.5], "rotation": 90.0, "texture": "#2"},
				"up": {"uv": [4.75, 11.75, 6.75, 13.75], "rotation": 180.0, "texture": "#2"},
				"down": {"uv": [5.125, 12.75, 7.125, 14.75], "rotation": 0.0, "texture": "#2"}
			}
		},
		{
			"name": null,
			"from": [12.0, 0.0, 5.0],
			"to": [14.0, 16.0, 7.0],
			"rotationOrigin": [14.0, 8.0, 6.0],
			"rotationX": 0.0,
			"rotationY": 0.0,
			"rotationZ": 0.0,
			"faces": {
				"north": {"uv": [0.0, 2.0, 16.0, 4.0], "rotation": 90.0, "texture": "#0"},
				"east": {"uv": [0.0, 6.0, 16.0, 8.0], "rotation": 90.0, "texture": "#0"},
				"south": {"uv": [0.0, 2.0, 16.0, 4.0], "rotation": 90.0, "texture": "#0"},
				"west": {"uv": [0.0, 6.0, 16.0, 8.0], "rotation": 90.0, "texture": "#0"},
				"up": {"uv": [4.5, 11.0, 6.5, 13.0], "rotation": 180.0, "texture": "#0"},
				"down": {"uv": [5.5, 12.0, 7.5, 14.0], "rotation": 0.0, "texture": "#0"}
			}
		},
		{
			"name": null,
			"from": [4.0, 0.0, 5.0],
			"to": [12.0, 2.0, 9.0],
			"rotationOrigin": [8.0, 8.0, 6.0],
			"rotationX": 0.0,
			"rotationY": 0.0,
			"rotationZ": 0.0,
			"faces": {
				"north": {"uv": [0.5, 4.5, 2.5, 12.5], "rotation": 90.0, "texture": "#0"},
				"east": {"uv": [0.0, 0.0, 0.0, 0.0], "rotation": 0.0, "texture": "#0"},
				"south": {"uv": [0.5, 4.0, 2.5, 12.0], "rotation": 90.0, "texture": "#0"},
				"west": {"uv": [0.0, 0.0, 0.0, 0.0], "rotation": 0.0, "texture": "#0"},
				"up": {"uv": [3.5, 12.0, 11.5, 14.0], "rotation": 180.0, "texture": "#0"},
				"down": {"uv": [4.0, 11.5, 12.0, 13.5], "rotation": 0.0, "texture": "#0"}
			}
		},
		{
			"name": null,
			"from": [3.0, 3.6, 5.6],
			"to": [13.0, 4.6, 6.6],
			"rotationOrigin": [8.0, 4.6, 5.6],
			"rotationX": 0.0,
			"rotationY": 0.0,
			"rotationZ": -22.5,
			"faces": {
				"north": {"uv": [13.0, 0.0, 15.0, 16.0], "rotation": 90.0, "texture": "#1"},
				"east": {"uv": [13.0, 0.0, 15.0, 16.0], "rotation": 90.0, "texture": "#1"},
				"south": {"uv": [13.0, 0.0, 15.0, 16.0], "rotation": 90.0, "texture": "#1"},
				"west": {"uv": [13.0, 0.0, 15.0, 16.0], "rotation": 90.0, "texture": "#1"},
				"up": {"uv": [13.0, 0.0, 15.0, 16.0], "rotation": 90.0, "texture": "#1"},
				"down": {"uv": [13.0, 0.0, 15.0, 16.0], "rotation": 90.0, "texture": "#1"}
			}
		},
		{
			"name": null,
			"from": [3.0, 3.6, 5.7],
			"to": [13.0, 4.6, 6.7],
			"rotationOrigin": [8.0, 3.6, 5.7],
			"rotationX": 0.0,
			"rotationY": 0.0,
			"rotationZ": 22.5,
			"faces": {
				"north": {"uv": [14.0, 0.0, 16.0, 16.0], "rotation": 270.0, "texture": "#1"},
				"east": {"uv": [14.0, 0.0, 16.0, 16.0], "rotation": 270.0, "texture": "#1"},
				"south": {"uv": [14.0, 0.0, 16.0, 16.0], "rotation": 270.0, "texture": "#1"},
				"west": {"uv": [14.0, 0.0, 16.0, 16.0], "rotation": 270.0, "texture": "#1"},
				"up": {"uv": [14.0, 0.0, 16.0, 16.0], "rotation": 270.0, "texture": "#1"},
				"down": {"uv": [14.0, 0.0, 16.0, 16.0], "rotation": 270.0, "texture": "#1"}
			}
		},
		{
			"name": null,
			"from": [3.0, 7.6, 5.6],
			"to": [13.0, 8.6, 6.6],
			"rotationOrigin": [8.0, 8.6, 5.6],
			"rotationX": 0.0,
			"rotationY": 0.0,
			"rotationZ": -22.5,
			"faces": {
				"north": {"uv": [14.0, 0.0, 16.0, 16.0], "rotation": 270.0, "texture": "#1"},
				"east": {"uv": [14.0, 0.0, 16.0, 16.0], "rotation": 270.0, "texture": "#1"},
				"south": {"uv": [14.0, 0.0, 16.0, 16.0], "rotation": 270.0, "texture": "#1"},
				"west": {"uv": [14.0, 0.0, 16.0, 16.0], "rotation": 270.0, "texture": "#1"},
				"up": {"uv": [14.0, 0.0, 16.0, 16.0], "rotation": 270.0, "texture": "#1"},
				"down": {"uv": [14.0, 0.0, 16.0, 16.0], "rotation": 270.0, "texture": "#1"}
			}
		},
		{
			"name": null,
			"from": [3.0, 7.6, 5.7],
			"to": [13.0, 8.6, 6.7],
			"rotationOrigin": [8.0, 7.6, 5.7],
			"rotationX": 0.0,
			"rotationY": 0.0,
			"rotationZ": 22.5,
			"faces": {
				"north": {"uv": [14.0, 0.0, 16.0, 16.0], "rotation": 270.0, "texture": "#1"},
				"east": {"uv": [14.0, 0.0, 16.0, 16.0], "rotation": 270.0, "texture": "#1"},
				"south": {"uv": [14.0, 0.0, 16.0, 16.0], "rotation": 270.0, "texture": "#1"},
				"west": {"uv": [14.0, 0.0, 16.0, 16.0], "rotation": 270.0, "texture": "#1"},
				"up": {"uv": [14.0, 0.0, 16.0, 16.0], "rotation": 270.0, "texture": "#1"},
				"down": {"uv": [14.0, 0.0, 16.0, 16.0], "rotation": 270.0, "texture": "#1"}
			}
		},
		{
			"name": null,
			"from": [3.0, 11.6, 5.6],
			"to": [13.0, 12.6, 6.6],
			"rotationOrigin": [8.0, 12.6, 5.6],
			"rotationX": 0.0,
			"rotationY": 0.0,
			"rotationZ": -22.5,
			"faces": {
				"north": {"uv": [12.0, 0.0, 14.0, 16.0], "rotation": 90.0, "texture": "#1"},
				"east": {"uv": [12.0, 0.0, 14.0, 16.0], "rotation": 90.0, "texture": "#1"},
				"south": {"uv": [12.0, 0.0, 14.0, 16.0], "rotation": 90.0, "texture": "#1"},
				"west": {"uv": [12.0, 0.0, 14.0, 16.0], "rotation": 90.0, "texture": "#1"},
				"up": {"uv": [12.0, 0.0, 14.0, 16.0], "rotation": 90.0, "texture": "#1"},
				"down": {"uv": [12.0, 0.0, 14.0, 16.0], "rotation": 90.0, "texture": "#1"}
			}
		},
		{
			"name": null,
			"from": [3.0, 11.6, 5.7],
			"to": [13.0, 12.6, 6.7],
			"rotationOrigin": [8.0, 11.6, 5.7],
			"rotationX": 0.0,
			"rotationY": 0.0,
			"rotationZ": 22.5,
			"faces": {
				"north": {"uv": [14.0, 0.0, 16.0, 16.0], "rotation": 270.0, "texture": "#1"},
				"east": {"uv": [14.0, 0.0, 16.0, 16.0], "rotation": 270.0, "texture": "#1"},
				"south": {"uv": [14.0, 0.0, 16.0, 16.0], "rotation": 270.0, "texture": "#1"},
				"west": {"uv": [14.0, 0.0, 16.0, 16.0], "rotation": 270.0, "texture": "#1"},
				"up": {"uv": [14.0, 0.0, 16.0, 16.0], "rotation": 270.0, "texture": "#1"},
				"down": {"uv": [14.0, 0.0, 16.0, 16.0], "rotation": 270.0, "texture": "#1"}
			}
		},
		{
			"name": null,
			"from": [4.0, 14.0, 5.0],
			"to": [12.0, 16.0, 9.0],
			"rotationOrigin": [8.0, 22.0, 6.0],
			"rotationX": 0.0,
			"rotationY": 0.0,
			"rotationZ": 0.0,
			"faces": {
				"north": {"uv": [1.0, 4.5, 3.0, 12.5], "rotation": 90.0, "texture": "#0"},
				"east": {"uv": [0.0, 0.0, 0.0, 0.0], "rotation": 0.0, "texture": "#0"},
				"south": {"uv": [0.5, 4.0, 2.5, 12.0], "rotation": 90.0, "texture": "#0"},
				"west": {"uv": [0.0, 0.0, 0.0, 0.0], "rotation": 0.0, "texture": "#0"},
				"up": {"uv": [3.5, 12.5, 11.5, 14.5], "rotation": 180.0, "texture": "#0"},
				"down": {"uv": [4.0, 12.0, 12.0, 14.0], "rotation": 0.0, "texture": "#0"}
			}
		},
		{
			"name": null,
			"from": [2.0, 16.0, 5.0],
			"to": [14.0, 17.0, 9.0],
			"rotationOrigin": [8.0, 23.0, 6.0],
			"rotationX": 0.0,
			"rotationY": 0.0,
			"rotationZ": 0.0,
			"faces": {
				"north": {"uv": [1.0, 4.5, 2.0, 16.5], "rotation": 90.0, "texture": "#2"},
				"east": {"uv": [0.0, 0.0, 4.0, 1.0], "rotation": 0.0, "texture": "#2"},
				"south": {"uv": [0.5, 4.0, 1.5, 16.0], "rotation": 90.0, "texture": "#2"},
				"west": {"uv": [0.0, 0.0, 4.0, 1.0], "rotation": 0.0, "texture": "#2"},
				"up": {"uv": [3.5, 11.5, 15.5, 15.5], "rotation": 180.0, "texture": "#2"},
				"down": {"uv": [4.0, 11.0, 16.0, 15.0], "rotation": 0.0, "texture": "#2"}
			}
		},
		{
			"name": null,
			"from": [0.0, 0.0, 7.0],
			"to": [4.0, 16.0, 9.0],
			"rotationOrigin": [2.0, 8.0, 8.0],
			"rotationX": 0.0,
			"rotationY": 0.0,
			"rotationZ": 0.0,
			"faces": {
				"north": {"uv": [0.0, 8.0, 16.0, 12.0], "rotation": 270.0, "texture": "#0"},
				"east": {"uv": [0.0, 12.0, 16.0, 14.0], "rotation": 270.0, "texture": "#0"},
				"south": {"uv": [0.0, 8.0, 16.0, 12.0], "rotation": 270.0, "texture": "#0"},
				"west": {"uv": [0.0, 12.0, 16.0, 14.0], "rotation": 270.0, "texture": "#0"},
				"up": {"uv": [5.125, 12.5, 9.125, 14.5], "rotation": 180.0, "texture": "#0"},
				"down": {"uv": [5.75, 13.0, 9.75, 15.0], "rotation": 0.0, "texture": "#0"}
			}
		},
		{
			"name": null,
			"from": [0.0, 16.0, 7.0],
			"to": [2.0, 17.0, 9.0],
			"rotationOrigin": [2.0, 9.0, 8.0],
			"rotationX": 0.0,
			"rotationY": 0.0,
			"rotationZ": 0.0,
			"faces": {
				"north": {"uv": [0.0, 8.0, 1.0, 10.0], "rotation": 270.0, "texture": "#2"},
				"east": {"uv": [0.0, 12.0, 1.0, 14.0], "rotation": 270.0, "texture": "#2"},
				"south": {"uv": [0.0, 8.0, 1.0, 10.0], "rotation": 270.0, "texture": "#2"},
				"west": {"uv": [0.0, 12.0, 1.0, 14.0], "rotation": 270.0, "texture": "#2"},
				"up": {"uv": [5.125, 12.5, 7.125, 14.5], "rotation": 180.0, "texture": "#2"},
				"down": {"uv": [5.75, 13.0, 7.75, 15.0], "rotation": 0.0, "texture": "#2"}
			}
		},
		{
			"name": null,
			"from": [2.0, 0.0, 5.0],
			"to": [4.0, 16.0, 7.0],
			"rotationOrigin": [2.0, 8.0, 6.0],
			"rotationX": 0.0,
			"rotationY": 0.0,
			"rotationZ": 0.0,
			"faces": {
				"north": {"uv": [0.0, 8.5, 16.0, 10.5], "rotation": 270.0, "texture": "#0"},
				"east": {"uv": [0.0, 11.5, 16.0, 13.5], "rotation": 270.0, "texture": "#0"},
				"south": {"uv": [0.0, 7.5, 16.0, 9.5], "rotation": 270.0, "texture": "#0"},
				"west": {"uv": [0.0, 11.0, 16.0, 13.0], "rotation": 270.0, "texture": "#0"},
				"up": {"uv": [5.0, 11.5, 7.0, 13.5], "rotation": 180.0, "texture": "#0"},
				"down": {"uv": [6.0, 12.5, 8.0, 14.5], "rotation": 0.0, "texture": "#0"}
			}
		}
	]
}