{
	"editor": {
		"allAngles": false,
		"entityTextureMode": false
	},
	"textureWidth": 16,
	"textureHeight": 16,
	"textureSizes": {
	},
	"textures": {
		"anthracite": "game:block/coal/anthracite",
		"tallow": "game:block/tallow"
	},
	"elements": [
		{
			"name": "oversleeve1",
			"from": [ 0.0, 0.3, 6.5 ], 
			"to": [ 5.0, 0.8, 9.5 ], 
			"rotationOrigin": [ 0.0, 0.3, 6.5 ],
			"faces": {
				"north": { "texture": "#anthracite", "uv": [ 0.0, 0.0, 5.0, 0.5 ] },
				"east": { "texture": "#anthracite", "uv": [ 0.0, 0.0, 3.0, 0.5 ] },
				"south": { "texture": "#anthracite", "uv": [ 0.0, 0.0, 5.0, 0.5 ] },
				"west": { "texture": "#anthracite", "uv": [ 0.0, 0.0, 3.0, 0.5 ] },
				"up": { "texture": "#tallow", "uv": [ 2.5, 1.5, 7.5, 4.5 ] },
				"down": { "texture": "#anthracite", "uv": [ 0.5, 1.5, 5.5, 4.5 ] }
			},
			"children": [
				{
					"name": "oversleeve2",
					"from": [ 0.0, 0.5, 0.0 ], 
					"to": [ 5.0, 2.8, 0.5 ], 
					"rotationOrigin": [ 0.0, 0.5, 0.0 ],
					"faces": {
						"north": { "texture": "#anthracite", "uv": [ 4.0, 3.0, 9.0, 5.0 ] },
						"east": { "texture": "#anthracite", "uv": [ 0.0, 0.0, 0.5, 2.0 ] },
						"south": { "texture": "#tallow", "uv": [ 0.5, 2.5, 5.5, 4.5 ] },
						"west": { "texture": "#anthracite", "uv": [ 0.0, 0.0, 0.5, 2.0 ] },
						"up": { "texture": "#anthracite", "uv": [ 0.0, 0.0, 5.0, 0.5 ] },
						"down": { "texture": "#anthracite", "uv": [ 0.0, 0.0, 5.0, 0.5 ] }
					},
					"children": [
						{
							"name": "3-1",
							"from": [ 0.2, -0.2, -0.3 ], 
							"to": [ 4.7, 2.4, 0.0 ], 
							"rotationOrigin": [ 0.2, -0.2, -0.3 ],
							"faces": {
								"north": { "texture": "#tallow", "uv": [ 3.0, 7.0, 7.5, 9.5 ] },
								"east": { "texture": "#tallow", "uv": [ 3.0, 9.0, 3.5, 11.5 ] },
								"south": { "texture": "#tallow", "uv": [ 2.5, 9.0, 7.0, 11.5 ] },
								"west": { "texture": "#tallow", "uv": [ 2.5, 6.0, 3.0, 8.5 ] },
								"up": { "texture": "#tallow", "uv": [ 1.0, 7.5, 5.5, 8.0 ] },
								"down": { "texture": "#tallow", "uv": [ 1.0, 8.5, 5.5, 9.0 ] }
							},
							"children": [
								{
									"name": "Cube1",
									"from": [ 0.3, 0.3, -0.3 ], 
									"to": [ 4.1, 2.4, 0.0 ], 
									"rotationOrigin": [ 0.3, 0.3, -0.3 ],
									"faces": {
										"north": { "texture": "#tallow", "uv": [ 2.5, 10.0, 6.0, 12.0 ] },
										"east": { "texture": "#tallow", "uv": [ 0.5, 6.0, 1.0, 8.0 ] },
										"south": { "texture": "#tallow", "uv": [ 1.5, 4.0, 5.0, 6.0 ] },
										"west": { "texture": "#tallow", "uv": [ 2.5, 5.5, 3.0, 7.5 ] },
										"up": { "texture": "#tallow", "uv": [ 2.0, 7.0, 5.5, 7.5 ] },
										"down": { "texture": "#tallow", "uv": [ 3.5, 9.0, 7.0, 9.5 ] }
									}
								}
							]
						}
					]
				},
				{
					"name": "oversleeve3",
					"from": [ 0.0, 0.5, 2.5 ], 
					"to": [ 5.0, 2.8, 3.0 ], 
					"rotationOrigin": [ 0.0, 0.5, 2.5 ],
					"faces": {
						"north": { "texture": "#tallow", "uv": [ 1.5, 6.5, 6.5, 8.5 ] },
						"east": { "texture": "#anthracite", "uv": [ 0.0, 0.0, 0.5, 2.0 ] },
						"south": { "texture": "#anthracite", "uv": [ 10.5, 12.5, 15.5, 14.5 ] },
						"west": { "texture": "#anthracite", "uv": [ 0.0, 0.0, 0.5, 2.0 ] },
						"up": { "texture": "#anthracite", "uv": [ 0.0, 0.0, 5.0, 0.5 ] },
						"down": { "texture": "#anthracite", "uv": [ 0.0, 0.0, 5.0, 0.5 ] }
					},
					"children": [
						{
							"name": "1-1",
							"from": [ 0.2, -0.2, 0.5 ], 
							"to": [ 4.7, 2.4, 0.8 ], 
							"rotationOrigin": [ 0.2, -0.2, 0.5 ],
							"faces": {
								"north": { "texture": "#tallow", "uv": [ 1.0, 6.5, 5.5, 9.0 ] },
								"east": { "texture": "#tallow", "uv": [ 2.0, 7.5, 2.5, 10.0 ] },
								"south": { "texture": "#tallow", "uv": [ 1.0, 6.5, 5.5, 9.0 ] },
								"west": { "texture": "#tallow", "uv": [ 2.5, 8.5, 3.0, 11.0 ] },
								"up": { "texture": "#tallow", "uv": [ 0.0, 7.5, 4.5, 8.0 ] },
								"down": { "texture": "#tallow", "uv": [ 0.5, 7.0, 5.0, 7.5 ] }
							},
							"children": [
								{
									"name": "2-2",
									"from": [ 0.3, 0.3, 0.3 ], 
									"to": [ 4.1, 2.4, 0.6 ], 
									"rotationOrigin": [ 0.3, 0.3, 0.3 ],
									"faces": {
										"north": { "texture": "#tallow", "uv": [ 1.5, 5.5, 5.0, 7.5 ] },
										"east": { "texture": "#tallow", "uv": [ 2.0, 6.0, 2.5, 8.0 ] },
										"south": { "texture": "#tallow", "uv": [ 0.0, 7.0, 3.5, 9.0 ] },
										"west": { "texture": "#tallow", "uv": [ 0.0, 0.0, 0.5, 2.0 ] },
										"up": { "texture": "#tallow", "uv": [ 0.0, 4.5, 3.5, 5.0 ] },
										"down": { "texture": "#tallow", "uv": [ 0.0, 5.0, 3.5, 5.5 ] }
									}
								}
							]
						}
					]
				},
				{
					"name": "oversleeve4",
					"from": [ 0.0, 2.8, 0.0 ], 
					"to": [ 5.0, 3.3, 3.0 ], 
					"rotationOrigin": [ 0.0, 2.8, 0.0 ],
					"faces": {
						"north": { "texture": "#anthracite", "uv": [ 0.0, 0.0, 5.0, 0.5 ] },
						"east": { "texture": "#anthracite", "uv": [ 0.0, 0.0, 3.0, 0.5 ] },
						"south": { "texture": "#anthracite", "uv": [ 0.0, 0.0, 5.0, 0.5 ] },
						"west": { "texture": "#anthracite", "uv": [ 0.0, 0.0, 3.0, 0.5 ] },
						"up": { "texture": "#anthracite", "uv": [ 9.5, 12.0, 14.5, 15.0 ] },
						"down": { "texture": "#tallow", "uv": [ 4.0, 8.0, 9.0, 11.0 ] }
					},
					"children": [
						{
							"name": "1",
							"from": [ 0.2, 0.5, 0.2 ], 
							"to": [ 4.7, 0.7, 2.8 ], 
							"rotationOrigin": [ 0.2, 0.5, 0.2 ],
							"faces": {
								"north": { "texture": "#tallow", "uv": [ 0.0, 0.0, 4.5, 0.5 ] },
								"east": { "texture": "#tallow", "uv": [ 0.0, 0.0, 2.5, 0.5 ] },
								"south": { "texture": "#tallow", "uv": [ 0.0, 0.0, 4.5, 0.5 ] },
								"west": { "texture": "#tallow", "uv": [ 0.0, 0.0, 2.5, 0.5 ] },
								"up": { "texture": "#tallow", "uv": [ 0.0, 0.0, 4.5, 2.5 ] },
								"down": { "texture": "#tallow", "uv": [ 0.0, 0.0, 4.5, 2.5 ] }
							},
							"children": [
								{
									"name": "1-2",
									"from": [ 0.3, 0.2, 0.3 ], 
									"to": [ 4.1, 0.5, 2.4 ], 
									"rotationOrigin": [ 0.3, 0.2, 0.3 ],
									"faces": {
										"north": { "texture": "#tallow", "uv": [ 0.0, 0.0, 3.5, 0.5 ] },
										"east": { "texture": "#tallow", "uv": [ 0.0, 0.0, 2.0, 0.5 ] },
										"south": { "texture": "#tallow", "uv": [ 0.0, 0.0, 3.5, 0.5 ] },
										"west": { "texture": "#tallow", "uv": [ 0.0, 0.0, 2.0, 0.5 ] },
										"up": { "texture": "#tallow", "uv": [ 0.0, 0.0, 3.5, 2.0 ] },
										"down": { "texture": "#tallow", "uv": [ 0.0, 0.0, 3.5, 2.0 ] }
									}
								}
							]
						}
					]
				},
				{
					"name": "peak",
					"from": [ 5.0, -0.2, -0.5 ], 
					"to": [ 6.0, 3.6, 3.5 ], 
					"rotationOrigin": [ 5.0, -0.2, -0.5 ],
					"faces": {
						"north": { "texture": "#anthracite", "uv": [ 3.0, 3.5, 4.0, 7.0 ] },
						"east": { "texture": "#anthracite", "uv": [ 0.0, 0.0, 4.0, 3.5 ] },
						"south": { "texture": "#anthracite", "uv": [ 0.0, 2.5, 1.0, 6.0 ] },
						"west": { "texture": "#tallow", "uv": [ 0.5, 1.0, 4.5, 4.5 ] },
						"up": { "texture": "#anthracite", "uv": [ 6.0, 2.0, 7.0, 6.0 ] },
						"down": { "texture": "#anthracite", "uv": [ 0.0, 0.0, 1.0, 4.0 ] }
					},
					"children": [
						{
							"name": "2",
							"from": [ 1.0, 0.2, 0.1 ], 
							"to": [ 1.7, 3.6, 3.8 ], 
							"rotationOrigin": [ 1.2, 0.2, 2.0 ],
							"rotationZ": 3.3,
							"faces": {
								"north": { "texture": "#tallow", "uv": [ 2.5, 7.0, 3.0, 10.0 ] },
								"east": { "texture": "#tallow", "uv": [ 1.5, 5.5, 5.0, 8.5 ] },
								"south": { "texture": "#tallow", "uv": [ 1.5, 6.0, 2.0, 9.0 ] },
								"west": { "texture": "#tallow", "uv": [ 1.5, 6.0, 5.0, 9.0 ] },
								"up": { "texture": "#tallow", "uv": [ 2.0, 3.0, 2.5, 6.5 ] },
								"down": { "texture": "#tallow", "uv": [ 1.5, 0.5, 2.0, 4.0 ] }
							},
							"children": [
								{
									"name": "3",
									"from": [ 0.7, 0.1, 0.1 ], 
									"to": [ 1.4, 3.2, 3.6 ], 
									"rotationOrigin": [ 0.9, 0.1, 1.9 ],
									"rotationZ": 2.2,
									"faces": {
										"north": { "texture": "#tallow", "uv": [ 1.0, 6.5, 1.5, 9.5 ] },
										"east": { "texture": "#tallow", "uv": [ 2.5, 6.0, 6.0, 9.0 ] },
										"south": { "texture": "#tallow", "uv": [ 1.0, 3.5, 1.5, 6.5 ] },
										"west": { "texture": "#tallow", "uv": [ 0.0, 5.5, 3.5, 8.5 ] },
										"up": { "texture": "#tallow", "uv": [ 1.0, 3.5, 1.5, 7.0 ] },
										"down": { "texture": "#tallow", "uv": [ 1.5, 4.0, 2.0, 7.5 ] }
									},
									"children": [
										{
											"name": "4",
											"from": [ 0.6, 0.1, 0.1 ], 
											"to": [ 1.3, 3.0, 3.4 ], 
											"rotationOrigin": [ 0.9, 0.1, 1.8 ],
											"rotationZ": 2.2,
											"faces": {
												"north": { "texture": "#tallow", "uv": [ 2.0, 5.5, 2.5, 8.0 ] },
												"east": { "texture": "#tallow", "uv": [ 1.5, 5.0, 4.5, 7.5 ] },
												"south": { "texture": "#tallow", "uv": [ 2.5, 6.5, 3.0, 9.0 ] },
												"west": { "texture": "#tallow", "uv": [ 1.5, 4.0, 4.5, 6.5 ] },
												"up": { "texture": "#tallow", "uv": [ 1.0, 6.0, 1.5, 9.0 ] },
												"down": { "texture": "#tallow", "uv": [ 1.5, 3.0, 2.0, 6.0 ] }
											},
											"children": [
												{
													"name": "5",
													"from": [ 0.7, 0.1, 0.1 ], 
													"to": [ 1.3, 2.8, 3.2 ], 
													"rotationOrigin": [ 1.0, 0.1, 1.7 ],
													"rotationZ": 2.2,
													"faces": {
														"north": { "texture": "#tallow", "uv": [ 1.0, 5.0, 1.5, 7.5 ] },
														"east": { "texture": "#tallow", "uv": [ 0.0, 4.0, 3.0, 6.5 ] },
														"south": { "texture": "#tallow", "uv": [ 2.0, 5.0, 2.5, 7.5 ] },
														"west": { "texture": "#tallow", "uv": [ 0.5, 4.5, 3.5, 7.0 ] },
														"up": { "texture": "#tallow", "uv": [ 2.0, 5.0, 2.5, 8.0 ] },
														"down": { "texture": "#tallow", "uv": [ 1.5, 4.5, 2.0, 7.5 ] }
													},
													"children": [
														{
															"name": "6",
															"from": [ 0.6, 0.1, 0.1 ], 
															"to": [ 1.2, 2.6, 3.0 ], 
															"rotationOrigin": [ 0.9, 0.1, 1.6 ],
															"rotationZ": 2.2,
															"faces": {
																"north": { "texture": "#tallow", "uv": [ 1.0, 7.5, 1.5, 10.0 ] },
																"east": { "texture": "#tallow", "uv": [ 1.0, 6.5, 3.5, 9.0 ] },
																"south": { "texture": "#tallow", "uv": [ 1.0, 6.5, 1.5, 9.0 ] },
																"west": { "texture": "#tallow", "uv": [ 0.5, 6.0, 3.0, 8.5 ] },
																"up": { "texture": "#tallow", "uv": [ 1.0, 7.0, 1.5, 9.5 ] },
																"down": { "texture": "#tallow", "uv": [ 1.5, 6.0, 2.0, 8.5 ] }
															},
															"children": [
																{
																	"name": "7",
																	"from": [ 0.6, 0.1, 0.1 ], 
																	"to": [ 1.1, 2.4, 2.8 ], 
																	"rotationOrigin": [ 0.9, 0.1, 1.5 ],
																	"rotationZ": 2.3,
																	"faces": {
																		"north": { "texture": "#tallow", "uv": [ 2.0, 6.5, 2.5, 8.5 ] },
																		"east": { "texture": "#tallow", "uv": [ 0.0, 6.5, 2.5, 8.5 ] },
																		"south": { "texture": "#tallow", "uv": [ 2.0, 8.0, 2.5, 10.0 ] },
																		"west": { "texture": "#tallow", "uv": [ 0.5, 5.0, 3.0, 7.0 ] },
																		"up": { "texture": "#tallow", "uv": [ 2.0, 5.5, 2.5, 8.0 ] },
																		"down": { "texture": "#tallow", "uv": [ 2.0, 6.0, 2.5, 8.5 ] }
																	},
																	"children": [
																		{
																			"name": "8",
																			"from": [ 0.5, 0.1, 0.1 ], 
																			"to": [ 1.0, 2.2, 2.6 ], 
																			"rotationOrigin": [ 0.7, 0.1, 1.4 ],
																			"rotationZ": 2.4,
																			"faces": {
																				"north": { "texture": "#tallow", "uv": [ 5.5, 7.0, 6.0, 9.0 ] },
																				"east": { "texture": "#tallow", "uv": [ 6.0, 5.5, 8.5, 7.5 ] },
																				"south": { "texture": "#tallow", "uv": [ 2.0, 4.0, 2.5, 6.0 ] },
																				"west": { "texture": "#tallow", "uv": [ 3.5, 4.0, 6.0, 6.0 ] },
																				"up": { "texture": "#tallow", "uv": [ 13.0, 1.0, 13.5, 3.5 ] },
																				"down": { "texture": "#tallow", "uv": [ 13.5, 2.0, 14.0, 4.5 ] }
																			},
																			"children": [
																				{
																					"name": "9",
																					"from": [ 0.5, 0.1, 0.1 ], 
																					"to": [ 1.0, 2.0, 2.4 ], 
																					"rotationOrigin": [ 0.7, 0.1, 1.3 ],
																					"rotationZ": 2.5,
																					"faces": {
																						"north": { "texture": "#tallow", "uv": [ 2.0, 5.5, 2.5, 7.0 ] },
																						"east": { "texture": "#tallow", "uv": [ 0.5, 8.0, 2.5, 9.5 ] },
																						"south": { "texture": "#tallow", "uv": [ 1.5, 5.5, 2.0, 7.0 ] },
																						"west": { "texture": "#tallow", "uv": [ 1.5, 5.0, 3.5, 6.5 ] },
																						"up": { "texture": "#tallow", "uv": [ 4.0, 1.0, 4.5, 3.0 ] },
																						"down": { "texture": "#tallow", "uv": [ 2.5, 1.0, 3.0, 3.0 ] }
																					},
																					"children": [
																						{
																							"name": "10",
																							"from": [ 0.5, 0.1, 0.1 ], 
																							"to": [ 1.0, 1.8, 2.2 ], 
																							"rotationOrigin": [ 0.7, 0.1, 1.2 ],
																							"rotationZ": 2.6,
																							"faces": {
																								"north": { "texture": "#tallow", "uv": [ 2.5, 0.5, 3.0, 2.0 ] },
																								"east": { "texture": "#tallow", "uv": [ 2.0, 0.5, 4.0, 2.0 ] },
																								"south": { "texture": "#tallow", "uv": [ 2.0, 0.5, 2.5, 2.0 ] },
																								"west": { "texture": "#tallow", "uv": [ 1.5, 0.0, 3.5, 1.5 ] },
																								"up": { "texture": "#tallow", "uv": [ 1.5, 0.0, 2.0, 2.0 ] },
																								"down": { "texture": "#tallow", "uv": [ 1.5, 0.0, 2.0, 2.0 ] }
																							},
																							"children": [
																								{
																									"name": "11",
																									"from": [ 0.5, 0.1, 0.1 ], 
																									"to": [ 1.0, 1.6, 2.0 ], 
																									"rotationOrigin": [ 0.7, 0.1, 1.0 ],
																									"rotationZ": 2.7,
																									"faces": {
																										"north": { "texture": "#tallow", "uv": [ 2.0, 0.5, 2.5, 2.0 ] },
																										"east": { "texture": "#tallow", "uv": [ 2.0, 0.0, 3.5, 1.5 ] },
																										"south": { "texture": "#tallow", "uv": [ 2.0, 0.5, 2.5, 2.0 ] },
																										"west": { "texture": "#tallow", "uv": [ 2.0, 0.5, 3.5, 2.0 ] },
																										"up": { "texture": "#tallow", "uv": [ 2.5, 0.5, 3.0, 2.0 ] },
																										"down": { "texture": "#tallow", "uv": [ 1.5, 0.0, 2.0, 1.5 ] }
																									},
																									"children": [
																										{
																											"name": "12",
																											"from": [ 0.5, 0.1, 0.1 ], 
																											"to": [ 1.1, 1.4, 1.8 ], 
																											"rotationOrigin": [ 0.7, 0.1, 1.0 ],
																											"rotationZ": 2.9,
																											"faces": {
																												"north": { "texture": "#tallow", "uv": [ 2.5, 0.5, 3.0, 1.5 ] },
																												"east": { "texture": "#tallow", "uv": [ 2.0, 1.0, 3.5, 2.0 ] },
																												"south": { "texture": "#tallow", "uv": [ 2.0, 0.5, 2.5, 1.5 ] },
																												"west": { "texture": "#tallow", "uv": [ 2.0, 0.0, 3.5, 1.0 ] },
																												"up": { "texture": "#tallow", "uv": [ 2.5, 0.5, 3.0, 2.0 ] },
																												"down": { "texture": "#tallow", "uv": [ 2.0, 0.0, 2.5, 1.5 ] }
																											},
																											"children": [
																												{
																													"name": "13",
																													"from": [ 0.6, 0.1, 0.1 ], 
																													"to": [ 1.2, 1.2, 1.6 ], 
																													"rotationOrigin": [ 0.6, 0.1, 0.1 ],
																													"faces": {
																														"north": { "texture": "#tallow", "uv": [ 9.5, 8.0, 10.0, 9.0 ] },
																														"east": { "texture": "#tallow", "uv": [ 11.0, 6.0, 12.5, 7.0 ] },
																														"south": { "texture": "#tallow", "uv": [ 2.0, 0.5, 2.5, 1.5 ] },
																														"west": { "texture": "#tallow", "uv": [ 2.0, 0.5, 3.5, 1.5 ] },
																														"up": { "texture": "#tallow", "uv": [ 2.5, 0.5, 3.0, 2.0 ] },
																														"down": { "texture": "#tallow", "uv": [ 2.0, 0.5, 2.5, 2.0 ] }
																													},
																													"children": [
																														{
																															"name": "14",
																															"from": [ 0.6, 0.1, 0.1 ], 
																															"to": [ 1.2, 1.0, 1.4 ], 
																															"rotationOrigin": [ 0.6, 0.1, 0.1 ],
																															"faces": {
																																"north": { "texture": "#tallow", "uv": [ 10.0, 8.0, 10.5, 8.5 ] },
																																"east": { "texture": "#tallow", "uv": [ 9.5, 7.0, 10.5, 7.5 ] },
																																"south": { "texture": "#tallow", "uv": [ 10.0, 7.5, 10.5, 8.0 ] },
																																"west": { "texture": "#tallow", "uv": [ 11.0, 7.0, 12.0, 7.5 ] },
																																"up": { "texture": "#tallow", "uv": [ 10.0, 7.0, 10.5, 8.0 ] },
																																"down": { "texture": "#tallow", "uv": [ 11.0, 7.5, 11.5, 8.5 ] }
																															},
																															"children": [
																																{
																																	"name": "15",
																																	"from": [ 0.6, 0.1, 0.1 ], 
																																	"to": [ 1.1, 0.8, 1.2 ], 
																																	"rotationOrigin": [ 0.6, 0.1, 0.1 ],
																																	"faces": {
																																		"north": { "texture": "#tallow", "uv": [ 9.5, 7.5, 10.0, 8.0 ] },
																																		"east": { "texture": "#tallow", "uv": [ 9.5, 7.5, 10.5, 8.0 ] },
																																		"south": { "texture": "#tallow", "uv": [ 10.5, 8.0, 11.0, 8.5 ] },
																																		"west": { "texture": "#tallow", "uv": [ 9.5, 7.0, 10.5, 7.5 ] },
																																		"up": { "texture": "#tallow", "uv": [ 9.5, 8.0, 10.0, 9.0 ] },
																																		"down": { "texture": "#tallow", "uv": [ 9.5, 6.0, 10.0, 7.0 ] }
																																	},
																																	"children": [
																																		{
																																			"name": "16",
																																			"from": [ 0.5, 0.1, 0.1 ], 
																																			"to": [ 1.0, 0.6, 1.0 ], 
																																			"rotationOrigin": [ 0.5, 0.1, 0.1 ],
																																			"faces": {
																																				"north": { "texture": "#tallow", "uv": [ 5.5, 10.5, 6.0, 11.0 ] },
																																				"east": { "texture": "#tallow", "uv": [ 12.0, 8.0, 12.5, 8.5 ] },
																																				"south": { "texture": "#tallow", "uv": [ 11.5, 7.5, 12.0, 8.0 ] },
																																				"west": { "texture": "#tallow", "uv": [ 9.5, 7.0, 10.0, 7.5 ] },
																																				"up": { "texture": "#tallow", "uv": [ 9.5, 8.5, 10.0, 9.0 ] },
																																				"down": { "texture": "#tallow", "uv": [ 10.5, 8.0, 11.0, 8.5 ] }
																																			},
																																			"children": [
																																				{
																																					"name": "17",
																																					"from": [ 0.5, 0.1, 0.1 ], 
																																					"to": [ 1.1, 0.4, 0.8 ], 
																																					"rotationOrigin": [ 0.5, 0.1, 0.1 ],
																																					"faces": {
																																						"north": { "texture": "#tallow", "uv": [ 3.0, 8.0, 3.5, 8.5 ] },
																																						"east": { "texture": "#tallow", "uv": [ 2.5, 6.5, 3.0, 7.0 ] },
																																						"south": { "texture": "#tallow", "uv": [ 4.0, 8.5, 4.5, 9.0 ] },
																																						"west": { "texture": "#tallow", "uv": [ 5.0, 7.5, 5.5, 8.0 ] },
																																						"up": { "texture": "#tallow", "uv": [ 3.5, 8.5, 4.0, 9.0 ] },
																																						"down": { "texture": "#tallow", "uv": [ 4.0, 6.0, 4.5, 6.5 ] }
																																					},
																																					"children": [
																																						{
																																							"name": "18",
																																							"from": [ 0.5, 0.05, 0.05 ], 
																																							"to": [ 1.25, 0.25, 0.65 ], 
																																							"rotationOrigin": [ 0.5, 0.1, 0.1 ],
																																							"faces": {
																																								"north": { "texture": "#tallow", "uv": [ 6.0, 9.5, 6.5, 10.0 ] },
																																								"east": { "texture": "#tallow", "uv": [ 6.0, 9.0, 6.5, 9.5 ] },
																																								"south": { "texture": "#tallow", "uv": [ 5.5, 9.5, 6.0, 10.0 ] },
																																								"west": { "texture": "#tallow", "uv": [ 5.5, 9.0, 6.0, 9.5 ] },
																																								"up": { "texture": "#tallow", "uv": [ 5.0, 9.0, 5.5, 9.5 ] },
																																								"down": { "texture": "#tallow", "uv": [ 6.5, 8.5, 7.0, 9.0 ] }
																																							},
																																							"children": [
																																								{
																																									"name": "19",
																																									"from": [ 0.7, 0.05, 0.05 ], 
																																									"to": [ 1.9, 0.15, 0.55 ], 
																																									"rotationOrigin": [ 0.7, 0.1, 0.1 ],
																																									"faces": {
																																										"north": { "texture": "#tallow", "uv": [ 0.0, 0.0, 1.0, 0.5 ] },
																																										"east": { "texture": "#tallow", "uv": [ 0.0, 0.0, 0.5, 0.5 ] },
																																										"south": { "texture": "#tallow", "uv": [ 0.0, 0.0, 1.0, 0.5 ] },
																																										"west": { "texture": "#tallow", "uv": [ 0.0, 0.0, 0.5, 0.5 ] },
																																										"up": { "texture": "#tallow", "uv": [ 0.0, 0.0, 1.0, 0.5 ] },
																																										"down": { "texture": "#tallow", "uv": [ 0.0, 0.0, 1.0, 0.5 ] }
																																									},
																																									"children": [
																																										{
																																											"name": "20",
																																											"from": [ 1.2, 0.0, 0.1 ], 
																																											"to": [ 2.1, 0.1, 0.4 ], 
																																											"rotationOrigin": [ 1.2, 0.0, 0.1 ],
																																											"faces": {
																																												"north": { "texture": "#tallow", "uv": [ 0.0, 0.0, 0.5, 0.5 ] },
																																												"east": { "texture": "#tallow", "uv": [ 0.0, 0.0, 0.5, 0.5 ] },
																																												"south": { "texture": "#tallow", "uv": [ 0.0, 0.0, 0.5, 0.5 ] },
																																												"west": { "texture": "#tallow", "uv": [ 0.0, 0.0, 0.5, 0.5 ] },
																																												"up": { "texture": "#tallow", "uv": [ 0.0, 0.0, 0.5, 0.5 ] },
																																												"down": { "texture": "#tallow", "uv": [ 0.0, 0.0, 0.5, 0.5 ] }
																																											},
																																											"children": [
																																												{
																																													"name": "21",
																																													"from": [ 0.9, 0.0, 0.1 ], 
																																													"to": [ 1.9, 0.05, 0.2 ], 
																																													"rotationOrigin": [ 0.9, 0.0, 0.1 ],
																																													"faces": {
																																														"north": { "texture": "#tallow", "uv": [ 6.5, 9.0, 7.5, 9.5 ] },
																																														"east": { "texture": "#tallow", "uv": [ 6.5, 8.0, 7.0, 8.5 ] },
																																														"south": { "texture": "#tallow", "uv": [ 5.5, 9.0, 6.5, 9.5 ] },
																																														"west": { "texture": "#tallow", "uv": [ 5.5, 9.0, 6.0, 9.5 ] },
																																														"up": { "texture": "#tallow", "uv": [ 5.0, 9.5, 6.0, 10.0 ] },
																																														"down": { "texture": "#tallow", "uv": [ 6.5, 8.5, 7.5, 9.0 ] }
																																													},
																																													"children": [
																																														{
																																															"name": "22",
																																															"from": [ 1.0, 0.0, 0.005 ], 
																																															"to": [ 2.1, 0.03, 0.055 ], 
																																															"rotationOrigin": [ 1.0, 0.0, 0.1 ],
																																															"faces": {
																																																"north": { "texture": "#tallow", "uv": [ 6.0, 9.0, 7.0, 9.5 ] },
																																																"east": { "texture": "#tallow", "uv": [ 6.0, 9.5, 6.5, 10.0 ] },
																																																"south": { "texture": "#tallow", "uv": [ 4.5, 8.5, 5.5, 9.0 ] },
																																																"west": { "texture": "#tallow", "uv": [ 6.0, 9.0, 6.5, 9.5 ] },
																																																"up": { "texture": "#tallow", "uv": [ 5.0, 9.0, 6.0, 9.5 ] },
																																																"down": { "texture": "#tallow", "uv": [ 5.5, 9.0, 6.5, 9.5 ] }
																																															}
																																														}
																																													]
																																												}
																																											]
																																										}
																																									]
																																								}
																																							]
																																						}
																																					]
																																				}
																																			]
																																		}
																																	]
																																}
																															]
																														}
																													]
																												}
																											]
																										}
																									]
																								}
																							]
																						}
																					]
																				}
																			]
																		}
																	]
																}
															]
														}
													]
												}
											]
										}
									]
								}
							]
						}
					]
				}
			]
		}
	]}