{
	"editor": {
		"allAngles": false,
		"entityTextureMode": false
	},
	"textureWidth": 16,
	"textureHeight": 16,
	"textureSizes": {
	},
	"textures": {
		"limestone1": "game:block/stone/rock/limestone1",
		"tree": "game:block/plant/croton/tree",
		"corundum": "game:block/stone/gem/corundum"
	},
	"elements": [
		{
			"name": "Cube1",
			"stepParentName": "Head",			
			"from": [ 2.5, 0.0, 2.0 ], 
			"to": [ 4.5, 1.0, 3.0 ], 
			"rotationOrigin": [ 2.5, 0.0, 2.0 ],
			"rotationZ": 10.0,
			"faces": {
				"north": { "texture": "#limestone1", "uv": [ 0.0, 0.0, 2.0, 1.0 ] },
				"east": { "texture": "#limestone1", "uv": [ 0.0, 0.0, 1.0, 1.0 ] },
				"south": { "texture": "#limestone1", "uv": [ 0.0, 0.0, 2.0, 1.0 ] },
				"west": { "texture": "#limestone1", "uv": [ 0.0, 0.0, 1.0, 1.0 ] },
				"up": { "texture": "#limestone1", "uv": [ 0.0, 0.0, 2.0, 1.0 ] },
				"down": { "texture": "#limestone1", "uv": [ 0.0, 0.0, 2.0, 1.0 ] }
			},
			"children": [
				{
					"name": "head2",
					"from": [ 5.34, -1.15, -3.4 ], 
					"to": [ 13.18, 1.23, 5.028 ], 
					"rotationOrigin": [ 5.338, -1.146, -3.456 ],
					"rotationX": -89.99995139684732,
					"rotationY": -80.99998178070966,
					"rotationZ": -89.99995139684732,
					"faces": {
						"north": { "texture": "#tree", "uv": [ 6.5, 7.5, 7.48, 10.93 ], "autoUv": false },
						"east": { "texture": "#tree", "uv": [ 5.5, 7.0, 6.97, 9.94 ], "autoUv": false },
						"south": { "texture": "#tree", "uv": [ 6.0, 6.5, 6.49, 10.42 ], "autoUv": false },
						"west": { "texture": "#tree", "uv": [ 5.5, 6.5, 6.97, 10.91 ], "autoUv": false },
						"up": { "texture": "#tree", "uv": [ 5.5, 5.5, 7.46, 10.4 ], "autoUv": false },
						"down": { "texture": "#tree", "uv": [ 5.5, 7.0, 7.95, 10.43 ], "autoUv": false }
					},
					"children": [
						{
							"name": "face1",
							"from": [ 2.156, -0.504, 6.748 ], 
							"to": [ 5.684, 2.38, 8.708 ], 
							"rotationOrigin": [ 2.156, -0.504, 6.748 ],
							"rotationX": 9.4,
							"faces": {
								"north": { "texture": "#tree", "uv": [ 4.25, 7.0, 9.64, 13.86 ], "autoUv": false },
								"east": { "texture": "#tree", "uv": [ 5.25, 5.5, 9.66, 11.38 ], "autoUv": false },
								"south": { "texture": "#tree", "uv": [ 5.25, 6.5, 8.68, 12.38 ], "autoUv": false },
								"west": { "texture": "#tree", "uv": [ 4.75, 6.0, 8.18, 10.9 ], "autoUv": false },
								"up": { "texture": "#tree", "uv": [ 4.75, 6.5, 9.16, 11.4 ], "autoUv": false },
								"down": { "texture": "#tree", "uv": [ 5.25, 7.0, 8.68, 10.92 ], "autoUv": false }
							},
							"children": [
								{
									"name": "fang1",
									"from": [ 0.588, 0.784, 1.176 ], 
									"to": [ 1.372, 2.744, 1.96 ], 
									"rotationOrigin": [ 0.588, 0.784, 1.176 ],
									"rotationX": 29.0,
									"faces": {
										"north": { "texture": "#limestone1", "uv": [ 0.0, 0.0, 0.98, 1.96 ] },
										"east": { "texture": "#limestone1", "uv": [ 0.0, 0.0, 0.98, 1.96 ] },
										"south": { "texture": "#limestone1", "uv": [ 0.0, 0.0, 0.98, 1.96 ] },
										"west": { "texture": "#limestone1", "uv": [ 0.0, 0.0, 0.98, 1.96 ] },
										"up": { "texture": "#limestone1", "uv": [ 0.0, 0.0, 0.98, 0.98 ] },
										"down": { "texture": "#limestone1", "uv": [ 0.0, 0.0, 0.98, 0.98 ] }
									},
									"children": [
										{
											"name": "fang1-2",
											"from": [ 0.098, 1.372, 0.1568 ], 
											"to": [ 0.686, 3.332, 0.7448 ], 
											"rotationOrigin": [ 0.196, 1.372, 0.196 ],
											"rotationX": -5.5,
											"faces": {
												"north": { "texture": "#limestone1", "uv": [ 0.0, 0.0, 0.98, 1.96 ] },
												"east": { "texture": "#limestone1", "uv": [ 0.0, 0.0, 0.98, 1.96 ] },
												"south": { "texture": "#limestone1", "uv": [ 0.0, 0.0, 0.98, 1.96 ] },
												"west": { "texture": "#limestone1", "uv": [ 0.0, 0.0, 0.98, 1.96 ] },
												"up": { "texture": "#limestone1", "uv": [ 0.0, 0.0, 0.98, 0.98 ] },
												"down": { "texture": "#limestone1", "uv": [ 0.0, 0.0, 0.98, 0.98 ] }
											},
											"children": [
												{
													"name": "fang1-3",
													"from": [ 0.098, 1.568, 0.1568 ], 
													"to": [ 0.49, 3.136, 0.5488 ], 
													"rotationOrigin": [ 0.0, 1.568, 0.196 ],
													"rotationX": -7.0,
													"faces": {
														"north": { "texture": "#limestone1", "uv": [ 0.0, 0.0, 0.98, 0.98 ] },
														"east": { "texture": "#limestone1", "uv": [ 0.0, 0.0, 0.98, 0.98 ] },
														"south": { "texture": "#limestone1", "uv": [ 0.0, 0.0, 0.98, 0.98 ] },
														"west": { "texture": "#limestone1", "uv": [ 0.0, 0.0, 0.98, 0.98 ] },
														"up": { "texture": "#limestone1", "uv": [ 0.0, 0.0, 0.98, 0.98 ] },
														"down": { "texture": "#limestone1", "uv": [ 0.0, 0.0, 0.98, 0.98 ] }
													},
													"children": [
														{
															"name": "fang1-4",
															"from": [ 0.098, 1.176, 0.1568 ], 
															"to": [ 0.294, 2.548, 0.3528 ], 
															"rotationOrigin": [ 0.0, 1.176, 0.196 ],
															"rotationX": -10.0,
															"faces": {
																"north": { "texture": "#limestone1", "uv": [ 0.0, 0.0, 0.98, 0.98 ] },
																"east": { "texture": "#limestone1", "uv": [ 0.0, 0.0, 0.98, 0.98 ] },
																"south": { "texture": "#limestone1", "uv": [ 0.0, 0.0, 0.98, 0.98 ] },
																"west": { "texture": "#limestone1", "uv": [ 0.0, 0.0, 0.98, 0.98 ] },
																"up": { "texture": "#limestone1", "uv": [ 0.0, 0.0, 0.98, 0.98 ] },
																"down": { "texture": "#limestone1", "uv": [ 0.0, 0.0, 0.98, 0.98 ] }
															},
															"children": [
																{
																	"name": "fang1-5",
																	"from": [ 0.0588, 1.176, 0.098 ], 
																	"to": [ 0.1568, 2.94, 0.196 ], 
																	"rotationOrigin": [ 0.294, 1.176, 0.0 ],
																	"rotationX": -16.0,
																	"faces": {
																		"north": { "texture": "#limestone1", "uv": [ 0.0, 0.0, 0.98, 0.98 ] },
																		"east": { "texture": "#limestone1", "uv": [ 0.0, 0.0, 0.98, 0.98 ] },
																		"south": { "texture": "#limestone1", "uv": [ 0.0, 0.0, 0.98, 0.98 ] },
																		"west": { "texture": "#limestone1", "uv": [ 0.0, 0.0, 0.98, 0.98 ] },
																		"up": { "texture": "#limestone1", "uv": [ 0.0, 0.0, 0.98, 0.98 ] },
																		"down": { "texture": "#limestone1", "uv": [ 0.0, 0.0, 0.98, 0.98 ] }
																	}
																}
															]
														}
													]
												}
											]
										}
									]
								},
								{
									"name": "fang2",
									"from": [ 2.352, 0.784, 1.176 ], 
									"to": [ 3.136, 2.744, 1.96 ], 
									"rotationOrigin": [ 2.352, 0.784, 1.176 ],
									"rotationX": 29.0,
									"faces": {
										"north": { "texture": "#limestone1", "uv": [ 0.0, 0.0, 0.98, 1.96 ] },
										"east": { "texture": "#limestone1", "uv": [ 0.0, 0.0, 0.98, 1.96 ] },
										"south": { "texture": "#limestone1", "uv": [ 0.0, 0.0, 0.98, 1.96 ] },
										"west": { "texture": "#limestone1", "uv": [ 0.0, 0.0, 0.98, 1.96 ] },
										"up": { "texture": "#limestone1", "uv": [ 0.0, 0.0, 0.98, 0.98 ] },
										"down": { "texture": "#limestone1", "uv": [ 0.0, 0.0, 0.98, 0.98 ] }
									},
									"children": [
										{
											"name": "fang2-2",
											"from": [ 0.098, 1.372, 0.1568 ], 
											"to": [ 0.686, 3.332, 0.7448 ], 
											"rotationOrigin": [ 0.196, 1.372, 0.196 ],
											"rotationX": -5.5,
											"faces": {
												"north": { "texture": "#limestone1", "uv": [ 0.0, 0.0, 0.98, 1.96 ] },
												"east": { "texture": "#limestone1", "uv": [ 0.0, 0.0, 0.98, 1.96 ] },
												"south": { "texture": "#limestone1", "uv": [ 0.0, 0.0, 0.98, 1.96 ] },
												"west": { "texture": "#limestone1", "uv": [ 0.0, 0.0, 0.98, 1.96 ] },
												"up": { "texture": "#limestone1", "uv": [ 0.0, 0.0, 0.98, 0.98 ] },
												"down": { "texture": "#limestone1", "uv": [ 0.0, 0.0, 0.98, 0.98 ] }
											},
											"children": [
												{
													"name": "fang2-3",
													"from": [ 0.098, 1.568, 0.1568 ], 
													"to": [ 0.49, 3.136, 0.5488 ], 
													"rotationOrigin": [ 0.0, 1.568, 0.196 ],
													"rotationX": -7.0,
													"faces": {
														"north": { "texture": "#limestone1", "uv": [ 0.0, 0.0, 0.98, 0.98 ] },
														"east": { "texture": "#limestone1", "uv": [ 0.0, 0.0, 0.98, 0.98 ] },
														"south": { "texture": "#limestone1", "uv": [ 0.0, 0.0, 0.98, 0.98 ] },
														"west": { "texture": "#limestone1", "uv": [ 0.0, 0.0, 0.98, 0.98 ] },
														"up": { "texture": "#limestone1", "uv": [ 0.0, 0.0, 0.98, 0.98 ] },
														"down": { "texture": "#limestone1", "uv": [ 0.0, 0.0, 0.98, 0.98 ] }
													},
													"children": [
														{
															"name": "fang2-4",
															"from": [ 0.098, 1.176, 0.1568 ], 
															"to": [ 0.294, 2.548, 0.3528 ], 
															"rotationOrigin": [ 0.0, 1.176, 0.196 ],
															"rotationX": -10.0,
															"faces": {
																"north": { "texture": "#limestone1", "uv": [ 0.0, 0.0, 0.98, 0.98 ] },
																"east": { "texture": "#limestone1", "uv": [ 0.0, 0.0, 0.98, 0.98 ] },
																"south": { "texture": "#limestone1", "uv": [ 0.0, 0.0, 0.98, 0.98 ] },
																"west": { "texture": "#limestone1", "uv": [ 0.0, 0.0, 0.98, 0.98 ] },
																"up": { "texture": "#limestone1", "uv": [ 0.0, 0.0, 0.98, 0.98 ] },
																"down": { "texture": "#limestone1", "uv": [ 0.0, 0.0, 0.98, 0.98 ] }
															}
														}
													]
												}
											]
										}
									]
								}
							]
						},
						{
							"name": "head3",
							"from": [ 0.392, 4.312, 0.392 ], 
							"to": [ 7.448, 6.076, 7.84 ], 
							"rotationOrigin": [ 0.392, 4.312, 0.392 ],
							"rotationX": 6.0,
							"faces": {
								"north": { "texture": "#tree", "uv": [ 4.5, 6.0, 5.97, 10.41 ], "autoUv": false },
								"east": { "texture": "#tree", "uv": [ 4.5, 5.5, 6.46, 10.4 ], "autoUv": false },
								"south": { "texture": "#tree", "uv": [ 5.0, 6.0, 6.47, 9.92 ], "autoUv": false },
								"west": { "texture": "#tree", "uv": [ 5.0, 6.0, 6.47, 10.9 ], "autoUv": false },
								"up": { "texture": "#tree", "uv": [ 5.0, 6.0, 6.96, 11.39 ], "autoUv": false },
								"down": { "texture": "#tree", "uv": [ 5.0, 6.0, 6.96, 10.41 ], "autoUv": false }
							},
							"children": [
								{
									"name": "horn1",
									"from": [ 0.588, 0.784, 5.096 ], 
									"to": [ 2.548, 3.528, 7.056 ], 
									"rotationOrigin": [ 0.588, 0.784, 5.096 ],
									"rotationX": 7.0,
									"faces": {
										"north": { "texture": "#tree", "uv": [ 0.0, 0.0, 1.96, 1.96 ] },
										"east": { "texture": "#tree", "uv": [ 0.0, 0.0, 1.96, 1.96 ] },
										"south": { "texture": "#tree", "uv": [ 0.0, 0.0, 1.96, 1.96 ] },
										"west": { "texture": "#tree", "uv": [ 0.0, 0.0, 1.96, 1.96 ] },
										"up": { "texture": "#tree", "uv": [ 0.0, 0.0, 1.96, 1.96 ] },
										"down": { "texture": "#tree", "uv": [ 0.0, 0.0, 1.96, 1.96 ] }
									},
									"children": [
										{
											"name": "horn1-2",
											"from": [ 0.196, 1.96, 0.392 ], 
											"to": [ 1.764, 3.724, 1.96 ], 
											"rotationOrigin": [ 0.196, 1.96, 0.392 ],
											"rotationX": -22.5,
											"faces": {
												"north": { "texture": "#tree", "uv": [ 0.0, 0.0, 0.98, 0.98 ] },
												"east": { "texture": "#tree", "uv": [ 0.0, 0.0, 0.98, 0.98 ] },
												"south": { "texture": "#tree", "uv": [ 0.0, 0.0, 0.98, 0.98 ] },
												"west": { "texture": "#tree", "uv": [ 0.0, 0.0, 0.98, 0.98 ] },
												"up": { "texture": "#tree", "uv": [ 0.0, 0.0, 0.98, 0.98 ] },
												"down": { "texture": "#tree", "uv": [ 0.0, 0.0, 0.98, 0.98 ] }
											},
											"children": [
												{
													"name": "horn1-3",
													"from": [ 0.196, 1.176, 0.392 ], 
													"to": [ 1.372, 3.136, 1.568 ], 
													"rotationOrigin": [ 0.196, 1.176, 0.392 ],
													"rotationX": -25.0,
													"faces": {
														"north": { "texture": "#tree", "uv": [ 0.0, 0.0, 0.98, 1.96 ] },
														"east": { "texture": "#tree", "uv": [ 0.0, 0.0, 0.98, 1.96 ] },
														"south": { "texture": "#tree", "uv": [ 0.0, 0.0, 0.98, 1.96 ] },
														"west": { "texture": "#tree", "uv": [ 0.0, 0.0, 0.98, 1.96 ] },
														"up": { "texture": "#tree", "uv": [ 0.0, 0.0, 0.98, 0.98 ] },
														"down": { "texture": "#tree", "uv": [ 0.0, 0.0, 0.98, 0.98 ] }
													},
													"children": [
														{
															"name": "horn1-4",
															"from": [ 0.196, 1.372, 0.588 ], 
															"to": [ 0.98, 17.052, 1.372 ], 
															"rotationOrigin": [ 0.196, 1.372, 0.588 ],
															"rotationX": -45.0,
															"faces": {
																"north": { "texture": "#tree", "uv": [ 0.0, 0.0, 0.98, 15.68 ] },
																"east": { "texture": "#tree", "uv": [ 0.0, 0.0, 0.98, 15.68 ] },
																"south": { "texture": "#tree", "uv": [ 0.0, 0.0, 0.98, 15.68 ] },
																"west": { "texture": "#tree", "uv": [ 0.0, 0.0, 0.98, 15.68 ] },
																"up": { "texture": "#tree", "uv": [ 0.0, 0.0, 0.98, 0.98 ] },
																"down": { "texture": "#tree", "uv": [ 0.0, 0.0, 0.98, 0.98 ] }
															},
															"children": [
																{
																	"name": "horn1-5",
																	"from": [ 0.098, 15.68, 0.2548 ], 
																	"to": [ 0.686, 21.56, 0.6468 ], 
																	"rotationOrigin": [ 0.0, 15.68, 0.588 ],
																	"rotationX": -33.9,
																	"faces": {
																		"north": { "texture": "#tree", "uv": [ 0.0, 0.0, 0.98, 5.88 ] },
																		"east": { "texture": "#tree", "uv": [ 0.0, 0.0, 0.98, 5.88 ] },
																		"south": { "texture": "#tree", "uv": [ 0.0, 0.0, 0.98, 5.88 ] },
																		"west": { "texture": "#tree", "uv": [ 0.0, 0.0, 0.98, 5.88 ] },
																		"up": { "texture": "#tree", "uv": [ 0.0, 0.0, 0.98, 0.98 ] },
																		"down": { "texture": "#tree", "uv": [ 0.0, 0.0, 0.98, 0.98 ] }
																	}
																}
															]
														}
													]
												}
											]
										}
									]
								},
								{
									"name": "horn2",
									"from": [ 4.508, 0.784, 5.096 ], 
									"to": [ 6.468, 3.528, 7.056 ], 
									"rotationOrigin": [ 4.508, 0.784, 5.096 ],
									"rotationX": 9.0,
									"faces": {
										"north": { "texture": "#tree", "uv": [ 0.0, 0.0, 1.96, 1.96 ] },
										"east": { "texture": "#tree", "uv": [ 0.0, 0.0, 1.96, 1.96 ] },
										"south": { "texture": "#tree", "uv": [ 0.0, 0.0, 1.96, 1.96 ] },
										"west": { "texture": "#tree", "uv": [ 0.0, 0.0, 1.96, 1.96 ] },
										"up": { "texture": "#tree", "uv": [ 0.0, 0.0, 1.96, 1.96 ] },
										"down": { "texture": "#tree", "uv": [ 0.0, 0.0, 1.96, 1.96 ] }
									},
									"children": [
										{
											"name": "horn2-2",
											"from": [ 0.196, 1.96, 0.392 ], 
											"to": [ 1.764, 3.724, 1.96 ], 
											"rotationOrigin": [ 0.196, 1.96, 0.392 ],
											"rotationX": -25.0,
											"faces": {
												"north": { "texture": "#tree", "uv": [ 0.0, 0.0, 0.98, 0.98 ] },
												"east": { "texture": "#tree", "uv": [ 0.0, 0.0, 0.98, 0.98 ] },
												"south": { "texture": "#tree", "uv": [ 0.0, 0.0, 0.98, 0.98 ] },
												"west": { "texture": "#tree", "uv": [ 0.0, 0.0, 0.98, 0.98 ] },
												"up": { "texture": "#tree", "uv": [ 0.0, 0.0, 0.98, 0.98 ] },
												"down": { "texture": "#tree", "uv": [ 0.0, 0.0, 0.98, 0.98 ] }
											},
											"children": [
												{
													"name": "horn2-3",
													"from": [ 0.196, 1.176, 0.392 ], 
													"to": [ 1.372, 3.136, 1.568 ], 
													"rotationOrigin": [ 0.196, 1.176, 0.392 ],
													"rotationX": -25.0,
													"faces": {
														"north": { "texture": "#tree", "uv": [ 0.0, 0.0, 0.98, 1.96 ] },
														"east": { "texture": "#tree", "uv": [ 0.0, 0.0, 0.98, 1.96 ] },
														"south": { "texture": "#tree", "uv": [ 0.0, 0.0, 0.98, 1.96 ] },
														"west": { "texture": "#tree", "uv": [ 0.0, 0.0, 0.98, 1.96 ] },
														"up": { "texture": "#tree", "uv": [ 0.0, 0.0, 0.98, 0.98 ] },
														"down": { "texture": "#tree", "uv": [ 0.0, 0.0, 0.98, 0.98 ] }
													},
													"children": [
														{
															"name": "horn2-4",
															"from": [ 0.196, 1.372, 0.588 ], 
															"to": [ 0.98, 17.052, 1.372 ], 
															"rotationOrigin": [ 0.196, 1.372, 0.588 ],
															"rotationX": -45.0,
															"faces": {
																"north": { "texture": "#tree", "uv": [ 0.0, 0.0, 0.98, 15.68 ] },
																"east": { "texture": "#tree", "uv": [ 0.0, 0.0, 0.98, 15.68 ] },
																"south": { "texture": "#tree", "uv": [ 0.0, 0.0, 0.98, 15.68 ] },
																"west": { "texture": "#tree", "uv": [ 0.0, 0.0, 0.98, 15.68 ] },
																"up": { "texture": "#tree", "uv": [ 0.0, 0.0, 0.98, 0.98 ] },
																"down": { "texture": "#tree", "uv": [ 0.0, 0.0, 0.98, 0.98 ] }
															},
															"children": [
																{
																	"name": "horn2-5",
																	"from": [ 0.098, 15.68, 0.2548 ], 
																	"to": [ 0.686, 21.56, 0.6468 ], 
																	"rotationOrigin": [ 0.0, 15.68, 0.588 ],
																	"rotationX": -33.9,
																	"faces": {
																		"north": { "texture": "#tree", "uv": [ 0.0, 0.0, 0.98, 5.88 ] },
																		"east": { "texture": "#tree", "uv": [ 0.0, 0.0, 0.98, 5.88 ] },
																		"south": { "texture": "#tree", "uv": [ 0.0, 0.0, 0.98, 5.88 ] },
																		"west": { "texture": "#tree", "uv": [ 0.0, 0.0, 0.98, 5.88 ] },
																		"up": { "texture": "#tree", "uv": [ 0.0, 0.0, 0.98, 0.98 ] },
																		"down": { "texture": "#tree", "uv": [ 0.0, 0.0, 0.98, 0.98 ] }
																	}
																}
															]
														}
													]
												}
											]
										}
									]
								}
							]
						},
						{
							"name": "head4",
							"from": [ 0.644, -1.96, -4.802 ], 
							"to": [ 7.056, 2.744, 4.606 ], 
							"rotationOrigin": [ 0.644, -1.96, -4.802 ],
							"rotationX": -20.0,
							"faces": {
								"north": { "texture": "#tree", "uv": [ 4.5, 6.0, 10.8, 10.2 ] },
								"east": { "texture": "#tree", "uv": [ 4.5, 8.5, 13.6, 12.7 ] },
								"south": { "texture": "#tree", "uv": [ 4.0, 9.0, 10.3, 13.2 ] },
								"west": { "texture": "#tree", "uv": [ 4.5, 8.5, 13.6, 12.7 ] },
								"up": { "texture": "#tree", "uv": [ 5.5, 6.0, 11.8, 15.1 ] },
								"down": { "texture": "#tree", "uv": [ 4.5, 6.0, 10.8, 15.1 ] }
							},
							"children": [
								{
									"name": "hair1",
									"from": [ 0.392, 0.98, -5.292 ], 
									"to": [ 0.784, 1.372, 0.588 ], 
									"rotationOrigin": [ 0.392, 0.98, 0.588 ],
									"rotationX": -22.5,
									"faces": {
										"north": { "texture": "#corundum", "uv": [ 0.0, 0.0, 0.98, 0.98 ] },
										"east": { "texture": "#corundum", "uv": [ 0.0, 0.0, 5.88, 0.98 ] },
										"south": { "texture": "#corundum", "uv": [ 0.0, 0.0, 0.98, 0.98 ] },
										"west": { "texture": "#corundum", "uv": [ 0.0, 0.0, 5.88, 0.98 ] },
										"up": { "texture": "#corundum", "uv": [ 0.0, 0.0, 0.98, 5.88 ] },
										"down": { "texture": "#corundum", "uv": [ 0.0, 0.0, 0.98, 5.88 ] }
									}
								},
								{
									"name": "hair2",
									"from": [ 1.372, 0.98, -5.292 ], 
									"to": [ 1.764, 1.372, 0.588 ], 
									"rotationOrigin": [ 1.372, 0.98, 0.588 ],
									"rotationX": -21.8,
									"rotationY": -7.2,
									"faces": {
										"north": { "texture": "#corundum", "uv": [ 0.0, 0.0, 0.98, 0.98 ] },
										"east": { "texture": "#corundum", "uv": [ 0.0, 0.0, 5.88, 0.98 ] },
										"south": { "texture": "#corundum", "uv": [ 0.0, 0.0, 0.98, 0.98 ] },
										"west": { "texture": "#corundum", "uv": [ 0.0, 0.0, 5.88, 0.98 ] },
										"up": { "texture": "#corundum", "uv": [ 0.0, 0.0, 0.98, 5.88 ] },
										"down": { "texture": "#corundum", "uv": [ 0.0, 0.0, 0.98, 5.88 ] }
									}
								},
								{
									"name": "hair3",
									"from": [ 2.548, 0.392, -5.292 ], 
									"to": [ 2.94, 0.784, 0.588 ], 
									"rotationOrigin": [ 2.548, 0.392, 0.588 ],
									"rotationX": -2.0,
									"faces": {
										"north": { "texture": "#corundum", "uv": [ 0.0, 0.0, 0.98, 0.98 ] },
										"east": { "texture": "#corundum", "uv": [ 0.0, 0.0, 5.88, 0.98 ] },
										"south": { "texture": "#corundum", "uv": [ 0.0, 0.0, 0.98, 0.98 ] },
										"west": { "texture": "#corundum", "uv": [ 0.0, 0.0, 5.88, 0.98 ] },
										"up": { "texture": "#corundum", "uv": [ 0.0, 0.0, 0.98, 5.88 ] },
										"down": { "texture": "#corundum", "uv": [ 0.0, 0.0, 0.98, 5.88 ] }
									}
								},
								{
									"name": "hair4",
									"from": [ 3.724, 0.196, -5.292 ], 
									"to": [ 4.116, 0.588, 0.588 ], 
									"rotationOrigin": [ 3.724, 0.196, 0.588 ],
									"rotationX": -7.3,
									"faces": {
										"north": { "texture": "#corundum", "uv": [ 0.0, 0.0, 0.98, 0.98 ] },
										"east": { "texture": "#corundum", "uv": [ 0.0, 0.0, 5.88, 0.98 ] },
										"south": { "texture": "#corundum", "uv": [ 0.0, 0.0, 0.98, 0.98 ] },
										"west": { "texture": "#corundum", "uv": [ 0.0, 0.0, 5.88, 0.98 ] },
										"up": { "texture": "#corundum", "uv": [ 0.0, 0.0, 0.98, 5.88 ] },
										"down": { "texture": "#corundum", "uv": [ 0.0, 0.0, 0.98, 5.88 ] }
									}
								},
								{
									"name": "hair5",
									"from": [ 4.508, 0.196, -5.292 ], 
									"to": [ 4.9, 0.588, 0.588 ], 
									"rotationOrigin": [ 4.508, 0.196, 0.588 ],
									"rotationX": -0.7,
									"faces": {
										"north": { "texture": "#corundum", "uv": [ 0.0, 0.0, 0.98, 0.98 ] },
										"east": { "texture": "#corundum", "uv": [ 0.0, 0.0, 5.88, 0.98 ] },
										"south": { "texture": "#corundum", "uv": [ 0.0, 0.0, 0.98, 0.98 ] },
										"west": { "texture": "#corundum", "uv": [ 0.0, 0.0, 5.88, 0.98 ] },
										"up": { "texture": "#corundum", "uv": [ 0.0, 0.0, 0.98, 5.88 ] },
										"down": { "texture": "#corundum", "uv": [ 0.0, 0.0, 0.98, 5.88 ] }
									}
								},
								{
									"name": "hair6",
									"from": [ 5.684, 0.196, -5.292 ], 
									"to": [ 6.076, 0.588, 0.588 ], 
									"rotationOrigin": [ 5.684, 0.196, 0.588 ],
									"rotationX": -13.9,
									"faces": {
										"north": { "texture": "#corundum", "uv": [ 0.0, 0.0, 0.98, 0.98 ] },
										"east": { "texture": "#corundum", "uv": [ 0.0, 0.0, 5.88, 0.98 ] },
										"south": { "texture": "#corundum", "uv": [ 0.0, 0.0, 0.98, 0.98 ] },
										"west": { "texture": "#corundum", "uv": [ 0.0, 0.0, 5.88, 0.98 ] },
										"up": { "texture": "#corundum", "uv": [ 0.0, 0.0, 0.98, 5.88 ] },
										"down": { "texture": "#corundum", "uv": [ 0.0, 0.0, 0.98, 5.88 ] }
									}
								},
								{
									"name": "hair7",
									"from": [ 5.292, 0.98, -5.292 ], 
									"to": [ 5.684, 1.372, 0.588 ], 
									"rotationOrigin": [ 5.292, 0.98, 0.588 ],
									"rotationX": -11.9,
									"rotationY": -2.5,
									"faces": {
										"north": { "texture": "#corundum", "uv": [ 0.0, 0.0, 0.98, 0.98 ] },
										"east": { "texture": "#corundum", "uv": [ 0.0, 0.0, 5.88, 0.98 ] },
										"south": { "texture": "#corundum", "uv": [ 0.0, 0.0, 0.98, 0.98 ] },
										"west": { "texture": "#corundum", "uv": [ 0.0, 0.0, 5.88, 0.98 ] },
										"up": { "texture": "#corundum", "uv": [ 0.0, 0.0, 0.98, 5.88 ] },
										"down": { "texture": "#corundum", "uv": [ 0.0, 0.0, 0.98, 5.88 ] }
									}
								},
								{
									"name": "hair8",
									"from": [ 4.508, 1.176, -5.292 ], 
									"to": [ 4.9, 1.568, 0.588 ], 
									"rotationOrigin": [ 4.508, 1.176, 0.588 ],
									"rotationX": -2.9,
									"rotationY": -4.6,
									"faces": {
										"north": { "texture": "#corundum", "uv": [ 0.0, 0.0, 0.98, 0.98 ] },
										"east": { "texture": "#corundum", "uv": [ 0.0, 0.0, 5.88, 0.98 ] },
										"south": { "texture": "#corundum", "uv": [ 0.0, 0.0, 0.98, 0.98 ] },
										"west": { "texture": "#corundum", "uv": [ 0.0, 0.0, 5.88, 0.98 ] },
										"up": { "texture": "#corundum", "uv": [ 0.0, 0.0, 0.98, 5.88 ] },
										"down": { "texture": "#corundum", "uv": [ 0.0, 0.0, 0.98, 5.88 ] }
									}
								},
								{
									"name": "hair9",
									"from": [ 3.528, 0.98, -5.292 ], 
									"to": [ 3.92, 1.372, 0.588 ], 
									"rotationOrigin": [ 3.528, 0.98, 0.588 ],
									"rotationX": 1.2,
									"rotationY": -4.9,
									"rotationZ": 6.3,
									"faces": {
										"north": { "texture": "#corundum", "uv": [ 0.0, 0.0, 0.98, 0.98 ] },
										"east": { "texture": "#corundum", "uv": [ 0.0, 0.0, 5.88, 0.98 ] },
										"south": { "texture": "#corundum", "uv": [ 0.0, 0.0, 0.98, 0.98 ] },
										"west": { "texture": "#corundum", "uv": [ 0.0, 0.0, 5.88, 0.98 ] },
										"up": { "texture": "#corundum", "uv": [ 0.0, 0.0, 0.98, 5.88 ] },
										"down": { "texture": "#corundum", "uv": [ 0.0, 0.0, 0.98, 5.88 ] }
									}
								},
								{
									"name": "hair10",
									"from": [ 2.548, 0.98, -5.292 ], 
									"to": [ 2.94, 1.372, 0.588 ], 
									"rotationOrigin": [ 2.548, 0.98, 0.588 ],
									"rotationX": -3.5,
									"rotationY": -8.2,
									"rotationZ": 6.3,
									"faces": {
										"north": { "texture": "#corundum", "uv": [ 0.0, 0.0, 0.98, 0.98 ] },
										"east": { "texture": "#corundum", "uv": [ 0.0, 0.0, 5.88, 0.98 ] },
										"south": { "texture": "#corundum", "uv": [ 0.0, 0.0, 0.98, 0.98 ] },
										"west": { "texture": "#corundum", "uv": [ 0.0, 0.0, 5.88, 0.98 ] },
										"up": { "texture": "#corundum", "uv": [ 0.0, 0.0, 0.98, 5.88 ] },
										"down": { "texture": "#corundum", "uv": [ 0.0, 0.0, 0.98, 5.88 ] }
									}
								},
								{
									"name": "hair11",
									"from": [ 1.764, 1.372, -5.292 ], 
									"to": [ 2.156, 1.764, 0.588 ], 
									"rotationOrigin": [ 1.764, 1.372, 0.588 ],
									"rotationX": 0.1,
									"rotationY": -3.2,
									"rotationZ": 9.5,
									"faces": {
										"north": { "texture": "#corundum", "uv": [ 0.0, 0.0, 0.98, 0.98 ] },
										"east": { "texture": "#corundum", "uv": [ 0.0, 0.0, 5.88, 0.98 ] },
										"south": { "texture": "#corundum", "uv": [ 0.0, 0.0, 0.98, 0.98 ] },
										"west": { "texture": "#corundum", "uv": [ 0.0, 0.0, 5.88, 0.98 ] },
										"up": { "texture": "#corundum", "uv": [ 0.0, 0.0, 0.98, 5.88 ] },
										"down": { "texture": "#corundum", "uv": [ 0.0, 0.0, 0.98, 5.88 ] }
									}
								},
								{
									"name": "hair12",
									"from": [ 1.176, 1.372, -5.292 ], 
									"to": [ 1.568, 1.764, 0.588 ], 
									"rotationOrigin": [ 1.176, 1.372, 0.588 ],
									"rotationX": -4.6,
									"rotationY": 1.2,
									"rotationZ": 9.5,
									"faces": {
										"north": { "texture": "#corundum", "uv": [ 0.0, 0.0, 0.98, 0.98 ] },
										"east": { "texture": "#corundum", "uv": [ 0.0, 0.0, 5.88, 0.98 ] },
										"south": { "texture": "#corundum", "uv": [ 0.0, 0.0, 0.98, 0.98 ] },
										"west": { "texture": "#corundum", "uv": [ 0.0, 0.0, 5.88, 0.98 ] },
										"up": { "texture": "#corundum", "uv": [ 0.0, 0.0, 0.98, 5.88 ] },
										"down": { "texture": "#corundum", "uv": [ 0.0, 0.0, 0.98, 5.88 ] }
									}
								},
								{
									"name": "hair13",
									"from": [ 0.392, 1.372, -5.292 ], 
									"to": [ 0.784, 1.764, 0.588 ], 
									"rotationOrigin": [ 0.392, 1.372, 0.588 ],
									"rotationX": 0.6,
									"rotationY": 5.3,
									"rotationZ": 9.5,
									"faces": {
										"north": { "texture": "#corundum", "uv": [ 0.0, 0.0, 0.98, 0.98 ] },
										"east": { "texture": "#corundum", "uv": [ 0.0, 0.0, 5.88, 0.98 ] },
										"south": { "texture": "#corundum", "uv": [ 0.0, 0.0, 0.98, 0.98 ] },
										"west": { "texture": "#corundum", "uv": [ 0.0, 0.0, 5.88, 0.98 ] },
										"up": { "texture": "#corundum", "uv": [ 0.0, 0.0, 0.98, 5.88 ] },
										"down": { "texture": "#corundum", "uv": [ 0.0, 0.0, 0.98, 5.88 ] }
									}
								},
								{
									"name": "hair14",
									"from": [ 0.392, 2.156, -5.292 ], 
									"to": [ 0.784, 2.548, 0.588 ], 
									"rotationOrigin": [ 0.392, 2.156, 0.588 ],
									"rotationX": 1.3,
									"rotationY": 1.2,
									"rotationZ": 2.8,
									"faces": {
										"north": { "texture": "#corundum", "uv": [ 0.0, 0.0, 0.98, 0.98 ] },
										"east": { "texture": "#corundum", "uv": [ 0.0, 0.0, 5.88, 0.98 ] },
										"south": { "texture": "#corundum", "uv": [ 0.0, 0.0, 0.98, 0.98 ] },
										"west": { "texture": "#corundum", "uv": [ 0.0, 0.0, 5.88, 0.98 ] },
										"up": { "texture": "#corundum", "uv": [ 0.0, 0.0, 0.98, 5.88 ] },
										"down": { "texture": "#corundum", "uv": [ 0.0, 0.0, 0.98, 5.88 ] }
									}
								},
								{
									"name": "hair15",
									"from": [ 1.176, 2.156, -5.292 ], 
									"to": [ 1.568, 2.548, 0.588 ], 
									"rotationOrigin": [ 1.176, 2.156, 0.588 ],
									"rotationX": 9.1,
									"rotationY": 1.2,
									"rotationZ": -4.2,
									"faces": {
										"north": { "texture": "#corundum", "uv": [ 0.0, 0.0, 0.98, 0.98 ] },
										"east": { "texture": "#corundum", "uv": [ 0.0, 0.0, 5.88, 0.98 ] },
										"south": { "texture": "#corundum", "uv": [ 0.0, 0.0, 0.98, 0.98 ] },
										"west": { "texture": "#corundum", "uv": [ 0.0, 0.0, 5.88, 0.98 ] },
										"up": { "texture": "#corundum", "uv": [ 0.0, 0.0, 0.98, 5.88 ] },
										"down": { "texture": "#corundum", "uv": [ 0.0, 0.0, 0.98, 5.88 ] }
									}
								},
								{
									"name": "hair16",
									"from": [ 1.96, 1.96, -5.292 ], 
									"to": [ 2.352, 2.352, 0.588 ], 
									"rotationOrigin": [ 1.96, 1.96, 0.588 ],
									"rotationX": 5.8,
									"rotationY": 1.2,
									"rotationZ": -4.2,
									"faces": {
										"north": { "texture": "#corundum", "uv": [ 0.0, 0.0, 0.98, 0.98 ] },
										"east": { "texture": "#corundum", "uv": [ 0.0, 0.0, 5.88, 0.98 ] },
										"south": { "texture": "#corundum", "uv": [ 0.0, 0.0, 0.98, 0.98 ] },
										"west": { "texture": "#corundum", "uv": [ 0.0, 0.0, 5.88, 0.98 ] },
										"up": { "texture": "#corundum", "uv": [ 0.0, 0.0, 0.98, 5.88 ] },
										"down": { "texture": "#corundum", "uv": [ 0.0, 0.0, 0.98, 5.88 ] }
									}
								},
								{
									"name": "hair17",
									"from": [ 2.744, 1.568, -5.292 ], 
									"to": [ 3.136, 1.96, 0.588 ], 
									"rotationOrigin": [ 2.744, 1.568, 0.588 ],
									"rotationX": 2.6,
									"rotationY": 1.2,
									"rotationZ": 5.3,
									"faces": {
										"north": { "texture": "#corundum", "uv": [ 0.0, 0.0, 0.98, 0.98 ] },
										"east": { "texture": "#corundum", "uv": [ 0.0, 0.0, 5.88, 0.98 ] },
										"south": { "texture": "#corundum", "uv": [ 0.0, 0.0, 0.98, 0.98 ] },
										"west": { "texture": "#corundum", "uv": [ 0.0, 0.0, 5.88, 0.98 ] },
										"up": { "texture": "#corundum", "uv": [ 0.0, 0.0, 0.98, 5.88 ] },
										"down": { "texture": "#corundum", "uv": [ 0.0, 0.0, 0.98, 5.88 ] }
									}
								},
								{
									"name": "hair18",
									"from": [ 3.528, 1.568, -5.292 ], 
									"to": [ 3.92, 1.96, 0.588 ], 
									"rotationOrigin": [ 3.528, 1.568, 0.588 ],
									"rotationX": 10.1,
									"rotationY": -0.5,
									"rotationZ": 5.3,
									"faces": {
										"north": { "texture": "#corundum", "uv": [ 0.0, 0.0, 0.98, 0.98 ] },
										"east": { "texture": "#corundum", "uv": [ 0.0, 0.0, 5.88, 0.98 ] },
										"south": { "texture": "#corundum", "uv": [ 0.0, 0.0, 0.98, 0.98 ] },
										"west": { "texture": "#corundum", "uv": [ 0.0, 0.0, 5.88, 0.98 ] },
										"up": { "texture": "#corundum", "uv": [ 0.0, 0.0, 0.98, 5.88 ] },
										"down": { "texture": "#corundum", "uv": [ 0.0, 0.0, 0.98, 5.88 ] }
									}
								},
								{
									"name": "hair19",
									"from": [ 4.312, 1.372, -5.292 ], 
									"to": [ 4.704, 1.764, 0.588 ], 
									"rotationOrigin": [ 4.312, 1.372, 0.588 ],
									"rotationX": 13.2,
									"rotationY": -6.2,
									"rotationZ": 5.3,
									"faces": {
										"north": { "texture": "#corundum", "uv": [ 0.0, 0.0, 0.98, 0.98 ] },
										"east": { "texture": "#corundum", "uv": [ 0.0, 0.0, 5.88, 0.98 ] },
										"south": { "texture": "#corundum", "uv": [ 0.0, 0.0, 0.98, 0.98 ] },
										"west": { "texture": "#corundum", "uv": [ 0.0, 0.0, 5.88, 0.98 ] },
										"up": { "texture": "#corundum", "uv": [ 0.0, 0.0, 0.98, 5.88 ] },
										"down": { "texture": "#corundum", "uv": [ 0.0, 0.0, 0.98, 5.88 ] }
									}
								},
								{
									"name": "hair20",
									"from": [ 5.096, 1.372, -5.292 ], 
									"to": [ 5.488, 1.764, 0.588 ], 
									"rotationOrigin": [ 5.096, 1.372, 0.588 ],
									"rotationY": -8.7,
									"rotationZ": 5.3,
									"faces": {
										"north": { "texture": "#corundum", "uv": [ 0.0, 0.0, 0.98, 0.98 ] },
										"east": { "texture": "#corundum", "uv": [ 0.0, 0.0, 5.88, 0.98 ] },
										"south": { "texture": "#corundum", "uv": [ 0.0, 0.0, 0.98, 0.98 ] },
										"west": { "texture": "#corundum", "uv": [ 0.0, 0.0, 5.88, 0.98 ] },
										"up": { "texture": "#corundum", "uv": [ 0.0, 0.0, 0.98, 5.88 ] },
										"down": { "texture": "#corundum", "uv": [ 0.0, 0.0, 0.98, 5.88 ] }
									}
								},
								{
									"name": "hair21",
									"from": [ 5.684, 0.784, -5.292 ], 
									"to": [ 6.076, 1.176, 0.588 ], 
									"rotationOrigin": [ 5.684, 0.784, 0.588 ],
									"rotationX": 22.5,
									"rotationY": -13.8,
									"rotationZ": 5.3,
									"faces": {
										"north": { "texture": "#corundum", "uv": [ 0.0, 0.0, 0.98, 0.98 ] },
										"east": { "texture": "#corundum", "uv": [ 0.0, 0.0, 5.88, 0.98 ] },
										"south": { "texture": "#corundum", "uv": [ 0.0, 0.0, 0.98, 0.98 ] },
										"west": { "texture": "#corundum", "uv": [ 0.0, 0.0, 5.88, 0.98 ] },
										"up": { "texture": "#corundum", "uv": [ 0.0, 0.0, 0.98, 5.88 ] },
										"down": { "texture": "#corundum", "uv": [ 0.0, 0.0, 0.98, 5.88 ] }
									}
								},
								{
									"name": "hair22",
									"from": [ 5.684, 1.96, -5.292 ], 
									"to": [ 6.076, 2.352, 0.588 ], 
									"rotationOrigin": [ 5.684, 1.96, 0.588 ],
									"rotationX": 7.9,
									"rotationY": -6.0,
									"rotationZ": 5.3,
									"faces": {
										"north": { "texture": "#corundum", "uv": [ 0.0, 0.0, 0.98, 0.98 ] },
										"east": { "texture": "#corundum", "uv": [ 0.0, 0.0, 5.88, 0.98 ] },
										"south": { "texture": "#corundum", "uv": [ 0.0, 0.0, 0.98, 0.98 ] },
										"west": { "texture": "#corundum", "uv": [ 0.0, 0.0, 5.88, 0.98 ] },
										"up": { "texture": "#corundum", "uv": [ 0.0, 0.0, 0.98, 5.88 ] },
										"down": { "texture": "#corundum", "uv": [ 0.0, 0.0, 0.98, 5.88 ] }
									}
								},
								{
									"name": "hair23",
									"from": [ 5.292, 1.764, -5.292 ], 
									"to": [ 5.684, 2.156, 0.588 ], 
									"rotationOrigin": [ 5.292, 1.764, 0.588 ],
									"rotationX": 14.9,
									"rotationY": -1.5,
									"rotationZ": 22.5,
									"faces": {
										"north": { "texture": "#corundum", "uv": [ 0.0, 0.0, 0.98, 0.98 ] },
										"east": { "texture": "#corundum", "uv": [ 0.0, 0.0, 5.88, 0.98 ] },
										"south": { "texture": "#corundum", "uv": [ 0.0, 0.0, 0.98, 0.98 ] },
										"west": { "texture": "#corundum", "uv": [ 0.0, 0.0, 5.88, 0.98 ] },
										"up": { "texture": "#corundum", "uv": [ 0.0, 0.0, 0.98, 5.88 ] },
										"down": { "texture": "#corundum", "uv": [ 0.0, 0.0, 0.98, 5.88 ] }
									}
								},
								{
									"name": "hair24",
									"from": [ 4.312, 1.96, -5.292 ], 
									"to": [ 4.704, 2.352, 0.588 ], 
									"rotationOrigin": [ 4.312, 1.96, 0.588 ],
									"rotationX": 12.8,
									"rotationY": -2.4,
									"rotationZ": 22.3,
									"faces": {
										"north": { "texture": "#corundum", "uv": [ 0.0, 0.0, 0.98, 0.98 ] },
										"east": { "texture": "#corundum", "uv": [ 0.0, 0.0, 5.88, 0.98 ] },
										"south": { "texture": "#corundum", "uv": [ 0.0, 0.0, 0.98, 0.98 ] },
										"west": { "texture": "#corundum", "uv": [ 0.0, 0.0, 5.88, 0.98 ] },
										"up": { "texture": "#corundum", "uv": [ 0.0, 0.0, 0.98, 5.88 ] },
										"down": { "texture": "#corundum", "uv": [ 0.0, 0.0, 0.98, 5.88 ] }
									}
								},
								{
									"name": "hair25",
									"from": [ 3.332, 1.764, -5.292 ], 
									"to": [ 3.724, 2.156, 0.588 ], 
									"rotationOrigin": [ 3.332, 1.764, 0.588 ],
									"rotationX": 22.5,
									"rotationY": -2.4,
									"rotationZ": 22.3,
									"faces": {
										"north": { "texture": "#corundum", "uv": [ 0.0, 0.0, 0.98, 0.98 ] },
										"east": { "texture": "#corundum", "uv": [ 0.0, 0.0, 5.88, 0.98 ] },
										"south": { "texture": "#corundum", "uv": [ 0.0, 0.0, 0.98, 0.98 ] },
										"west": { "texture": "#corundum", "uv": [ 0.0, 0.0, 5.88, 0.98 ] },
										"up": { "texture": "#corundum", "uv": [ 0.0, 0.0, 0.98, 5.88 ] },
										"down": { "texture": "#corundum", "uv": [ 0.0, 0.0, 0.98, 5.88 ] }
									}
								},
								{
									"name": "hair26",
									"from": [ 2.548, 2.156, -5.292 ], 
									"to": [ 2.94, 2.548, 0.588 ], 
									"rotationOrigin": [ 2.548, 2.156, 0.588 ],
									"rotationX": 11.5,
									"rotationY": -4.8,
									"rotationZ": 22.3,
									"faces": {
										"north": { "texture": "#corundum", "uv": [ 0.0, 0.0, 0.98, 0.98 ] },
										"east": { "texture": "#corundum", "uv": [ 0.0, 0.0, 5.88, 0.98 ] },
										"south": { "texture": "#corundum", "uv": [ 0.0, 0.0, 0.98, 0.98 ] },
										"west": { "texture": "#corundum", "uv": [ 0.0, 0.0, 5.88, 0.98 ] },
										"up": { "texture": "#corundum", "uv": [ 0.0, 0.0, 0.98, 5.88 ] },
										"down": { "texture": "#corundum", "uv": [ 0.0, 0.0, 0.98, 5.88 ] }
									}
								},
								{
									"name": "hair27",
									"from": [ 1.764, 2.744, -5.292 ], 
									"to": [ 2.156, 3.136, 0.588 ], 
									"rotationOrigin": [ 1.764, 2.744, 0.588 ],
									"rotationY": -4.8,
									"rotationZ": 22.3,
									"faces": {
										"north": { "texture": "#corundum", "uv": [ 0.0, 0.0, 0.98, 0.98 ] },
										"east": { "texture": "#corundum", "uv": [ 0.0, 0.0, 5.88, 0.98 ] },
										"south": { "texture": "#corundum", "uv": [ 0.0, 0.0, 0.98, 0.98 ] },
										"west": { "texture": "#corundum", "uv": [ 0.0, 0.0, 5.88, 0.98 ] },
										"up": { "texture": "#corundum", "uv": [ 0.0, 0.0, 0.98, 5.88 ] },
										"down": { "texture": "#corundum", "uv": [ 0.0, 0.0, 0.98, 5.88 ] }
									}
								},
								{
									"name": "hair28",
									"from": [ 0.588, 2.548, -5.292 ], 
									"to": [ 0.98, 2.94, 0.588 ], 
									"rotationOrigin": [ 0.588, 2.548, 0.588 ],
									"rotationX": 14.0,
									"rotationY": -4.8,
									"rotationZ": 22.3,
									"faces": {
										"north": { "texture": "#corundum", "uv": [ 0.0, 0.0, 0.98, 0.98 ] },
										"east": { "texture": "#corundum", "uv": [ 0.0, 0.0, 5.88, 0.98 ] },
										"south": { "texture": "#corundum", "uv": [ 0.0, 0.0, 0.98, 0.98 ] },
										"west": { "texture": "#corundum", "uv": [ 0.0, 0.0, 5.88, 0.98 ] },
										"up": { "texture": "#corundum", "uv": [ 0.0, 0.0, 0.98, 5.88 ] },
										"down": { "texture": "#corundum", "uv": [ 0.0, 0.0, 0.98, 5.88 ] }
									}
								},
								{
									"name": "hair29",
									"from": [ 0.196, 3.332, -5.292 ], 
									"to": [ 0.588, 3.724, 0.588 ], 
									"rotationOrigin": [ 0.196, 3.332, 0.588 ],
									"rotationY": 0.2,
									"rotationZ": 22.3,
									"faces": {
										"north": { "texture": "#corundum", "uv": [ 0.0, 0.0, 0.98, 0.98 ] },
										"east": { "texture": "#corundum", "uv": [ 0.0, 0.0, 5.88, 0.98 ] },
										"south": { "texture": "#corundum", "uv": [ 0.0, 0.0, 0.98, 0.98 ] },
										"west": { "texture": "#corundum", "uv": [ 0.0, 0.0, 5.88, 0.98 ] },
										"up": { "texture": "#corundum", "uv": [ 0.0, 0.0, 0.98, 5.88 ] },
										"down": { "texture": "#corundum", "uv": [ 0.0, 0.0, 0.98, 5.88 ] }
									}
								},
								{
									"name": "hair30",
									"from": [ 0.98, 3.136, -5.292 ], 
									"to": [ 1.372, 3.528, 0.588 ], 
									"rotationOrigin": [ 0.98, 3.136, 0.588 ],
									"rotationX": 11.1,
									"rotationY": -6.4,
									"rotationZ": 22.3,
									"faces": {
										"north": { "texture": "#corundum", "uv": [ 0.0, 0.0, 0.98, 0.98 ] },
										"east": { "texture": "#corundum", "uv": [ 0.0, 0.0, 5.88, 0.98 ] },
										"south": { "texture": "#corundum", "uv": [ 0.0, 0.0, 0.98, 0.98 ] },
										"west": { "texture": "#corundum", "uv": [ 0.0, 0.0, 5.88, 0.98 ] },
										"up": { "texture": "#corundum", "uv": [ 0.0, 0.0, 0.98, 5.88 ] },
										"down": { "texture": "#corundum", "uv": [ 0.0, 0.0, 0.98, 5.88 ] }
									}
								},
								{
									"name": "hair31",
									"from": [ 2.156, 3.136, -5.292 ], 
									"to": [ 2.548, 3.528, 0.588 ], 
									"rotationOrigin": [ 2.156, 3.136, 0.588 ],
									"rotationX": 8.6,
									"rotationY": -1.2,
									"rotationZ": 22.3,
									"faces": {
										"north": { "texture": "#corundum", "uv": [ 0.0, 0.0, 0.98, 0.98 ] },
										"east": { "texture": "#corundum", "uv": [ 0.0, 0.0, 5.88, 0.98 ] },
										"south": { "texture": "#corundum", "uv": [ 0.0, 0.0, 0.98, 0.98 ] },
										"west": { "texture": "#corundum", "uv": [ 0.0, 0.0, 5.88, 0.98 ] },
										"up": { "texture": "#corundum", "uv": [ 0.0, 0.0, 0.98, 5.88 ] },
										"down": { "texture": "#corundum", "uv": [ 0.0, 0.0, 0.98, 5.88 ] }
									}
								},
								{
									"name": "hair32",
									"from": [ 2.94, 2.94, -5.292 ], 
									"to": [ 3.332, 3.332, 0.588 ], 
									"rotationOrigin": [ 2.94, 2.94, 0.588 ],
									"rotationX": 22.5,
									"rotationY": -1.2,
									"rotationZ": 22.3,
									"faces": {
										"north": { "texture": "#corundum", "uv": [ 0.0, 0.0, 0.98, 0.98 ] },
										"east": { "texture": "#corundum", "uv": [ 0.0, 0.0, 5.88, 0.98 ] },
										"south": { "texture": "#corundum", "uv": [ 0.0, 0.0, 0.98, 0.98 ] },
										"west": { "texture": "#corundum", "uv": [ 0.0, 0.0, 5.88, 0.98 ] },
										"up": { "texture": "#corundum", "uv": [ 0.0, 0.0, 0.98, 5.88 ] },
										"down": { "texture": "#corundum", "uv": [ 0.0, 0.0, 0.98, 5.88 ] }
									}
								},
								{
									"name": "hair33",
									"from": [ 3.528, 2.94, -5.292 ], 
									"to": [ 3.92, 3.332, 0.588 ], 
									"rotationOrigin": [ 3.528, 2.94, 0.588 ],
									"rotationX": 17.0,
									"rotationY": -6.7,
									"rotationZ": 22.3,
									"faces": {
										"north": { "texture": "#corundum", "uv": [ 0.0, 0.0, 0.98, 0.98 ] },
										"east": { "texture": "#corundum", "uv": [ 0.0, 0.0, 5.88, 0.98 ] },
										"south": { "texture": "#corundum", "uv": [ 0.0, 0.0, 0.98, 0.98 ] },
										"west": { "texture": "#corundum", "uv": [ 0.0, 0.0, 5.88, 0.98 ] },
										"up": { "texture": "#corundum", "uv": [ 0.0, 0.0, 0.98, 5.88 ] },
										"down": { "texture": "#corundum", "uv": [ 0.0, 0.0, 0.98, 5.88 ] }
									}
								},
								{
									"name": "hair34",
									"from": [ 4.508, 2.548, -5.292 ], 
									"to": [ 4.9, 2.94, 0.588 ], 
									"rotationOrigin": [ 4.508, 2.548, 0.588 ],
									"rotationX": 14.8,
									"rotationY": -0.9,
									"rotationZ": 22.3,
									"faces": {
										"north": { "texture": "#corundum", "uv": [ 0.0, 0.0, 0.98, 0.98 ] },
										"east": { "texture": "#corundum", "uv": [ 0.0, 0.0, 5.88, 0.98 ] },
										"south": { "texture": "#corundum", "uv": [ 0.0, 0.0, 0.98, 0.98 ] },
										"west": { "texture": "#corundum", "uv": [ 0.0, 0.0, 5.88, 0.98 ] },
										"up": { "texture": "#corundum", "uv": [ 0.0, 0.0, 0.98, 5.88 ] },
										"down": { "texture": "#corundum", "uv": [ 0.0, 0.0, 0.98, 5.88 ] }
									}
								},
								{
									"name": "hair35",
									"from": [ 5.292, 2.548, -5.292 ], 
									"to": [ 5.684, 2.94, 0.588 ], 
									"rotationOrigin": [ 5.292, 2.548, 0.588 ],
									"rotationX": 16.2,
									"rotationY": -12.5,
									"rotationZ": 22.3,
									"faces": {
										"north": { "texture": "#corundum", "uv": [ 0.0, 0.0, 0.98, 0.98 ] },
										"east": { "texture": "#corundum", "uv": [ 0.0, 0.0, 5.88, 0.98 ] },
										"south": { "texture": "#corundum", "uv": [ 0.0, 0.0, 0.98, 0.98 ] },
										"west": { "texture": "#corundum", "uv": [ 0.0, 0.0, 5.88, 0.98 ] },
										"up": { "texture": "#corundum", "uv": [ 0.0, 0.0, 0.98, 5.88 ] },
										"down": { "texture": "#corundum", "uv": [ 0.0, 0.0, 0.98, 5.88 ] }
									}
								},
								{
									"name": "hair36",
									"from": [ 5.488, 3.528, -5.292 ], 
									"to": [ 5.88, 3.92, 0.588 ], 
									"rotationOrigin": [ 5.488, 3.528, 0.588 ],
									"rotationX": 17.9,
									"rotationY": -10.7,
									"rotationZ": 22.3,
									"faces": {
										"north": { "texture": "#corundum", "uv": [ 0.0, 0.0, 0.98, 0.98 ] },
										"east": { "texture": "#corundum", "uv": [ 0.0, 0.0, 5.88, 0.98 ] },
										"south": { "texture": "#corundum", "uv": [ 0.0, 0.0, 0.98, 0.98 ] },
										"west": { "texture": "#corundum", "uv": [ 0.0, 0.0, 5.88, 0.98 ] },
										"up": { "texture": "#corundum", "uv": [ 0.0, 0.0, 0.98, 5.88 ] },
										"down": { "texture": "#corundum", "uv": [ 0.0, 0.0, 0.98, 5.88 ] }
									}
								},
								{
									"name": "hair37",
									"from": [ 4.704, 3.136, -5.292 ], 
									"to": [ 5.096, 3.528, 0.588 ], 
									"rotationOrigin": [ 4.704, 3.136, 0.588 ],
									"rotationX": 16.0,
									"rotationY": -6.0,
									"rotationZ": 22.3,
									"faces": {
										"north": { "texture": "#corundum", "uv": [ 0.0, 0.0, 0.98, 0.98 ] },
										"east": { "texture": "#corundum", "uv": [ 0.0, 0.0, 5.88, 0.98 ] },
										"south": { "texture": "#corundum", "uv": [ 0.0, 0.0, 0.98, 0.98 ] },
										"west": { "texture": "#corundum", "uv": [ 0.0, 0.0, 5.88, 0.98 ] },
										"up": { "texture": "#corundum", "uv": [ 0.0, 0.0, 0.98, 5.88 ] },
										"down": { "texture": "#corundum", "uv": [ 0.0, 0.0, 0.98, 5.88 ] }
									}
								},
								{
									"name": "hair38",
									"from": [ 4.116, 3.724, -5.292 ], 
									"to": [ 4.508, 4.116, 0.588 ], 
									"rotationOrigin": [ 4.116, 3.724, 0.588 ],
									"rotationX": 16.0,
									"rotationY": -5.6,
									"rotationZ": 22.3,
									"faces": {
										"north": { "texture": "#corundum", "uv": [ 0.0, 0.0, 0.98, 0.98 ] },
										"east": { "texture": "#corundum", "uv": [ 0.0, 0.0, 5.88, 0.98 ] },
										"south": { "texture": "#corundum", "uv": [ 0.0, 0.0, 0.98, 0.98 ] },
										"west": { "texture": "#corundum", "uv": [ 0.0, 0.0, 5.88, 0.98 ] },
										"up": { "texture": "#corundum", "uv": [ 0.0, 0.0, 0.98, 5.88 ] },
										"down": { "texture": "#corundum", "uv": [ 0.0, 0.0, 0.98, 5.88 ] }
									}
								},
								{
									"name": "hair39",
									"from": [ 2.352, 3.92, -5.292 ], 
									"to": [ 2.744, 4.312, 0.588 ], 
									"rotationOrigin": [ 2.352, 3.92, 0.588 ],
									"rotationX": 19.4,
									"rotationY": -1.3,
									"rotationZ": 22.3,
									"faces": {
										"north": { "texture": "#corundum", "uv": [ 0.0, 0.0, 0.98, 0.98 ] },
										"east": { "texture": "#corundum", "uv": [ 0.0, 0.0, 5.88, 0.98 ] },
										"south": { "texture": "#corundum", "uv": [ 0.0, 0.0, 0.98, 0.98 ] },
										"west": { "texture": "#corundum", "uv": [ 0.0, 0.0, 5.88, 0.98 ] },
										"up": { "texture": "#corundum", "uv": [ 0.0, 0.0, 0.98, 5.88 ] },
										"down": { "texture": "#corundum", "uv": [ 0.0, 0.0, 0.98, 5.88 ] }
									}
								},
								{
									"name": "hair40",
									"from": [ 1.372, 3.724, -5.292 ], 
									"to": [ 1.764, 4.116, 0.588 ], 
									"rotationOrigin": [ 1.372, 3.724, 0.588 ],
									"rotationX": 20.0,
									"rotationY": 3.1,
									"rotationZ": 22.3,
									"faces": {
										"north": { "texture": "#corundum", "uv": [ 0.0, 0.0, 0.98, 0.98 ] },
										"east": { "texture": "#corundum", "uv": [ 0.0, 0.0, 5.88, 0.98 ] },
										"south": { "texture": "#corundum", "uv": [ 0.0, 0.0, 0.98, 0.98 ] },
										"west": { "texture": "#corundum", "uv": [ 0.0, 0.0, 5.88, 0.98 ] },
										"up": { "texture": "#corundum", "uv": [ 0.0, 0.0, 0.98, 5.88 ] },
										"down": { "texture": "#corundum", "uv": [ 0.0, 0.0, 0.98, 5.88 ] }
									}
								},
								{
									"name": "hair41",
									"from": [ 0.392, 3.724, -5.292 ], 
									"to": [ 0.784, 4.116, 0.588 ], 
									"rotationOrigin": [ 0.392, 3.724, 0.588 ],
									"rotationX": 21.0,
									"rotationY": 9.0,
									"rotationZ": 22.3,
									"faces": {
										"north": { "texture": "#corundum", "uv": [ 0.0, 0.0, 0.98, 0.98 ] },
										"east": { "texture": "#corundum", "uv": [ 0.0, 0.0, 5.88, 0.98 ] },
										"south": { "texture": "#corundum", "uv": [ 0.0, 0.0, 0.98, 0.98 ] },
										"west": { "texture": "#corundum", "uv": [ 0.0, 0.0, 5.88, 0.98 ] },
										"up": { "texture": "#corundum", "uv": [ 0.0, 0.0, 0.98, 5.88 ] },
										"down": { "texture": "#corundum", "uv": [ 0.0, 0.0, 0.98, 5.88 ] }
									}
								}
							]
						},
						{
							"name": "fang2-5",
							"from": [ 4.8608, 4.494, 11.06 ], 
							"to": [ 4.9588, 6.258, 11.158 ], 
							"rotationOrigin": [ 5.096, 4.3967, 10.5395 ],
							"rotationX": -2.1,
							"faces": {
								"north": { "texture": "#limestone1", "uv": [ 0.0, 0.0, 0.7, 1.4 ] },
								"east": { "texture": "#limestone1", "uv": [ 0.0, 0.0, 0.7, 1.4 ] },
								"south": { "texture": "#limestone1", "uv": [ 0.0, 0.0, 0.7, 1.4 ] },
								"west": { "texture": "#limestone1", "uv": [ 0.0, 0.0, 0.7, 1.4 ] },
								"up": { "texture": "#limestone1", "uv": [ 0.0, 0.0, 0.7, 0.7 ] },
								"down": { "texture": "#limestone1", "uv": [ 0.0, 0.0, 0.7, 0.7 ] }
							}
						},
						{
							"name": "cheek",
							"from": [ -0.07, 2.38, 0.7 ], 
							"to": [ 0.63, 4.2, 8.26 ], 
							"rotationOrigin": [ -0.14, 2.38, 0.7 ],
							"faces": {
								"north": { "texture": "#limestone1", "uv": [ 0.0, 0.0, 0.7, 1.4 ] },
								"east": { "texture": "#limestone1", "uv": [ 0.0, 0.0, 7.0, 1.4 ] },
								"south": { "texture": "#limestone1", "uv": [ 0.0, 0.0, 0.7, 1.4 ] },
								"west": { "texture": "#limestone1", "uv": [ 0.0, 0.0, 7.0, 1.4 ] },
								"up": { "texture": "#limestone1", "uv": [ 0.0, 0.0, 0.7, 7.0 ] },
								"down": { "texture": "#limestone1", "uv": [ 0.0, 0.0, 0.7, 7.0 ] }
							}
						},
						{
							"name": "cheek2",
							"from": [ 7.21, 2.38, 0.7 ], 
							"to": [ 7.91, 4.2, 8.26 ], 
							"rotationOrigin": [ 7.14, 2.38, 0.7 ],
							"faces": {
								"north": { "texture": "#limestone1", "uv": [ 0.0, 0.0, 0.7, 1.4 ] },
								"east": { "texture": "#limestone1", "uv": [ 0.0, 0.0, 7.0, 1.4 ] },
								"south": { "texture": "#limestone1", "uv": [ 0.0, 0.0, 0.7, 1.4 ] },
								"west": { "texture": "#limestone1", "uv": [ 0.0, 0.0, 7.0, 1.4 ] },
								"up": { "texture": "#limestone1", "uv": [ 0.0, 0.0, 0.7, 7.0 ] },
								"down": { "texture": "#limestone1", "uv": [ 0.0, 0.0, 0.7, 7.0 ] }
							}
						}
					]
				}
			]
		}
	],
	"animations": [
		{
			"name": "Animation 1",
			"code": "animation1",
			"quantityframes": 30,
			"onActivityStopped": "Rewind",
			"onAnimationEnd": "Repeat",
			"keyframes": [

			]
		}
	]
}