{
	code: "breadcrumbs",
	maxstacksize: 128,
	attributes: {
		nutritionPropsWhenInMeal: { 
			satietyByType:  { 
				"*-flax": 160, 
				"*-rice": 320,
				"*":  300 
			},
			foodcategory: "Grain" 
		},
	},
	variantgroups: [
		{ code: "type", states: ["spelt", "rye", "flax", "rice" ] },
	],
	shapebytype: { 
		"breadcrumbs-flax": { base: "item/food/bread/crumbs/breadcrumbs-flax" },
		"breadcrumbs-rice": { base: "item/food/bread/crumbs/breadcrumbs-rice" },
		"breadcrumbs-spelt": { base: "item/food/bread/crumbs/breadcrumbs-spelt" },
		"breadcrumbs-rye": { base: "item/food/bread/crumbs/breadcrumbs-rye" },
	},
	creativeinventory: { "general": ["*"], "items": ["*"] },
	nutritionPropsByType: {
		"*-flax": { saturation: 40, foodcategory: "Grain" },
		"*-rice": { saturation: 80, foodcategory: "Grain" },
		"*": { saturation: 75, foodcategory: "Grain" }
	},
	transitionableProps: [{
		type: "Perish",
		freshHours: { avg: 432 },
		transitionHours: { avg: 36 },
		transitionedStack: { type: "item", code: "game:rot" },
		transitionRatio: 1
	}],
	materialDensity: 200,
	guiTransform: {
		translation: { x: 2.5, y: -3, z: 0 },
		rotation: { x: 137, y: 131, z: 0 },
		origin: { x: 0.5, y: 0.2, z: 0.5 },
		scale: 1.65
	},
	fpHandTransform: {
		translation: { x: 0, y: 0, z: 0 },
		rotation: { x: 51, y: 90, z: -30 },
		scale: 1.9
	},
	tpHandTransform: {
		translation: { x: -0.7, y: -0.14, z: -0.6 },
		rotation: { x: 1, y: -1, z: -31 },
		origin: { x: 0.5, y: 0.1, z: 0.5 },
		scale: 0.79
	},
	groundTransform: {
		
			translation: { x: 0, y: 0, z: 0 },
			rotation: { x: 0, y: 0, z: 0 },
			origin: { x: 0.5, y: 0, z: 0.5 },
			scale: 1.25
	},
}