{
	code: "doughberrymin",
	maxstacksize: 32,
	attributes: {
		displaycaseable: true,
		shelvable: true
	},
	variantgroups: [
		{ code: "type", states: ["spelt", "rye", "flax", "rice" ] },
		{ code: "fruit", states: ["blueberry", "cranberry", "redcurrant", "whitecurrant", "blackcurrant"] },
	],
	shapebytype: { 
		"doughberrymin-flax-blackcurrant": { base: "item/food/bread/flaxbreadblackcurrantmin-dough" },
		"doughberrymin-flax-whitecurrant": { base: "item/food/bread/flaxbreadwhitecurrantmin-dough" },
		"doughberrymin-flax-redcurrant": { base: "item/food/bread/flaxbreadredcurrantmin-dough" },
		"doughberrymin-flax-blueberry": { base: "item/food/bread/flaxbreadblueberrymin-dough" },
		"doughberrymin-flax-cranberry": { base: "item/food/bread/flaxbreadcranberrymin-dough" },
		"doughberrymin-rice-blackcurrant": { base: "item/food/bread/ricebreadblackcurrantmin-dough" },
		"doughberrymin-rice-whitecurrant": { base: "item/food/bread/ricebreadwhitecurrantmin-dough" },
		"doughberrymin-rice-redcurrant": { base: "item/food/bread/ricebreadredcurrantmin-dough" },
		"doughberrymin-rice-blueberry": { base: "item/food/bread/ricebreadblueberrymin-dough" },
		"doughberrymin-rice-cranberry": { base: "item/food/bread/ricebreadcranberrymin-dough" },
		"doughberrymin-spelt-blackcurrant": { base: "item/food/bread/speltbreadblackcurrantmin-dough" },
		"doughberrymin-spelt-whitecurrant": { base: "item/food/bread/speltbreadwhitecurrantmin-dough" },
		"doughberrymin-spelt-redcurrant": { base: "item/food/bread/speltbreadredcurrantmin-dough" },
		"doughberrymin-spelt-blueberry": { base: "item/food/bread/speltbreadblueberrymin-dough" },
		"doughberrymin-spelt-cranberry": { base: "item/food/bread/speltbreadcranberrymin-dough" },
		"doughberrymin-rye-blackcurrant": { base: "item/food/bread/ryebreadblackcurrantmin-dough" },
		"doughberrymin-rye-whitecurrant": { base: "item/food/bread/ryebreadwhitecurrantmin-dough" },
		"doughberrymin-rye-redcurrant": { base: "item/food/bread/ryebreadredcurrantmin-dough" },
		"doughberrymin-rye-blueberry": { base: "item/food/bread/ryebreadblueberrymin-dough" },
		"doughberrymin-rye-cranberry": { base: "item/food/bread/ryebreadcranberrymin-dough" },
	},
	creativeinventory: { "general": ["*"], "items": ["*"] },
	materialDensity: 200,
	fpHandTransform: {
		translation: { x: 0, y: -0.1, z: 0 },
		rotation: { x: 180, y: 90, z: 22 }
	},
	combustibleProps: {
		meltingPoint: 250,
		meltingDuration: 15,
		smeltedRatio: 1,
		smeltingType: "bake",
		smeltedStack: { type: "item", code: "breadberrymin-{type}-{fruit}" },
		requiresContainer: false
	},
	guiTransform: {
		translation: { x: 2, y: 0, z: 0 },
		rotation: { x: -28, y: 23, z: 180 },
		origin: { x: 0.5, y: 0.07, z: 0.5 },
		scale: 5
	},
	groundTransform: {
		translation: { x: 0, y: 0, z: 0 },
		rotation: { x: 0, y: 0, z: 1 },
		origin: { x: 0.5, y: 0, z: 0.5 },
		scale: 4
	},
	fpHandTransform: {
		translation: { x: 0, y: 0.22, z: 0.2 },
		rotation: { x: 97, y: 1, z: -17 },
		origin: { x: 0.5, y: 0.1, z: 0.5 },
		scale: 2.5
	},
	tpHandTransform: {
		translation: { x: 0, y: 0, z: 0 },
		rotation: { x: 25, y: 106, z: 54 },
		origin: { x: 0.32, y: -0.25, z: -0.06 },
		scale: 0.8
	},
	transitionableProps: [{
		type: "Perish",
		freshHours: { avg: 48 },
		transitionHours: { avg: 24 },
		transitionedStack: { type: "item", code: "game:rot" },
		transitionRatio: 1
	}]
}