{
	code: "doughberry",
	maxstacksize: 32,
	attributes: {
		displaycaseable: true,
		shelvable: true
	},
	variantgroups: [
		{ code: "type", states: ["spelt", "rye", "flax", "rice" ] },
		{ code: "fruit", states: ["blueberry", "cranberry", "redcurrant", "whitecurrant", "blackcurrant"] },
	],
	shapebytype: { 
		"doughberry-flax-blackcurrant": { base: "item/food/bread/flaxbreadblackcurrant-dough" },
		"doughberry-flax-whitecurrant": { base: "item/food/bread/flaxbreadwhitecurrant-dough" },
		"doughberry-flax-redcurrant": { base: "item/food/bread/flaxbreadredcurrant-dough" },
		"doughberry-flax-blueberry": { base: "item/food/bread/flaxbreadblueberry-dough" },
		"doughberry-flax-cranberry": { base: "item/food/bread/flaxbreadcranberry-dough" },
		"doughberry-rice-blackcurrant": { base: "item/food/bread/ricebreadblackcurrant-dough" },
		"doughberry-rice-whitecurrant": { base: "item/food/bread/ricebreadwhitecurrant-dough" },
		"doughberry-rice-redcurrant": { base: "item/food/bread/ricebreadredcurrant-dough" },
		"doughberry-rice-blueberry": { base: "item/food/bread/ricebreadblueberry-dough" },
		"doughberry-rice-cranberry": { base: "item/food/bread/ricebreadcranberry-dough" },
		"doughberry-spelt-blackcurrant": { base: "item/food/bread/speltbreadblackcurrant-dough" },
		"doughberry-spelt-whitecurrant": { base: "item/food/bread/speltbreadwhitecurrant-dough" },
		"doughberry-spelt-redcurrant": { base: "item/food/bread/speltbreadredcurrant-dough" },
		"doughberry-spelt-blueberry": { base: "item/food/bread/speltbreadblueberry-dough" },
		"doughberry-spelt-cranberry": { base: "item/food/bread/speltbreadcranberry-dough" },
		"doughberry-rye-blackcurrant": { base: "item/food/bread/ryebreadblackcurrant-dough" },
		"doughberry-rye-whitecurrant": { base: "item/food/bread/ryebreadwhitecurrant-dough" },
		"doughberry-rye-redcurrant": { base: "item/food/bread/ryebreadredcurrant-dough" },
		"doughberry-rye-blueberry": { base: "item/food/bread/ryebreadblueberry-dough" },
		"doughberry-rye-cranberry": { base: "item/food/bread/ryebreadcranberry-dough" },
	},
	creativeinventory: { "general": ["*"], "items": ["*"] },
	materialDensity: 200,
	fpHandTransform: {
		translation: { x: 0, y: -0.1, z: 0 },
		rotation: { x: 180, y: 90, z: 22 }
	},
	combustibleProps: {
		meltingPoint: 250,
		meltingDuration: 15,
		smeltedRatio: 1,
		smeltingType: "bake",
		smeltedStack: { type: "item", code: "breadberry-{type}-{fruit}" },
		requiresContainer: false
	},
	guiTransform: {
		translation: { x: 2, y: 0, z: 0 },
		rotation: { x: -28, y: 23, z: 180 },
		origin: { x: 0.5, y: 0.07, z: 0.5 },
		scale: 5
	},
	groundTransform: {
		translation: { x: 0, y: 0, z: 0 },
		rotation: { x: 0, y: 0, z: 1 },
		origin: { x: 0.5, y: 0, z: 0.5 },
		scale: 4
	},
	fpHandTransform: {
		translation: { x: 0, y: 0.22, z: 0.2 },
		rotation: { x: 97, y: 1, z: -17 },
		origin: { x: 0.5, y: 0.1, z: 0.5 },
		scale: 2.5
	},
	tpHandTransform: {
		translation: { x: 0, y: 0, z: 0 },
		rotation: { x: 25, y: 106, z: 54 },
		origin: { x: 0.32, y: -0.25, z: -0.06 },
		scale: 0.8
	},
	transitionableProps: [{
		type: "Perish",
		freshHours: { avg: 48 },
		transitionHours: { avg: 24 },
		transitionedStack: { type: "item", code: "game:rot" },
		transitionRatio: 1
	}]
}