{
	code: "dumpling",
	
	maxstacksize: 32,
	attributes: {
		nutritionPropsWhenInMealByType: { 
			"dumpling-flax-bushmeat-raw": {satiety: 855, foodcategory: "Protein"},
			"dumpling-flax-poultry-raw": {satiety: 1035, foodcategory: "Protein"},
			"dumpling-flax-redmeat-raw": {satiety: 1215, foodcategory: "Protein"},
			"dumpling-flax-cabbage-raw": {satiety: 1175, foodcategory: "Vegetable"},
			"dumpling-flax-soybean-raw": {satiety: 840, foodcategory: "Protein"},
			"dumpling-flax-nothing-raw": {satiety: 540, foodcategory: "Grain"},
			"dumpling-flax-*-raw": {satiety: 800, foodcategory: "Vegetable"},
			"dumpling-rice-bushmeat-raw": {satiety: 1110, foodcategory: "Protein"},
			"dumpling-rice-poultry-raw": {satiety: 1290, foodcategory: "Protein"},
			"dumpling-rice-redmeat-raw": {satiety: 1470, foodcategory: "Protein"},
			"dumpling-rice-cabbage-raw": {satiety: 1430, foodcategory: "Vegetable"},
			"dumpling-rice-soybean-raw": {satiety: 1095, foodcategory: "Protein"},
			"dumpling-rice-nothing-raw": {satiety: 795, foodcategory: "Grain"},
			"dumpling-rice-*-raw": {satiety: 1055, foodcategory: "Vegetable"},
			"dumpling-*-bushmeat-raw": {satiety: 1065, foodcategory: "Protein"},
			"dumpling-*-poultry-raw": {satiety: 1245, foodcategory: "Protein"},
			"dumpling-*-redmeat-raw": {satiety: 1425, foodcategory: "Protein"},
			"dumpling-*-cabbage-raw": {satiety: 1385, foodcategory: "Vegetable"},
			"dumpling-*-soybean-raw": {satiety: 1050, foodcategory: "Protein"},
			"dumpling-*-nothing-raw": {satiety: 750, foodcategory: "Grain"},
			"dumpling-*-*-raw": {satiety: 1010, foodcategory: "Vegetable"},
			},

		displaycaseable: true,
		
		shelvable: true
,
		},		
	variantgroups: [

		{ code: "grain", states: ["spelt", "rye", "flax", "rice"]},	
		{ code: "type", states: ["bushmeat", "poultry", "redmeat", "cabbage", "carrot", "onion", "parsnip", "bolete", "fieldmushroom", "soybean", "turnip", "nothing"] },
		{ code: "state", states: ["raw", "cooked"] },
	],
	
	shapebytype:	{
		"dumpling-flax-*-raw": {base: "item/food/dumpling/dumplingflaxraw"},
		"dumpling-flax-*-cooked": {base: "item/food/dumpling/dumplingflaxcooked"},
		"dumpling-rice-*-raw": {base: "item/food/dumpling/dumplingriceraw"},
		"dumpling-rice-*-cooked": {base: "item/food/dumpling/dumplingricecooked"},
		"dumpling-rye-*-raw": {base: "item/food/dumpling/dumplingryeraw"},
		"dumpling-rye-*-cooked": {base: "item/food/dumpling/dumplingryecooked"},
		"dumpling-spelt-*-raw": {base: "item/food/dumpling/dumplingspeltraw"},
		"dumpling-spelt-*-cooked": {base: "item/food/dumpling/dumplingspeltcooked"},
	},
	creativeinventory: { "general": ["*"], "items": ["*"] },

	nutritionPropsByType: {
			"*-flax-bushmeat-cooked": {satiety: 570, foodcategory: "Protein"},
			"*-flax-poultry-cooked": {satiety: 690, foodcategory: "Protein"},
			"*-flax-redmeat-cooked": {satiety: 810, foodcategory: "Protein"},
			"*-flax-cabbage-cooked": {satiety: 785, foodcategory: "Vegetable"},
			"*-flax-soybean-cooked": {satiety: 560, foodcategory: "Protein"},
			"*-flax-nothing-cooked": {satiety: 360, foodcategory: "Grain"},
			"*-flax-*-cooked": {satiety: 535, foodcategory: "Vegetable"},
			"*-rice-bushmeat-cooked": {satiety: 740, foodcategory: "Protein"},
			"*-rice-poultry-cooked": {satiety: 860, foodcategory: "Protein"},
			"*-rice-redmeat-cooked": {satiety: 980, foodcategory: "Protein"},
			"*-rice-cabbage-cooked": {satiety: 955, foodcategory: "Vegetable"},
			"*-rice-soybean-cooked": {satiety: 730, foodcategory: "Protein"},
			"*-rice-nothing-cooked": {satiety: 530, foodcategory: "Grain"},
			"*-rice-*-cooked": {satiety: 705, foodcategory: "Vegetable"},
			"*-*-bushmeat-cooked": {satiety: 710, foodcategory: "Protein"},
			"*-*-poultry-cooked": {satiety: 830, foodcategory: "Protein"},
			"*-*-redmeat-cooked": {satiety: 950, foodcategory: "Protein"},
			"*-*-cabbage-cooked": {satiety: 925, foodcategory: "Vegetable"},
			"*-*-soybean-cooked": {satiety: 700, foodcategory: "Protein"},
			"*-*-nothing-cooked": {satiety: 500, foodcategory: "Grain"},
			"*-*-*-cooked": {satiety: 675, foodcategory: "Vegetable"},

	},

	transitionablePropsByType: {

		"*-raw": [
{
		
			type: "Perish",

			freshHours: { avg: 96 },
	
			transitionHours: { avg: 24 },
	
			transitionedStack: { type: "item", code: "game:rot" },

			transitionRatio: 1

			}

		],

		"*-cooked": [{

			type: "Perish",

			freshHours: { avg: 192 },

			transitionHours: { avg: 24 },

			transitionedStack: { type: "item", code: "game:rot" },

			transitionRatio: 1
		
		}],
	},

	materialDensity: 600,

	guiTransform: {
translation: { x: 0, y: 0, z: 0 },
rotation: { x: -37, y: 142, z: -180 },
	origin: { x: 0.46, y: 0, z: 0.55 },
scale: 4.2
},
	fpHandTransform: {
translation: { x: -0.06, y: 0.36, z: 0.23 },
 rotation: { x: 53, y: 15, z: 11 },
 origin: { x: 0.5, y: 0.1, z: 0.5 },
 scale: 1.77
 },
	tpHandTransform: {
translation: { x: 0.1, y: -0.1, z: -0.25 },
 rotation: { x: -19, y: 61, z: -34 },
 origin: { x: 0.23, y: 0, z: 0.13 },
 scale: 0.57
 },
	groundTransform: {
translation: { x: 0, y: 0, z: 0 },
 rotation: { x: 0, y: 0, z: 0 },
 origin: { x: 0, y: 0, z: 0 },
 scale: 4
},
	combustiblePropsByType: {

		"dumpling-*-raw": {

			meltingPoint: 150,

			meltingDuration: 30,

			smeltedRatio: 1,

			smeltingType: "cook",

			smeltedStack: { type: "item", code: "dumpling-{grain}-{type}-cooked" },

			requiresContainer: false

		},
	}
}