{
	code: "hardtack",
	maxstacksize: 128,
	variantgroups: [
		{ code: "type", states: ["spelt", "rye", "flax", "rice" ] },
		{ code: "state", states: ["raw", "bake1", "bake2", "bake3", "bake4"] },
	],
	shapebytype: {
		"hardtack-*-raw": { base: "item/food/hardtack/hardtack-{type}-raw"},
		"hardtack-*-*": { base: "item/food/hardtack/hardtack-{type}-baked"},
	},
	creativeinventory: { "general": ["*"], "items": ["*"] },
	nutritionPropsByType: {
		"*-flax-bake1": { saturation: 140, foodcategory: "Grain" },
		"*-rice-bake1": { saturation: 300, foodcategory: "Grain"},
		"*-bake1": { saturation: 270, foodcategory: "Grain"  },
		"*-flax-bake2": { saturation: 120, foodcategory: "Grain" },
		"*-rice-bake2": { saturation: 270, foodcategory: "Grain"},
		"*-bake2": { saturation: 240, foodcategory: "Grain"  },
		"*-flax-bake3": { saturation: 100, foodcategory: "Grain" },
		"*-rice-bake3": { saturation: 240, foodcategory: "Grain"},
		"*-bake3": { saturation: 210, foodcategory: "Grain"  },
		"*-flax-bake4": { saturation: 80, foodcategory: "Grain" },
		"*-rice-bake4": { saturation: 210, foodcategory: "Grain"},
		"*-bake4": { saturation: 180, foodcategory: "Grain"  },
	},
	combustiblePropsByType: {
		"hardtack-*-raw": {
			meltingPoint: 150,
			meltingDuration: 30,
			smeltedRatio: 1,
			smeltingType: "cook",
			smeltedStack: { type: "item", code: "hardtack-{type}-bake1" },
			requiresContainer: false
		},
		"hardtack-*-bake1": {
			meltingPoint: 150,
			meltingDuration: 30,
			smeltedRatio: 1,
			smeltingType: "cook",
			smeltedStack: { type: "item", code: "hardtack-{type}-bake2" },
			requiresContainer: false
		},
		"hardtack-*-bake2": {
			meltingPoint: 150,
			meltingDuration: 30,
			smeltedRatio: 1,
			smeltingType: "cook",
			smeltedStack: { type: "item", code: "hardtack-{type}-bake3" },
			requiresContainer: false
		},
		"hardtack-*-bake3": {
			meltingPoint: 150,
			meltingDuration: 30,
			smeltedRatio: 1,
			smeltingType: "cook",
			smeltedStack: { type: "item", code: "hardtack-{type}-bake4" },
			requiresContainer: false
		},
	},
	transitionablePropsByType: {
	"*-raw":[{
		type: "Perish",
		freshHours: { avg: 144 },
		transitionHours: { avg: 36 },
		transitionedStack: { type: "item", code: "game:rot" },
		transitionRatio: 1
		}],
	"*-bake1":[{
		type: "Perish",
		freshHours: { avg: 432 },
		transitionHours: { avg: 56 },
		transitionedStack: { type: "item", code: "game:rot" },
		transitionRatio: 1
		}],
	"*-bake2":[{
		type: "Perish",
		freshHours: { avg: 1296 },
		transitionHours: { avg: 56 },
		transitionedStack: { type: "item", code: "game:rot" },
		transitionRatio: 1
		}],
	"*-bake3":[{
		type: "Perish",
		freshHours: { avg: 3888 },
		transitionHours: { avg: 56 },
		transitionedStack: { type: "item", code: "game:rot" },
		transitionRatio: 1
		}],
	"*-bake4":[{
		type: "Perish",
		freshHours: { avg: 11664 },
		transitionHours: { avg: 56 },
		transitionedStack: { type: "item", code: "game:rot" },
		transitionRatio: 1
		}],
	},
	guiTransform: {
		translation: { x: 3, y: 0, z: 0 },
		rotation: { x: -28, y: 203, z: 180 },
		origin: { x: 0.5, y: 0.07, z: 0.5 },
		scale: 2
	},
	groundTransform: {
		translation: { x: 0, y: 0, z: 0 },
		rotation: { x: 0, y: 0, z: 1 },
		origin: { x: 0.5, y: 0, z: 0.5 },
		scale: 2
	},
	tpHandTransform: {
		translation: { x: -0.3, y: -0.2, z: 0.6 },
		rotation: { x: 10, y: -83, z: 2 },
		origin: { x: 0, y: 0, z: 0 },
		scale: 0.25
	},
	fpHandTransform: {
		translation: { x: 0, y: 0.24, z: 0.3 },
		rotation: { x: 0, y: 0, z: 59 },
		origin: { x: 0.5, y: 0.1, z: 0.5 },
		scale: 2
	}

	
}