{
	code: "meatnugget",
	
	maxstacksize: 64,
	attributes: {
		nutritionPropsWhenInMealByType: { 
			"meatnugget-bushmeat-raw": {satiety: 210, foodcategory: "Protein"},
			"meatnugget-redmeat-raw": {satiety: 510, foodcategory: "Protein"},
			"meatnugget-poultry-raw": {satiety: 360, foodcategory: "Protein"},
			"meatnugget-bushmeat-smashed": {satiety: 195, foodcategory: "Protein"},
			"meatnugget-redmeat-smashed": {satiety: 465, foodcategory: "Protein"},
			"meatnugget-poultry-smashed": {satiety: 330, foodcategory: "Protein"},
			},

	},
	variantgroups: [
	
		{ code: "meat", states: ["bushmeat", "poultry", "redmeat"]},	
		{ code: "type", states: ["smashed", "raw", "cooked", "tender" ] },
	],
	
	shapebytype:	{
		"meatnugget-*-tender": {base: "item/food/meat/{meat}-tender"},
		"meatnugget-*-smashed": {base: "item/food/meat/{meat}-smash"},
		"meatnugget-*-raw": {base: "item/food/meat/{meat}-nugget"},
		"meatnugget-*-cooked":   {base: "item/food/meat/{meat}-cooked"},
	},
	textures: {

		"cooked": {base: "game:item/food/meat/cooked" },
		"meat": {base: "game:item/food/meat/raw" },
		"raw": {base: "game:item/food/meat/raw" },
	},

	creativeinventory: { "general": ["*"], "items": ["*"] },

	nutritionPropsByType: {
		"*-bushmeat-cooked": { satiety: 140, foodcategory: "Protein" },

		"*-poultry-cooked": { satiety: 240, foodcategory: "Protein" },
		"*-redmeat-cooked": { satiety: 340, foodcategory: "Protein" },
		"*-bushmeat-tender": { satiety: 130, foodcategory: "Protein" },

		"*-poultry-tender": { satiety: 220, foodcategory: "Protein" },
		"*-redmeat-tender": { satiety: 310, foodcategory: "Protein" },

	},

	transitionablePropsByType: {

		"*-smashed": [
{
		
			type: "Perish",

			freshHours: { avg: 24 },
	
			transitionHours: { avg: 48 },
	
			transitionedStack: { type: "item", code: "game:rot" },

			transitionRatio: 1

			}

		],

		"*-tender": [{

			type: "Perish",

			freshHours: { avg: 100 },

			transitionHours: { avg: 72 },

			transitionedStack: { type: "item", code: "game:rot" },

			transitionRatio: 1
		
		}],
		"*-raw": [
{
		
			type: "Perish",

			freshHours: { avg: 18 },
	
			transitionHours: { avg: 72 },
	
			transitionedStack: { type: "item", code: "game:rot" },

			transitionRatio: 1

			}

		],

		"*-cooked": [{

			type: "Perish",

			freshHours: { avg: 60 },

			transitionHours: { avg: 96 },

			transitionedStack: { type: "item", code: "game:rot" },

			transitionRatio: 1
		
		}],
	},

	materialDensity: 600,

	guiTransformByType: {

		"*-cooked": {

			rotate: false,
			translation: { x: 0.0, y: 0, z: 0 },

			rotation: { x: 171, y: -122, z: 28 },

			origin: { x: 0.43, y: 0.04, z: 0.53 },

			scale: 7
		},

		"*-raw": {

			rotate: false,
			translation: { x: 0.0, y: 0, z: 0 },

			rotation: { x: 171, y: -122, z: 28 },

			origin: { x: 0.43, y: 0.04, z: 0.53 },

			scale: 7
		},

		"*": {

			rotate: false,

			translation: { x: 0, y: 0, z: 0 },

			rotation: { x: 171, y: -122, z: 33 },
			origin: { x: 0.5, y: 0.04, z: 0.53 },

			scale: 4.5
		}

	},

	fpHandTransform: {

		translation: { x: -0.06, y: 0.36, z: 0.23 },

		rotation: { x: 86, y: -83, z: 24 },

		origin: { x: 0.5, y: 0.1, z: 0.5 },

		scale: 5
	},

	tpHandTransform: {

		translation: { x: 0, y: 0, z: 0 },

		rotation: { x: 5, y: 41, z: -31 },

		origin: { x: 0.23, y: 0, z: 0.13 },

		scale: 1.5	},

	groundTransform: {

		translation: { x: 0, y: 0, z: 0 },

		rotation: { x: 180, y: 33, z: -180 },

		origin: { x: 0.5, y: 0, z: 0.5 },

		scale: 10

	},

	combustiblePropsByType: {

		"meatnugget-*-raw": {

			meltingPoint: 150,

			meltingDuration: 30,

			smeltedRatio: 1,

			smeltingType: "cook",

			smeltedStack: { type: "item", code: "meatnugget-{meat}-cooked" },

			requiresContainer: false

		},
		"meatnugget-*-smashed": {

			meltingPoint: 150,

			meltingDuration: 30,

			smeltedRatio: 1,

			smeltingType: "cook",

			smeltedStack: { type: "item", code: "meatnugget-{meat}-tender" },

			requiresContainer: false

		},
	}
}