{
	code: "muffin",
	maxstacksize: 32,
	attributes: {
		displaycaseable: true,
		shelvable: true	
	},
	variantgroups: [
		{ code: "type", states: ["spelt", "rye", "flax", "rice" ] },
		{ code: "fruit", states: ["blueberry", "cranberry", "redcurrant", "whitecurrant", "blackcurrant"] },
	],
	shapebytype: { 
		"muffin-flax-blackcurrant": { base: "item/food/bread/muffins/flaxbreadblackcurrant" },
		"muffin-flax-redcurrant": { base: "item/food/bread/muffins/flaxbreadredcurrant" },
		"muffin-flax-whitecurrant": { base: "item/food/bread/muffins/flaxbreadwhitecurrant" },
		"muffin-flax-blueberry": { base: "item/food/bread/muffins/flaxbreadblueberry" },
		"muffin-flax-cranberry": { base: "item/food/bread/muffins/flaxbreadcranberry" },
		"muffin-rice-blackcurrant": { base: "item/food/bread/muffins/ricebreadblackcurrant" },
		"muffin-rice-whitecurrant": { base: "item/food/bread/muffins/ricebreadwhitecurrant" },
		"muffin-rice-redcurrant": { base: "item/food/bread/muffins/ricebreadredcurrant" },
		"muffin-rice-blueberry": { base: "item/food/bread/muffins/ricebreadblueberry" },
		"muffin-rice-cranberry": { base: "item/food/bread/muffins/ricebreadcranberry" },
		"muffin-spelt-blackcurrant": { base: "item/food/bread/muffins/speltbreadblackcurrant" },
		"muffin-spelt-whitecurrant": { base: "item/food/bread/muffins/speltbreadwhitecurrant" },
		"muffin-spelt-redcurrant": { base: "item/food/bread/muffins/speltbreadredcurrant" },
		"muffin-spelt-blueberry": { base: "item/food/bread/muffins/speltbreadblueberry" },
		"muffin-spelt-cranberry": { base: "item/food/bread/muffins/speltbreadcranberry" },
		"muffin-rye-blackcurrant": { base: "item/food/bread/muffins/ryebreadblackcurrant" },
		"muffin-rye-whitecurrant": { base: "item/food/bread/muffins/ryebreadwhitecurrant" },
		"muffin-rye-redcurrant": { base: "item/food/bread/muffins/ryebreadredcurrant" },
		"muffin-rye-blueberry": { base: "item/food/bread/muffins/ryebreadblueberry" },
		"muffin-rye-cranberry": { base: "item/food/bread/muffins/ryebreadcranberry" },
	},
	
	creativeinventory: { "general": ["*"], "items": ["*"] },
	nutritionPropsByType: {
		"*-flax-cranberry": { saturation: 420, foodcategory: "Fruit" },
		"*-flax-*": { saturation: 440, foodcategory: "Fruit" },
		"*-rice-cranberry": { saturation: 590, foodcategory: "Fruit" },
		"*-rice-*": { saturation: 610, foodcategory: "Fruit" },
		"*-spelt-cranberry": { saturation: 560, foodcategory: "Fruit" },
		"*-spelt-*": { saturation: 580, foodcategory: "Fruit" },
		"*-rye-cranberry": { saturation: 560, foodcategory: "Fruit" },
		"*-rye-*": { saturation: 580, foodcategory: "Fruit" },
	},
	transitionableProps: [{
		type: "Perish",
		freshHours: { avg: 432 },
		transitionHours: { avg: 36 },
		transitionedStack: { type: "item", code: "game:rot" },
		transitionRatio: 1
	}],
	materialDensity: 200,
	guiTransform: {
		translation: { x: 2, y: 1, z: 0 },
		rotation: { x: -28, y: 50, z: 180 },
		origin: { x: 0.5, y: 0.07, z: 0.5 },
		scale: 3.5
	},
	groundTransform: {
		translation: { x: 0, y: 0, z: 0 },
		rotation: { x: 0, y: 0, z: 1 },
		origin: { x: 0.5, y: 0, z: 0.5 },
		scale: 3
	},
	fpHandTransform: {
		translation: { x: 0, y: 0.22, z: 0.2 },
		rotation: { x: 0, y: 0, z: 0 },
		origin: { x: 0.5, y: 0.1, z: 0.5 },
		scale: 2
	},
	tpHandTransform: {
		translation: { x: 0.5, y: -0.2, z: 0.55 },
		rotation: { x: 0, y: 0, z: 0 },
		origin: { x: 0, y: 0, z: 0 },
		scale: 0.7
	},
}