{
    "code": "fishinglure",
    "maxstacksize": 64,
    "attributes": {
        "reinforcementStrengthByType": {
            "*-copper": 150,
            "*-tinbronze": 300,
            "*-bismuthbronze": 300,
            "*-blackbronze": 400,
            "*-iron": 800
        },
        "handbook": {
            "excludeByType": {
                "*-chromium": true,
                "*-platinum": true,
                "*-titanium": true,
                "*-rhodium": true,
                "*-stainlessteel": true,
                "*-uranium": true
            }
        },
        "displaycaseable": false,
        "shelvable": false
    },
    "variantgroups": [
        {
            "code": "metal",
            "loadFromProperties": "game:block/metal"
        }
    ],
    "attributesByType": {
        "lure-lead": {
            "workableTemperature": 0
        }
    },
    "storageFlags": 5,

    "shape": { "base": "item/fishing/fishinglure" },
    "textures": {
        "hookmaterial": { "base": "game:block/metal/ingot/{metal}" }
    },
    "creativeinventory": {
        "general": [ "*" ],
        "items": [ "*" ],
        "primitive": [ "*" ]
    },
    "materialDensityByType": {
        "*-copper": 8960,
        "*-brass": 8500,
        "*-tinbronze": 7600,
        "*-bismuthbronze": 7900,
        "*-blackbronze": 9000,
        "*-iron": 7870,
        "*-gold": 19300,
        "*-lead": 11300,
        "*-tin": 7260,
        "*-chromium": 7150,
        "*-platinum": 21500,
        "*-titanium": 4510,
        "*-zinc": 7140,
        "*-silver": 10500,
        "*-bismuth": 9790,
        "*-molybdochalkos": 9600
    },
    "combustiblePropsByType": {
        "fishinglure-copper": {
            "meltingPoint": 1084,
            "meltingDuration": 30,
            "smeltedRatio": 5,
            "smeltedStack": {
                "type": "item",
                "code": "fishinglure-copper"
            }
        },
        "fishinglure-brass": {
            "meltingPoint": 920,
            "meltingDuration": 30,
            "smeltedRatio": 5,
            "smeltedStack": {
                "type": "item",
                "code": "fishinglure-brass"
            }
        },
        "fishinglure-tinbronze": {
            "meltingPoint": 950,
            "meltingDuration": 30,
            "smeltedRatio": 5,
            "smeltedStack": {
                "type": "item",
                "code": "fishinglure-tinbronze"
            }
        },
        "fishinglure-bismuthbronze": {
            "meltingPoint": 850,
            "meltingDuration": 30,
            "smeltedRatio": 5,
            "smeltedStack": {
                "type": "item",
                "code": "fishinglure-bismuthbronze"
            }
        },
        "fishinglure-blackbronze": {
            "meltingPoint": 1020,
            "meltingDuration": 30,
            "smeltedRatio": 5,
            "smeltedStack": {
                "type": "item",
                "code": "fishinglure-blackbronze"
            }
        },
        "fishinglure-iron": {
            "meltingPoint": 1482,
            "meltingDuration": 30,
            "smeltedRatio": 5,
            "smeltedStack": {
                "type": "item",
                "code": "fishinglure-iron"
            }
        },
        "fishinglure-gold": {
            "meltingPoint": 1063,
            "meltingDuration": 30,
            "smeltedRatio": 5,
            "smeltedStack": {
                "type": "item",
                "code": "fishinglure-gold"
            }
        },
        "fishinglure-lead": {
            "meltingPoint": 327,
            "meltingDuration": 30,
            "smeltedRatio": 5,
            "smeltedStack": {
                "type": "item",
                "code": "fishinglure-lead"
            }
        },
        "fishinglure-tin": {
            "meltingPoint": 232,
            "meltingDuration": 30,
            "smeltedRatio": 5,
            "smeltedStack": {
                "type": "item",
                "code": "fishinglure-tin"
            }
        },
        "fishinglure-chromium": {
            "meltingPoint": 1907,
            "meltingDuration": 30,
            "smeltedRatio": 5,
            "smeltedStack": {
                "type": "item",
                "code": "fishinglure-chromium"
            }
        },
        "fishinglure-platinum": {
            "meltingPoint": 1770,
            "meltingDuration": 30,
            "smeltedRatio": 5,
            "smeltedStack": {
                "type": "item",
                "code": "fishinglure-platinum"
            }
        },
        "fishinglure-titanium": {
            "meltingPoint": 1668,
            "meltingDuration": 30,
            "smeltedRatio": 5,
            "smeltedStack": {
                "type": "item",
                "code": "fishinglure-titanium"
            }
        },
        "fishinglure-zinc": {
            "meltingPoint": 419,
            "meltingDuration": 30,
            "smeltedRatio": 5,
            "smeltedStack": {
                "type": "item",
                "code": "fishinglure-zinc"
            }
        },
        "fishinglure-silver": {
            "meltingPoint": 961,
            "meltingDuration": 30,
            "smeltedRatio": 5,
            "smeltedStack": {
                "type": "item",
                "code": "fishinglure-silver"
            }
        },
        "fishinglure-bismuth": {
            "meltingPoint": 271,
            "meltingDuration": 30,
            "smeltedRatio": 5,
            "smeltedStack": {
                "type": "item",
                "code": "fishinglure-bismuth"
            }
        },
        "fishinglure-molybdochalkos": {
            "meltingPoint": 902,
            "meltingDuration": 30,
            "smeltedRatio": 5,
            "smeltedStack": {
                "type": "item",
                "code": "fishinglure-molybdochalkos"
            }
        }
    },
    "guiTransform": {
        "translation": {
            "x": -1,
            "y": 2.4,
            "z": 0
        },
        "rotation": {
            "x": 154,
            "y": -57,
            "z": -99
        },
        "origin": {
            "x": 0.53,
            "y": -0.2,
            "z": 0.4
        },
        "scale": 3.66
    },
    "fpHandTransform": {
        "translation": {
            "x": 0,
            "y": 0.1,
            "z": 0
        },
        "rotation": {
            "x": -156,
            "y": -56,
            "z": -150
        },
        "origin": {
            "x": 0.6,
            "y": -1.2,
            "z": 0.2
        },
        "scale": 1.84
    },
    "tpHandTransform": {
        "translation": {
            "x": -0.77,
            "y": -0.35,
            "z": -0.64
        },
        "rotation": {
            "x": 11,
            "y": -160,
            "z": 57
        },
        "origin": {
            "x": 0.4,
            "y": 0.1,
            "z": 0.9
        },
        "scale": 0.75
    },
    "groundTransform": {
        "translation": {
            "x": 0,
            "y": 0,
            "z": 0
        },
        "rotation": {
            "x": 0,
            "y": 0,
            "z": 0
        },
        "origin": {
            "x": 0.5,
            "y": 0,
            "z": 0.5
        },
        "scale": 10
    }
}
