{
  "ingredientPattern": "_W_	PWP	P_P",
  "ingredients": {
    "W": {
      "type": "block",
      "code": "zeekea:linen-*-down",
	  "name": "color",
	  "allowedVariants": ["carbon_black", "verdigris", "ultramarine", "cinnabar", "chalk_white" ]
    },
    "P": {
      "type": "item",
      "code": "game:plank-*",
	  "name": "wood",
	  "allowedVariants": ["acacia", "birch", "kapok", "maple", "oak", "pine"]
    },
  },
  "width": 3,
  "height": 3,
  "shapeless": false,
  "output": { type: "block", code: "fancychair-{wood}-{color}-north" }
}
