[
	{
		"ingredientPattern": "WHWWHWWHW",
		"ingredients": {
			"W": { "type": "item", "code": "game:beeswax", "quantity": 1 },
			"H": { "type": "item", "code": "game:honeycomb", "quantity": 1 }
		},
		"width": 3,
		"height": 3,
		"output": { "type": "block", "code": "game:wildbeehive-large" }
	},
	{
		"ingredientPattern": "WHWWHW",
		"ingredients": {
			"W": { "type": "item", "code": "game:beeswax", "quantity": 1 },
			"H": { "type": "item", "code": "game:honeycomb", "quantity": 1 }
		},
		"width": 3,
		"height": 2,
		"output": { "type": "block", "code": "game:wildbeehive-medium" }
	},
	{
		"ingredientPattern": "M,C",
		"ingredients": {
			"M": { "type": "block", "code": "game:mushroom-flyagaric-normal-free", "quantity": 1 },
			"C": { "type": "item", "code": "game:poultice-reed-horsetail", "quantity": 2 }
		},
		"width": 1,
		"height": 2,
	    "shapeless": true,
		"output": { "type": "item", "code": "game:poultice-reed-honey-sulfur", "quantity": 2 }
	},
		{
		"ingredientPattern": "M,C",
		"ingredients": {
			"M": { "type": "item", "code": "game:metalplate-brass", "quantity": 1 },
			"C": { "type": "item", "code": "game:ingot-brass", "quantity": 1 }
		},
		"width": 1,
		"height": 2,
		"output": { "type": "block", "code": "game:torchholder-brass-empty-north", "quantity": 2 }
	},
		{
		"ingredientPattern": "L,B",
		"ingredients": {
			"L": { "type": "block", "code": "game:log-placed-pine-ud", "quantity": 1 },
			"B": { "type": "item", "code": "game:knife-*", "isTool": true }
		},
		"shapeless": true,
		"width": 1,
		"height": 2,
		"output": { "type": "item", "code": "game:resin", "quantity": 1 }
	}
]