[
{
  "ingredientPattern": "S,P",
  "ingredients": {
    "S": { "type": "item", "code": "game:saw-*", "isTool": true },
    "P": { "type": "item", "code": "game:plank-*" }
  },
  "width": 1,
  "height": 2,
  "output": { "type": "item", "code": "game:stick", "quantity": 2 }
},
{
  "ingredientPattern": "K,W",
  "ingredients": {
    "K": { "type": "item", "code": "game:knife-*", "isTool": true },
    "W": { "type": "item", "code": "game:firewood" }
	},
  "width": 1,
  "height": 2,
  "shapeless": true,
  "output": { "type": "item", "code": "game:stick", "quantity": 1 }
},
{
  "ingredientPattern": "K,W",
  "ingredients": {
    "K": { "type": "item", "code": "game:knife-*", "isTool": true },
    "W": { "type": "item", "code": "game:bamboostakes" }
	},
  "width": 1,
  "height": 2,
  "shapeless": true,
  "output": { "type": "item", "code": "game:stick", "quantity": 3 }
}
]