{
	code: "branchcutter",
	class: "branchcutter", 
	shape: { base: "item/branchcutter" },
	creativeinventory: { "general": ["*"], "items": ["*"], "tools": ["*"]},
	attributes: {
		handbook: {
			groupBy: ["branchcutter-*"]
		},
		rackable: true,
		toolrackTransform: {
			rotation: { y: 90 },
			translation: { x: -0.1, y: 0.59 },
			scale: 1.25,
		}
	},
	
	variantgroups: [
		{ code: "metal", states: ["copper", "tinbronze", "bismuthbronze", "blackbronze", "iron", "meteoriciron", "steel" ] },
	],
	textures: {
		"metal": { base: "game:block/metal/ingot/{metal}" }
	},
	
	damagedby: ["blockbreaking", "attacking"],
	
	tooltierbytype: {
		"*-copper": 2,
		"*-tinbronze": 3,
		"*-bismuthbronze": 3,
		"*-blackbronze": 3,
		"*-iron": 4,
		"*-meteoriciron": 4,
		"*-steel": 5
	},

	attackpowerbytype: {
		"branchcutter-copper": 1.25,
		"branchcutter-bismuthbronze": 1.5,
		"branchcutter-tinbronze": 1.75,
		"branchcutter-blackbronze": 2,
		"branchcutter-iron": 2.25,
		"branchcutter-meteoriciron": 3,
		"branchcutter-steel": 4
	},
	
	miningspeedbytype: {	
		"*-copper": {
			"wood": 3,
			"plant": 2.8,
			"leaves": 2.4
		},
		"*-bismuthbronze": {
			"wood": 3.4,
			"plant": 3.5,
			"leaves": 2.6
		},
		"*-tinbronze": {
			"wood": 3.8,
			"plant": 3.8,
			"leaves": 3
		},
		"*-blackbronze": {
			"wood": 4.3,
			"plant": 4,
			"leaves": 3.1
		},
		"*-iron": {
			"wood": 5,
			"plant": 5,
			"leaves": 3.2
		},
		"*-meteoriciron": {
			"wood": 5.5,
			"plant": 5.5,
			"leaves": 3.6
		},
		"*-steel": {
			"wood": 6,
			"plant": 6,
			"leaves": 4
		}
	},

	durabilitybytype: {
		"branchcutter-copper": 150,
		"branchcutter-tinbronze": 300,
		"branchcutter-bismuthbronze": 350,
		"branchcutter-blackbronze": 450,
		"branchcutter-iron": 600,
		"branchcutter-meteoriciron": 800,
		"branchcutter-steel": 1200
	},
	
	guiTransform: {
		translation: { x: 0, y: -3, z: 0 },
		rotation: { x: -89, y: 47, z: 33 },
		origin: { x: 0.59, y: 0, z: 0.44 },
		scale: 1.75
	},
	fpHandTransform: {
		translation: { x: -0.2, y: -0.2, z: 0 },
		rotation: { x: 15, y: 15, z: 90 },
		scale: 2.45
	},
	groundTransform: {
		translation: { x: 0, y: 0, z: 0 },
		rotation: { x: 0, y: 0, z: 0 },
		origin: { x: 0.5, y: 0, z: 0.5 },
		scale: 3.4
	},
	tpHandTransform: {
		translation: { x: -1.07, y: -0.01, z: -0.56 },
		rotation: { x: -81, y: -102, z: 0 },
		origin: { x: 0.5, y: 0, z: 0.5 },
		scale: 0.8
	}
}