{
	"editor": {
		"allAngles": true,
		"entityTextureMode": true
	},
	"textureWidth": 32,
	"textureHeight": 32,
	"textureSizes": {
	},
	"textures": {
		"locust": "game:entity/locust/bronze"
	},
	"elements": [
		{
			"name": "body",
			"from": [ 5.5, 0.5, 6.5 ],
			"to": [ 8.5, 2.5, 9.5 ],
			"unwrapMode": 4,
			"uv": [ 0.0, 0.0 ],
			"rotationOrigin": [ 7.0, 2.0, 8.5 ],
			"rotationX": 180.0,
			"rotationZ": -11.0,
			"faces": {
				"north": { "texture": "#locust", "uv": [ 0.0, 3.0, 3.0, 5.0 ] },
				"east": { "texture": "#locust", "uv": [ 9.0, 3.0, 12.0, 5.0 ] },
				"south": { "texture": "#locust", "uv": [ 6.0, 3.0, 9.0, 5.0 ] },
				"west": { "texture": "#locust", "uv": [ 3.0, 3.0, 6.0, 5.0 ] },
				"up": { "texture": "#locust", "uv": [ 3.0, 0.0, 6.0, 3.0 ], "rotation": 90 },
				"down": { "texture": "#locust", "uv": [ 3.0, 5.0, 6.0, 8.0 ], "rotation": 90 }
			},
			"children": [
				{
					"name": "abdomen",
					"from": [ 2.0, -0.5, -1.0 ],
					"to": [ 7.0, 3.5, 4.0 ],
					"renderPass": 3,
					"unwrapMode": 5,
					"unwrapRotation": 1,
					"uv": [ 14.0, 0.0 ],
					"rotationOrigin": [ 2.0, 1.0, 1.5 ],
					"rotationZ": 10.0,
					"faces": {
						"north": { "texture": "#locust", "uv": [ 14.0, 4.0, 18.0, 9.0 ], "rotation": 270 },
						"east": { "texture": "#locust", "uv": [ 18.0, 0.0, 23.0, 4.0 ], "rotation": 180 },
						"south": { "texture": "#locust", "uv": [ 23.0, 4.0, 27.0, 9.0 ], "rotation": 90 },
						"west": { "texture": "#locust", "uv": [ 18.0, 9.0, 23.0, 13.0 ] },
						"up": { "texture": "#locust", "uv": [ 18.0, 4.0, 23.0, 9.0 ], "rotation": 90 },
						"down": { "texture": "#locust", "uv": [ 27.0, 4.0, 32.0, 9.0 ], "rotation": 270 }
					},
					"children": [
						{
							"name": "end",
							"from": [ 5.0, 0.5, 0.5 ],
							"to": [ 6.0, 3.5, 4.5 ],
							"renderPass": 3,
							"unwrapMode": 2,
							"uv": [ 1.0, 19.0 ],
							"rotationOrigin": [ 5.0, 2.0, 2.5 ],
							"faces": {
								"north": { "texture": "#locust", "uv": [ 6.0, 20.0, 7.0, 23.0 ] },
								"east": { "texture": "#locust", "uv": [ 2.0, 20.0, 6.0, 23.0 ] },
								"south": { "texture": "#locust", "uv": [ 1.0, 20.0, 2.0, 23.0 ] },
								"west": { "texture": "#locust", "uv": [ 7.0, 20.0, 11.0, 23.0 ], "enabled": false },
								"up": { "texture": "#locust", "uv": [ 2.0, 19.0, 6.0, 20.0 ], "rotation": 270 },
								"down": { "texture": "#locust", "uv": [ 2.0, 23.0, 6.0, 24.0 ], "rotation": 270 }
							}
						}
					]
				},
				{
					"name": "drill",
					"from": [ -3.0, 0.5, 1.0 ],
					"to": [ 0.0, 1.5, 2.0 ],
					"unwrapMode": 5,
					"unwrapRotation": 1,
					"uv": [ 1.0, 26.0 ],
					"rotationOrigin": [ 0.0, 1.0, 1.5 ],
					"faces": {
						"north": { "texture": "#locust", "uv": [ 1.0, 27.0, 2.0, 30.0 ], "rotation": 270 },
						"east": { "texture": "#locust", "uv": [ 2.0, 26.0, 3.0, 27.0 ], "rotation": 180 },
						"south": { "texture": "#locust", "uv": [ 3.0, 27.0, 4.0, 30.0 ], "rotation": 90 },
						"west": { "texture": "#locust", "uv": [ 2.0, 30.0, 3.0, 31.0 ] },
						"up": { "texture": "#locust", "uv": [ 2.0, 27.0, 3.0, 30.0 ], "rotation": 90 },
						"down": { "texture": "#locust", "uv": [ 4.0, 27.0, 5.0, 30.0 ], "rotation": 270 }
					}
				},
				{
					"name": "leg 1 R",
					"from": [ 1.5, 0.5, -4.0 ],
					"to": [ 2.7, 1.5, 1.0 ],
					"unwrapMode": 5,
					"uv": [ 16.0, 13.0 ],
					"rotationOrigin": [ 2.1, 1.0, 1.0 ],
					"rotationX": -39.0,
					"rotationZ": 45.0,
					"faces": {
						"north": { "texture": "#locust", "uv": [ 17.0, 13.0, 18.0, 14.0 ], "rotation": 180 },
						"east": { "texture": "#locust", "uv": [ 18.0, 14.0, 19.0, 19.0 ], "rotation": 90 },
						"south": { "texture": "#locust", "uv": [ 17.0, 19.0, 18.0, 20.0 ] },
						"west": { "texture": "#locust", "uv": [ 16.0, 14.0, 17.0, 19.0 ], "rotation": 270 },
						"up": { "texture": "#locust", "uv": [ 17.0, 14.0, 18.0, 19.0 ] },
						"down": { "texture": "#locust", "uv": [ 19.0, 14.0, 20.0, 19.0 ] }
					},
					"children": [
						{
							"name": "leg extention 1",
							"from": [ 0.1, 0.0, -4.4 ],
							"to": [ 1.1, 1.0, 0.6 ],
							"unwrapMode": 5,
							"uv": [ 16.0, 20.0 ],
							"rotationOrigin": [ 0.6, 0.5, 0.6 ],
							"rotationX": -90.0,
							"faces": {
								"north": { "texture": "#locust", "uv": [ 17.0, 20.0, 18.0, 21.0 ], "rotation": 180 },
								"east": { "texture": "#locust", "uv": [ 18.0, 21.0, 19.0, 26.0 ], "rotation": 90 },
								"south": { "texture": "#locust", "uv": [ 17.0, 26.0, 18.0, 27.0 ] },
								"west": { "texture": "#locust", "uv": [ 16.0, 21.0, 17.0, 26.0 ], "rotation": 270 },
								"up": { "texture": "#locust", "uv": [ 17.0, 21.0, 18.0, 26.0 ] },
								"down": { "texture": "#locust", "uv": [ 19.0, 21.0, 20.0, 26.0 ] }
							},
							"children": [
								{
									"name": "leg extention 2",
									"from": [ 0.0, -0.1, -2.5 ],
									"to": [ 1.0, 0.9, 0.5 ],
									"unwrapMode": 5,
									"uv": [ 16.0, 27.0 ],
									"rotationOrigin": [ 0.4, 0.4, 0.5 ],
									"rotationX": -60.0,
									"rotationY": 22.5,
									"faces": {
										"north": { "texture": "#locust", "uv": [ 17.0, 27.0, 18.0, 28.0 ], "rotation": 180 },
										"east": { "texture": "#locust", "uv": [ 18.0, 28.0, 19.0, 31.0 ], "rotation": 90 },
										"south": { "texture": "#locust", "uv": [ 17.0, 31.0, 18.0, 32.0 ] },
										"west": { "texture": "#locust", "uv": [ 16.0, 28.0, 17.0, 31.0 ], "rotation": 270 },
										"up": { "texture": "#locust", "uv": [ 17.0, 28.0, 18.0, 31.0 ] },
										"down": { "texture": "#locust", "uv": [ 19.0, 28.0, 20.0, 31.0 ] }
									}
								}
							]
						}
					]
				},
				{
					"name": "leg 2 R",
					"from": [ 0.7, 0.5, -3.0 ],
					"to": [ 1.9, 1.5, 1.0 ],
					"unwrapMode": 5,
					"uv": [ 12.0, 14.0 ],
					"rotationOrigin": [ 1.3, 1.0, 1.0 ],
					"rotationY": 10.0,
					"faces": {
						"north": { "texture": "#locust", "uv": [ 13.0, 14.0, 14.0, 15.0 ], "rotation": 180 },
						"east": { "texture": "#locust", "uv": [ 14.0, 15.0, 15.0, 19.0 ], "rotation": 90 },
						"south": { "texture": "#locust", "uv": [ 13.0, 19.0, 14.0, 20.0 ] },
						"west": { "texture": "#locust", "uv": [ 12.0, 15.0, 13.0, 19.0 ], "rotation": 270 },
						"up": { "texture": "#locust", "uv": [ 13.0, 15.0, 14.0, 19.0 ] },
						"down": { "texture": "#locust", "uv": [ 15.0, 15.0, 16.0, 19.0 ] }
					},
					"children": [
						{
							"name": "leg extention 3",
							"from": [ 0.1, 0.0, -4.4 ],
							"to": [ 1.1, 1.0, 0.6 ],
							"unwrapMode": 5,
							"uv": [ 12.0, 20.0 ],
							"rotationOrigin": [ 0.6, 0.5, 0.6 ],
							"rotationX": -95.0,
							"faces": {
								"north": { "texture": "#locust", "uv": [ 13.0, 20.0, 14.0, 21.0 ], "rotation": 180 },
								"east": { "texture": "#locust", "uv": [ 14.0, 21.0, 15.0, 26.0 ], "rotation": 90 },
								"south": { "texture": "#locust", "uv": [ 13.0, 26.0, 14.0, 27.0 ] },
								"west": { "texture": "#locust", "uv": [ 12.0, 21.0, 13.0, 26.0 ], "rotation": 270 },
								"up": { "texture": "#locust", "uv": [ 13.0, 21.0, 14.0, 26.0 ] },
								"down": { "texture": "#locust", "uv": [ 15.0, 21.0, 16.0, 26.0 ] }
							},
							"children": [
								{
									"name": "leg extention 4",
									"from": [ 0.0, -0.1, -2.5 ],
									"to": [ 1.0, 0.9, 0.5 ],
									"unwrapMode": 5,
									"uv": [ 12.0, 27.0 ],
									"rotationOrigin": [ 0.4, 0.4, 0.5 ],
									"rotationX": -67.5,
									"rotationY": 10.0,
									"faces": {
										"north": { "texture": "#locust", "uv": [ 13.0, 27.0, 14.0, 28.0 ], "rotation": 180 },
										"east": { "texture": "#locust", "uv": [ 14.0, 28.0, 15.0, 31.0 ], "rotation": 90 },
										"south": { "texture": "#locust", "uv": [ 13.0, 31.0, 14.0, 32.0 ] },
										"west": { "texture": "#locust", "uv": [ 12.0, 28.0, 13.0, 31.0 ], "rotation": 270 },
										"up": { "texture": "#locust", "uv": [ 13.0, 28.0, 14.0, 31.0 ] },
										"down": { "texture": "#locust", "uv": [ 15.0, 28.0, 16.0, 31.0 ] }
									}
								}
							]
						}
					]
				},
				{
					"name": "leg 3 R",
					"from": [ 1.8, 0.2, -3.8 ],
					"to": [ 3.0, 1.2, 0.2 ],
					"unwrapMode": 5,
					"uv": [ 8.0, 14.0 ],
					"rotationOrigin": [ 2.4, 0.7, 1.2 ],
					"rotationX": -22.0,
					"rotationY": 47.0,
					"rotationZ": -20.0,
					"faces": {
						"north": { "texture": "#locust", "uv": [ 9.0, 14.0, 10.0, 15.0 ], "rotation": 180 },
						"east": { "texture": "#locust", "uv": [ 10.0, 15.0, 11.0, 19.0 ], "rotation": 90 },
						"south": { "texture": "#locust", "uv": [ 9.0, 19.0, 10.0, 20.0 ] },
						"west": { "texture": "#locust", "uv": [ 8.0, 15.0, 9.0, 19.0 ], "rotation": 270 },
						"up": { "texture": "#locust", "uv": [ 9.0, 15.0, 10.0, 19.0 ] },
						"down": { "texture": "#locust", "uv": [ 11.0, 15.0, 12.0, 19.0 ] }
					},
					"children": [
						{
							"name": "leg extention 5",
							"from": [ 0.1, 0.0, -2.4 ],
							"to": [ 1.1, 1.0, 0.6 ],
							"unwrapMode": 5,
							"uv": [ 8.0, 22.0 ],
							"rotationOrigin": [ 0.6, 0.5, 0.6 ],
							"rotationX": -95.0,
							"faces": {
								"north": { "texture": "#locust", "uv": [ 9.0, 22.0, 10.0, 23.0 ], "rotation": 180 },
								"east": { "texture": "#locust", "uv": [ 10.0, 23.0, 11.0, 26.0 ], "rotation": 90 },
								"south": { "texture": "#locust", "uv": [ 9.0, 26.0, 10.0, 27.0 ] },
								"west": { "texture": "#locust", "uv": [ 8.0, 23.0, 9.0, 26.0 ], "rotation": 270 },
								"up": { "texture": "#locust", "uv": [ 9.0, 23.0, 10.0, 26.0 ] },
								"down": { "texture": "#locust", "uv": [ 11.0, 23.0, 12.0, 26.0 ] }
							},
							"children": [
								{
									"name": "leg extention 6",
									"from": [ 0.0, -0.1, -1.5 ],
									"to": [ 1.0, 0.9, 0.5 ],
									"unwrapMode": 5,
									"uv": [ 8.0, 28.0 ],
									"rotationOrigin": [ 0.4, 0.4, 0.4 ],
									"rotationX": -25.0,
									"rotationY": 20.0,
									"faces": {
										"north": { "texture": "#locust", "uv": [ 9.0, 28.0, 10.0, 29.0 ], "rotation": 180 },
										"east": { "texture": "#locust", "uv": [ 10.0, 29.0, 11.0, 31.0 ], "rotation": 90 },
										"south": { "texture": "#locust", "uv": [ 9.0, 31.0, 10.0, 32.0 ] },
										"west": { "texture": "#locust", "uv": [ 8.0, 29.0, 9.0, 31.0 ], "rotation": 270 },
										"up": { "texture": "#locust", "uv": [ 9.0, 29.0, 10.0, 31.0 ] },
										"down": { "texture": "#locust", "uv": [ 11.0, 29.0, 12.0, 31.0 ] }
									}
								}
							]
						}
					]
				},
				{
					"name": "leg 1 L",
					"from": [ 1.5, 0.5, -3.0 ],
					"to": [ 2.7, 1.5, 2.0 ],
					"unwrapMode": 5,
					"uv": [ 20.0, 13.0 ],
					"rotationOrigin": [ 2.1, 1.0, 2.0 ],
					"rotationX": 14.0,
					"rotationY": 180.0,
					"rotationZ": -45.0,
					"faces": {
						"north": { "texture": "#locust", "uv": [ 21.0, 13.0, 22.0, 14.0 ], "rotation": 180 },
						"east": { "texture": "#locust", "uv": [ 22.0, 14.0, 23.0, 19.0 ], "rotation": 90 },
						"south": { "texture": "#locust", "uv": [ 21.0, 19.0, 22.0, 20.0 ] },
						"west": { "texture": "#locust", "uv": [ 20.0, 14.0, 21.0, 19.0 ], "rotation": 270 },
						"up": { "texture": "#locust", "uv": [ 21.0, 14.0, 22.0, 19.0 ] },
						"down": { "texture": "#locust", "uv": [ 23.0, 14.0, 24.0, 19.0 ] }
					},
					"children": [
						{
							"name": "leg extention 15",
							"from": [ 0.1, 0.0, -4.4 ],
							"to": [ 1.1, 1.0, 0.6 ],
							"unwrapMode": 5,
							"uv": [ 20.0, 20.0 ],
							"rotationOrigin": [ 0.6, 0.5, 0.6 ],
							"rotationX": -90.0,
							"faces": {
								"north": { "texture": "#locust", "uv": [ 21.0, 20.0, 22.0, 21.0 ], "rotation": 180 },
								"east": { "texture": "#locust", "uv": [ 22.0, 21.0, 23.0, 26.0 ], "rotation": 90 },
								"south": { "texture": "#locust", "uv": [ 21.0, 26.0, 22.0, 27.0 ] },
								"west": { "texture": "#locust", "uv": [ 20.0, 21.0, 21.0, 26.0 ], "rotation": 270 },
								"up": { "texture": "#locust", "uv": [ 21.0, 21.0, 22.0, 26.0 ] },
								"down": { "texture": "#locust", "uv": [ 23.0, 21.0, 24.0, 26.0 ] }
							},
							"children": [
								{
									"name": "leg extention 16",
									"from": [ 0.0, -0.1, -2.4 ],
									"to": [ 1.0, 0.9, 0.6 ],
									"unwrapMode": 5,
									"uv": [ 20.0, 27.0 ],
									"rotationOrigin": [ 0.4, 0.4, 0.5 ],
									"rotationX": -60.0,
									"rotationY": -22.5,
									"faces": {
										"north": { "texture": "#locust", "uv": [ 21.0, 27.0, 22.0, 28.0 ], "rotation": 180 },
										"east": { "texture": "#locust", "uv": [ 22.0, 28.0, 23.0, 31.0 ], "rotation": 90 },
										"south": { "texture": "#locust", "uv": [ 21.0, 31.0, 22.0, 32.0 ] },
										"west": { "texture": "#locust", "uv": [ 20.0, 28.0, 21.0, 31.0 ], "rotation": 270 },
										"up": { "texture": "#locust", "uv": [ 21.0, 28.0, 22.0, 31.0 ] },
										"down": { "texture": "#locust", "uv": [ 23.0, 28.0, 24.0, 31.0 ] }
									}
								}
							]
						}
					]
				},
				{
					"name": "leg 2 L",
					"from": [ 0.7, 0.5, -2.0 ],
					"to": [ 1.9, 1.5, 2.0 ],
					"unwrapMode": 5,
					"uv": [ 24.0, 14.0 ],
					"rotationOrigin": [ 1.3, 1.0, 2.0 ],
					"rotationX": -6.0,
					"rotationY": 170.0,
					"faces": {
						"north": { "texture": "#locust", "uv": [ 25.0, 14.0, 26.0, 15.0 ], "rotation": 180 },
						"east": { "texture": "#locust", "uv": [ 26.0, 15.0, 27.0, 19.0 ], "rotation": 90 },
						"south": { "texture": "#locust", "uv": [ 25.0, 19.0, 26.0, 20.0 ] },
						"west": { "texture": "#locust", "uv": [ 24.0, 15.0, 25.0, 19.0 ], "rotation": 270 },
						"up": { "texture": "#locust", "uv": [ 25.0, 15.0, 26.0, 19.0 ] },
						"down": { "texture": "#locust", "uv": [ 27.0, 15.0, 28.0, 19.0 ] }
					},
					"children": [
						{
							"name": "leg extention 18",
							"from": [ 0.1, 0.0, -4.4 ],
							"to": [ 1.1, 1.0, 0.6 ],
							"unwrapMode": 5,
							"uv": [ 24.0, 20.0 ],
							"rotationOrigin": [ 0.6, 0.5, 0.6 ],
							"rotationX": -95.0,
							"faces": {
								"north": { "texture": "#locust", "uv": [ 25.0, 20.0, 26.0, 21.0 ], "rotation": 180 },
								"east": { "texture": "#locust", "uv": [ 26.0, 21.0, 27.0, 26.0 ], "rotation": 90 },
								"south": { "texture": "#locust", "uv": [ 25.0, 26.0, 26.0, 27.0 ] },
								"west": { "texture": "#locust", "uv": [ 24.0, 21.0, 25.0, 26.0 ], "rotation": 270 },
								"up": { "texture": "#locust", "uv": [ 25.0, 21.0, 26.0, 26.0 ] },
								"down": { "texture": "#locust", "uv": [ 27.0, 21.0, 28.0, 26.0 ] }
							},
							"children": [
								{
									"name": "leg extention 19",
									"from": [ 0.0, -0.1, -2.5 ],
									"to": [ 1.0, 0.9, 0.5 ],
									"unwrapMode": 5,
									"uv": [ 24.0, 27.0 ],
									"rotationOrigin": [ 0.4, 0.4, 0.5 ],
									"rotationX": -67.5,
									"rotationY": -10.0,
									"faces": {
										"north": { "texture": "#locust", "uv": [ 25.0, 27.0, 26.0, 28.0 ], "rotation": 180 },
										"east": { "texture": "#locust", "uv": [ 26.0, 28.0, 27.0, 31.0 ], "rotation": 90 },
										"south": { "texture": "#locust", "uv": [ 25.0, 31.0, 26.0, 32.0 ] },
										"west": { "texture": "#locust", "uv": [ 24.0, 28.0, 25.0, 31.0 ], "rotation": 270 },
										"up": { "texture": "#locust", "uv": [ 25.0, 28.0, 26.0, 31.0 ] },
										"down": { "texture": "#locust", "uv": [ 27.0, 28.0, 28.0, 31.0 ] }
									}
								}
							]
						}
					]
				},
				{
					"name": "leg 3 L",
					"from": [ 1.8, 0.2, -3.1 ],
					"to": [ 3.0, 1.2, 0.9 ],
					"unwrapMode": 5,
					"uv": [ 28.0, 14.0 ],
					"rotationOrigin": [ 2.4, 0.7, 1.8 ],
					"rotationX": -8.0,
					"rotationY": 133.0,
					"rotationZ": 20.0,
					"faces": {
						"north": { "texture": "#locust", "uv": [ 29.0, 14.0, 30.0, 15.0 ], "rotation": 180 },
						"east": { "texture": "#locust", "uv": [ 30.0, 15.0, 31.0, 19.0 ], "rotation": 90 },
						"south": { "texture": "#locust", "uv": [ 29.0, 19.0, 30.0, 20.0 ] },
						"west": { "texture": "#locust", "uv": [ 28.0, 15.0, 29.0, 19.0 ], "rotation": 270 },
						"up": { "texture": "#locust", "uv": [ 29.0, 15.0, 30.0, 19.0 ] },
						"down": { "texture": "#locust", "uv": [ 31.0, 15.0, 32.0, 19.0 ] }
					},
					"children": [
						{
							"name": "leg extention 21",
							"from": [ 0.1, 0.0, -2.4 ],
							"to": [ 1.1, 1.0, 0.6 ],
							"unwrapMode": 5,
							"uv": [ 28.0, 22.0 ],
							"rotationOrigin": [ 0.6, 0.5, 0.6 ],
							"rotationX": -95.0,
							"faces": {
								"north": { "texture": "#locust", "uv": [ 29.0, 22.0, 30.0, 23.0 ], "rotation": 180 },
								"east": { "texture": "#locust", "uv": [ 30.0, 23.0, 31.0, 26.0 ], "rotation": 90 },
								"south": { "texture": "#locust", "uv": [ 29.0, 26.0, 30.0, 27.0 ] },
								"west": { "texture": "#locust", "uv": [ 28.0, 23.0, 29.0, 26.0 ], "rotation": 270 },
								"up": { "texture": "#locust", "uv": [ 29.0, 23.0, 30.0, 26.0 ] },
								"down": { "texture": "#locust", "uv": [ 31.0, 23.0, 32.0, 26.0 ] }
							},
							"children": [
								{
									"name": "leg extention 22",
									"from": [ 0.0, -0.1, -1.5 ],
									"to": [ 1.0, 0.9, 0.5 ],
									"unwrapMode": 5,
									"uv": [ 28.0, 28.0 ],
									"rotationOrigin": [ 0.5, 0.4, 0.3 ],
									"rotationX": -25.0,
									"rotationY": -20.0,
									"faces": {
										"north": { "texture": "#locust", "uv": [ 29.0, 28.0, 30.0, 29.0 ], "rotation": 180 },
										"east": { "texture": "#locust", "uv": [ 30.0, 29.0, 31.0, 31.0 ], "rotation": 90 },
										"south": { "texture": "#locust", "uv": [ 29.0, 31.0, 30.0, 32.0 ] },
										"west": { "texture": "#locust", "uv": [ 28.0, 29.0, 29.0, 31.0 ], "rotation": 270 },
										"up": { "texture": "#locust", "uv": [ 29.0, 29.0, 30.0, 31.0 ] },
										"down": { "texture": "#locust", "uv": [ 31.0, 29.0, 32.0, 31.0 ] }
									}
								}
							]
						}
					]
				}
			],
			"attachmentpoints": [
				{
					"code": "Ceter",
					"posX": "5.0","posY": "2.0","posZ": "2.0",
					"rotationX": "0.0","rotationY": "0.0","rotationZ": "0.0"
				}
			]
		}
	]}
