{
	"editor": {
		"allAngles": true,
		"entityTextureMode": true
	},
	"textureWidth": 32,
	"textureHeight": 32,
	"textureSizes": {
	},
	"textures": {
		"locust": "game:entity/locust/sawblade"
	},
	"elements": [
		{
			"name": "body",
			"from": [ 5.5, -0.5, 6.5 ],
			"to": [ 8.5, 1.5, 9.5 ],
			"unwrapMode": 4,
			"uv": [ 0.0, 0.0 ],
			"rotationOrigin": [ 7.0, 1.0, 8.5 ],
			"rotationX": 180.0,
			"faces": {
				"north": { "texture": "#locust", "uv": [ 0.0, 3.0, 3.0, 5.0 ] },
				"east": { "texture": "#locust", "uv": [ 9.0, 3.0, 12.0, 5.0 ] },
				"south": { "texture": "#locust", "uv": [ 6.0, 3.0, 9.0, 5.0 ] },
				"west": { "texture": "#locust", "uv": [ 3.0, 3.0, 6.0, 5.0 ] },
				"up": { "texture": "#locust", "uv": [ 3.0, 0.0, 6.0, 3.0 ], "rotation": 90 },
				"down": { "texture": "#locust", "uv": [ 3.0, 5.0, 6.0, 8.0 ], "rotation": 90 }
			},
			"children": [
				{
					"name": "drill",
					"from": [ -3.0, 0.5, 1.0 ],
					"to": [ 0.0, 1.5, 2.0 ],
					"unwrapMode": 5,
					"unwrapRotation": 1,
					"uv": [ 1.0, 26.0 ],
					"rotationOrigin": [ 0.0, 1.0, 1.5 ],
					"faces": {
						"north": { "texture": "#locust", "uv": [ 1.0, 27.0, 2.0, 30.0 ], "rotation": 270 },
						"east": { "texture": "#locust", "uv": [ 2.0, 26.0, 3.0, 27.0 ], "rotation": 180 },
						"south": { "texture": "#locust", "uv": [ 3.0, 27.0, 4.0, 30.0 ], "rotation": 90 },
						"west": { "texture": "#locust", "uv": [ 2.0, 30.0, 3.0, 31.0 ] },
						"up": { "texture": "#locust", "uv": [ 2.0, 27.0, 3.0, 30.0 ], "rotation": 90 },
						"down": { "texture": "#locust", "uv": [ 4.0, 27.0, 5.0, 30.0 ], "rotation": 270 }
					}
				},
				{
					"name": "leg 1 R",
					"from": [ 1.5, 0.5, -4.0 ],
					"to": [ 2.7, 1.5, 1.0 ],
					"unwrapMode": 5,
					"uv": [ 16.0, 13.0 ],
					"rotationOrigin": [ 2.1, 1.0, 1.0 ],
					"rotationX": -33.0,
					"rotationZ": 45.0,
					"faces": {
						"north": { "texture": "#locust", "uv": [ 17.0, 13.0, 18.0, 14.0 ], "rotation": 180 },
						"east": { "texture": "#locust", "uv": [ 18.0, 14.0, 19.0, 19.0 ], "rotation": 90 },
						"south": { "texture": "#locust", "uv": [ 17.0, 19.0, 18.0, 20.0 ] },
						"west": { "texture": "#locust", "uv": [ 16.0, 14.0, 17.0, 19.0 ], "rotation": 270 },
						"up": { "texture": "#locust", "uv": [ 17.0, 14.0, 18.0, 19.0 ] },
						"down": { "texture": "#locust", "uv": [ 19.0, 14.0, 20.0, 19.0 ] }
					},
					"children": [
						{
							"name": "leg extention 1",
							"from": [ 0.1, 0.0, -4.4 ],
							"to": [ 1.1, 1.0, 0.6 ],
							"unwrapMode": 5,
							"uv": [ 16.0, 20.0 ],
							"rotationOrigin": [ 0.6, 0.5, 0.6 ],
							"rotationX": -90.0,
							"faces": {
								"north": { "texture": "#locust", "uv": [ 17.0, 20.0, 18.0, 21.0 ], "rotation": 180 },
								"east": { "texture": "#locust", "uv": [ 18.0, 21.0, 19.0, 26.0 ], "rotation": 90 },
								"south": { "texture": "#locust", "uv": [ 17.0, 26.0, 18.0, 27.0 ] },
								"west": { "texture": "#locust", "uv": [ 16.0, 21.0, 17.0, 26.0 ], "rotation": 270 },
								"up": { "texture": "#locust", "uv": [ 17.0, 21.0, 18.0, 26.0 ] },
								"down": { "texture": "#locust", "uv": [ 19.0, 21.0, 20.0, 26.0 ] }
							},
							"children": [
								{
									"name": "leg extention 2",
									"from": [ 0.0, -0.1, -2.5 ],
									"to": [ 1.0, 0.9, 0.5 ],
									"unwrapMode": 5,
									"uv": [ 16.0, 27.0 ],
									"rotationOrigin": [ 0.4, 0.4, 0.5 ],
									"rotationX": -60.0,
									"rotationY": 22.5,
									"faces": {
										"north": { "texture": "#locust", "uv": [ 17.0, 27.0, 18.0, 28.0 ], "rotation": 180 },
										"east": { "texture": "#locust", "uv": [ 18.0, 28.0, 19.0, 31.0 ], "rotation": 90 },
										"south": { "texture": "#locust", "uv": [ 17.0, 31.0, 18.0, 32.0 ] },
										"west": { "texture": "#locust", "uv": [ 16.0, 28.0, 17.0, 31.0 ], "rotation": 270 },
										"up": { "texture": "#locust", "uv": [ 17.0, 28.0, 18.0, 31.0 ] },
										"down": { "texture": "#locust", "uv": [ 19.0, 28.0, 20.0, 31.0 ] }
									}
								}
							]
						}
					]
				},
				{
					"name": "leg 2 R",
					"from": [ 0.7, 0.5, -3.0 ],
					"to": [ 1.9, 1.5, 1.0 ],
					"unwrapMode": 5,
					"uv": [ 12.0, 14.0 ],
					"rotationOrigin": [ 1.3, 1.0, 1.0 ],
					"rotationX": 8.0,
					"rotationY": 10.0,
					"faces": {
						"north": { "texture": "#locust", "uv": [ 13.0, 14.0, 14.0, 15.0 ], "rotation": 180 },
						"east": { "texture": "#locust", "uv": [ 14.0, 15.0, 15.0, 19.0 ], "rotation": 90 },
						"south": { "texture": "#locust", "uv": [ 13.0, 19.0, 14.0, 20.0 ] },
						"west": { "texture": "#locust", "uv": [ 12.0, 15.0, 13.0, 19.0 ], "rotation": 270 },
						"up": { "texture": "#locust", "uv": [ 13.0, 15.0, 14.0, 19.0 ] },
						"down": { "texture": "#locust", "uv": [ 15.0, 15.0, 16.0, 19.0 ] }
					},
					"children": [
						{
							"name": "leg extention 3",
							"from": [ 0.1, 0.0, -4.4 ],
							"to": [ 1.1, 1.0, 0.6 ],
							"unwrapMode": 5,
							"uv": [ 12.0, 20.0 ],
							"rotationOrigin": [ 0.6, 0.5, 0.6 ],
							"rotationX": -95.0,
							"faces": {
								"north": { "texture": "#locust", "uv": [ 13.0, 20.0, 14.0, 21.0 ], "rotation": 180 },
								"east": { "texture": "#locust", "uv": [ 14.0, 21.0, 15.0, 26.0 ], "rotation": 90 },
								"south": { "texture": "#locust", "uv": [ 13.0, 26.0, 14.0, 27.0 ] },
								"west": { "texture": "#locust", "uv": [ 12.0, 21.0, 13.0, 26.0 ], "rotation": 270 },
								"up": { "texture": "#locust", "uv": [ 13.0, 21.0, 14.0, 26.0 ] },
								"down": { "texture": "#locust", "uv": [ 15.0, 21.0, 16.0, 26.0 ] }
							},
							"children": [
								{
									"name": "leg extention 4",
									"from": [ 0.0, -0.1, -2.5 ],
									"to": [ 1.0, 0.9, 0.5 ],
									"unwrapMode": 5,
									"uv": [ 12.0, 27.0 ],
									"rotationOrigin": [ 0.4, 0.4, 0.5 ],
									"rotationX": -67.5,
									"rotationY": 10.0,
									"faces": {
										"north": { "texture": "#locust", "uv": [ 13.0, 27.0, 14.0, 28.0 ], "rotation": 180 },
										"east": { "texture": "#locust", "uv": [ 14.0, 28.0, 15.0, 31.0 ], "rotation": 90 },
										"south": { "texture": "#locust", "uv": [ 13.0, 31.0, 14.0, 32.0 ] },
										"west": { "texture": "#locust", "uv": [ 12.0, 28.0, 13.0, 31.0 ], "rotation": 270 },
										"up": { "texture": "#locust", "uv": [ 13.0, 28.0, 14.0, 31.0 ] },
										"down": { "texture": "#locust", "uv": [ 15.0, 28.0, 16.0, 31.0 ] }
									}
								}
							]
						}
					]
				},
				{
					"name": "leg 3 R",
					"from": [ 1.8, 0.2, -3.8 ],
					"to": [ 3.0, 1.2, 0.2 ],
					"unwrapMode": 5,
					"uv": [ 8.0, 14.0 ],
					"rotationOrigin": [ 2.4, 0.7, 1.2 ],
					"rotationX": -11.0,
					"rotationY": 47.0,
					"rotationZ": -20.0,
					"faces": {
						"north": { "texture": "#locust", "uv": [ 9.0, 14.0, 10.0, 15.0 ], "rotation": 180 },
						"east": { "texture": "#locust", "uv": [ 10.0, 15.0, 11.0, 19.0 ], "rotation": 90 },
						"south": { "texture": "#locust", "uv": [ 9.0, 19.0, 10.0, 20.0 ] },
						"west": { "texture": "#locust", "uv": [ 8.0, 15.0, 9.0, 19.0 ], "rotation": 270 },
						"up": { "texture": "#locust", "uv": [ 9.0, 15.0, 10.0, 19.0 ] },
						"down": { "texture": "#locust", "uv": [ 11.0, 15.0, 12.0, 19.0 ] }
					},
					"children": [
						{
							"name": "leg extention 5",
							"from": [ 0.1, 0.0, -2.4 ],
							"to": [ 1.1, 1.0, 0.6 ],
							"unwrapMode": 5,
							"uv": [ 8.0, 22.0 ],
							"rotationOrigin": [ 0.6, 0.5, 0.6 ],
							"rotationX": -95.0,
							"faces": {
								"north": { "texture": "#locust", "uv": [ 9.0, 22.0, 10.0, 23.0 ], "rotation": 180 },
								"east": { "texture": "#locust", "uv": [ 10.0, 23.0, 11.0, 26.0 ], "rotation": 90 },
								"south": { "texture": "#locust", "uv": [ 9.0, 26.0, 10.0, 27.0 ] },
								"west": { "texture": "#locust", "uv": [ 8.0, 23.0, 9.0, 26.0 ], "rotation": 270 },
								"up": { "texture": "#locust", "uv": [ 9.0, 23.0, 10.0, 26.0 ] },
								"down": { "texture": "#locust", "uv": [ 11.0, 23.0, 12.0, 26.0 ] }
							},
							"children": [
								{
									"name": "leg extention 6",
									"from": [ 0.0, -0.1, -1.5 ],
									"to": [ 1.0, 0.9, 0.5 ],
									"unwrapMode": 5,
									"uv": [ 8.0, 28.0 ],
									"rotationOrigin": [ 0.4, 0.4, 0.4 ],
									"rotationX": -25.0,
									"rotationY": 20.0,
									"faces": {
										"north": { "texture": "#locust", "uv": [ 9.0, 28.0, 10.0, 29.0 ], "rotation": 180 },
										"east": { "texture": "#locust", "uv": [ 10.0, 29.0, 11.0, 31.0 ], "rotation": 90 },
										"south": { "texture": "#locust", "uv": [ 9.0, 31.0, 10.0, 32.0 ] },
										"west": { "texture": "#locust", "uv": [ 8.0, 29.0, 9.0, 31.0 ], "rotation": 270 },
										"up": { "texture": "#locust", "uv": [ 9.0, 29.0, 10.0, 31.0 ] },
										"down": { "texture": "#locust", "uv": [ 11.0, 29.0, 12.0, 31.0 ] }
									}
								}
							]
						}
					]
				},
				{
					"name": "leg 1 L",
					"from": [ 1.5, 0.5, -3.0 ],
					"to": [ 2.7, 1.5, 2.0 ],
					"unwrapMode": 5,
					"uv": [ 20.0, 13.0 ],
					"rotationOrigin": [ 2.1, 1.0, 2.0 ],
					"rotationX": 8.0,
					"rotationY": 180.0,
					"rotationZ": -45.0,
					"faces": {
						"north": { "texture": "#locust", "uv": [ 21.0, 13.0, 22.0, 14.0 ], "rotation": 180 },
						"east": { "texture": "#locust", "uv": [ 22.0, 14.0, 23.0, 19.0 ], "rotation": 90 },
						"south": { "texture": "#locust", "uv": [ 21.0, 19.0, 22.0, 20.0 ] },
						"west": { "texture": "#locust", "uv": [ 20.0, 14.0, 21.0, 19.0 ], "rotation": 270 },
						"up": { "texture": "#locust", "uv": [ 21.0, 14.0, 22.0, 19.0 ] },
						"down": { "texture": "#locust", "uv": [ 23.0, 14.0, 24.0, 19.0 ] }
					},
					"children": [
						{
							"name": "leg extention 15",
							"from": [ 0.1, 0.0, -4.4 ],
							"to": [ 1.1, 1.0, 0.6 ],
							"unwrapMode": 5,
							"uv": [ 20.0, 20.0 ],
							"rotationOrigin": [ 0.6, 0.5, 0.6 ],
							"rotationX": -90.0,
							"faces": {
								"north": { "texture": "#locust", "uv": [ 21.0, 20.0, 22.0, 21.0 ], "rotation": 180 },
								"east": { "texture": "#locust", "uv": [ 22.0, 21.0, 23.0, 26.0 ], "rotation": 90 },
								"south": { "texture": "#locust", "uv": [ 21.0, 26.0, 22.0, 27.0 ] },
								"west": { "texture": "#locust", "uv": [ 20.0, 21.0, 21.0, 26.0 ], "rotation": 270 },
								"up": { "texture": "#locust", "uv": [ 21.0, 21.0, 22.0, 26.0 ] },
								"down": { "texture": "#locust", "uv": [ 23.0, 21.0, 24.0, 26.0 ] }
							},
							"children": [
								{
									"name": "leg extention 16",
									"from": [ 0.0, -0.1, -2.4 ],
									"to": [ 1.0, 0.9, 0.6 ],
									"unwrapMode": 5,
									"uv": [ 20.0, 27.0 ],
									"rotationOrigin": [ 0.4, 0.4, 0.5 ],
									"rotationX": -60.0,
									"rotationY": -22.5,
									"faces": {
										"north": { "texture": "#locust", "uv": [ 21.0, 27.0, 22.0, 28.0 ], "rotation": 180 },
										"east": { "texture": "#locust", "uv": [ 22.0, 28.0, 23.0, 31.0 ], "rotation": 90 },
										"south": { "texture": "#locust", "uv": [ 21.0, 31.0, 22.0, 32.0 ] },
										"west": { "texture": "#locust", "uv": [ 20.0, 28.0, 21.0, 31.0 ], "rotation": 270 },
										"up": { "texture": "#locust", "uv": [ 21.0, 28.0, 22.0, 31.0 ] },
										"down": { "texture": "#locust", "uv": [ 23.0, 28.0, 24.0, 31.0 ] }
									}
								}
							]
						}
					]
				},
				{
					"name": "leg 2 L",
					"from": [ 0.7, 0.5, -2.0 ],
					"to": [ 1.9, 1.5, 2.0 ],
					"unwrapMode": 5,
					"uv": [ 24.0, 14.0 ],
					"rotationOrigin": [ 1.3, 1.0, 2.0 ],
					"rotationX": 19.0,
					"rotationY": 170.0,
					"faces": {
						"north": { "texture": "#locust", "uv": [ 25.0, 14.0, 26.0, 15.0 ], "rotation": 180 },
						"east": { "texture": "#locust", "uv": [ 26.0, 15.0, 27.0, 19.0 ], "rotation": 90 },
						"south": { "texture": "#locust", "uv": [ 25.0, 19.0, 26.0, 20.0 ] },
						"west": { "texture": "#locust", "uv": [ 24.0, 15.0, 25.0, 19.0 ], "rotation": 270 },
						"up": { "texture": "#locust", "uv": [ 25.0, 15.0, 26.0, 19.0 ] },
						"down": { "texture": "#locust", "uv": [ 27.0, 15.0, 28.0, 19.0 ] }
					},
					"children": [
						{
							"name": "leg extention 18",
							"from": [ 0.1, 0.0, -4.4 ],
							"to": [ 1.1, 1.0, 0.6 ],
							"unwrapMode": 5,
							"uv": [ 24.0, 20.0 ],
							"rotationOrigin": [ 0.6, 0.5, 0.6 ],
							"rotationX": -95.0,
							"faces": {
								"north": { "texture": "#locust", "uv": [ 25.0, 20.0, 26.0, 21.0 ], "rotation": 180 },
								"east": { "texture": "#locust", "uv": [ 26.0, 21.0, 27.0, 26.0 ], "rotation": 90 },
								"south": { "texture": "#locust", "uv": [ 25.0, 26.0, 26.0, 27.0 ] },
								"west": { "texture": "#locust", "uv": [ 24.0, 21.0, 25.0, 26.0 ], "rotation": 270 },
								"up": { "texture": "#locust", "uv": [ 25.0, 21.0, 26.0, 26.0 ] },
								"down": { "texture": "#locust", "uv": [ 27.0, 21.0, 28.0, 26.0 ] }
							},
							"children": [
								{
									"name": "leg extention 19",
									"from": [ 0.0, -0.1, -2.5 ],
									"to": [ 1.0, 0.9, 0.5 ],
									"unwrapMode": 5,
									"uv": [ 24.0, 27.0 ],
									"rotationOrigin": [ 0.4, 0.4, 0.5 ],
									"rotationX": -67.5,
									"rotationY": -10.0,
									"faces": {
										"north": { "texture": "#locust", "uv": [ 25.0, 27.0, 26.0, 28.0 ], "rotation": 180 },
										"east": { "texture": "#locust", "uv": [ 26.0, 28.0, 27.0, 31.0 ], "rotation": 90 },
										"south": { "texture": "#locust", "uv": [ 25.0, 31.0, 26.0, 32.0 ] },
										"west": { "texture": "#locust", "uv": [ 24.0, 28.0, 25.0, 31.0 ], "rotation": 270 },
										"up": { "texture": "#locust", "uv": [ 25.0, 28.0, 26.0, 31.0 ] },
										"down": { "texture": "#locust", "uv": [ 27.0, 28.0, 28.0, 31.0 ] }
									}
								}
							]
						}
					]
				},
				{
					"name": "leg 3 L",
					"from": [ 1.8, 0.2, -3.1 ],
					"to": [ 3.0, 1.2, 0.9 ],
					"unwrapMode": 5,
					"uv": [ 28.0, 14.0 ],
					"rotationOrigin": [ 2.4, 0.7, 1.8 ],
					"rotationX": 22.0,
					"rotationY": 133.0,
					"rotationZ": 20.0,
					"faces": {
						"north": { "texture": "#locust", "uv": [ 29.0, 14.0, 30.0, 15.0 ], "rotation": 180 },
						"east": { "texture": "#locust", "uv": [ 30.0, 15.0, 31.0, 19.0 ], "rotation": 90 },
						"south": { "texture": "#locust", "uv": [ 29.0, 19.0, 30.0, 20.0 ] },
						"west": { "texture": "#locust", "uv": [ 28.0, 15.0, 29.0, 19.0 ], "rotation": 270 },
						"up": { "texture": "#locust", "uv": [ 29.0, 15.0, 30.0, 19.0 ] },
						"down": { "texture": "#locust", "uv": [ 31.0, 15.0, 32.0, 19.0 ] }
					},
					"children": [
						{
							"name": "leg extention 21",
							"from": [ 0.1, 0.0, -2.4 ],
							"to": [ 1.1, 1.0, 0.6 ],
							"unwrapMode": 5,
							"uv": [ 28.0, 22.0 ],
							"rotationOrigin": [ 0.6, 0.5, 0.6 ],
							"rotationX": -95.0,
							"faces": {
								"north": { "texture": "#locust", "uv": [ 29.0, 22.0, 30.0, 23.0 ], "rotation": 180 },
								"east": { "texture": "#locust", "uv": [ 30.0, 23.0, 31.0, 26.0 ], "rotation": 90 },
								"south": { "texture": "#locust", "uv": [ 29.0, 26.0, 30.0, 27.0 ] },
								"west": { "texture": "#locust", "uv": [ 28.0, 23.0, 29.0, 26.0 ], "rotation": 270 },
								"up": { "texture": "#locust", "uv": [ 29.0, 23.0, 30.0, 26.0 ] },
								"down": { "texture": "#locust", "uv": [ 31.0, 23.0, 32.0, 26.0 ] }
							},
							"children": [
								{
									"name": "leg extention 22",
									"from": [ 0.0, -0.1, -1.5 ],
									"to": [ 1.0, 0.9, 0.5 ],
									"unwrapMode": 5,
									"uv": [ 28.0, 28.0 ],
									"rotationOrigin": [ 0.5, 0.4, 0.3 ],
									"rotationX": -25.0,
									"rotationY": -20.0,
									"faces": {
										"north": { "texture": "#locust", "uv": [ 29.0, 28.0, 30.0, 29.0 ], "rotation": 180 },
										"east": { "texture": "#locust", "uv": [ 30.0, 29.0, 31.0, 31.0 ], "rotation": 90 },
										"south": { "texture": "#locust", "uv": [ 29.0, 31.0, 30.0, 32.0 ] },
										"west": { "texture": "#locust", "uv": [ 28.0, 29.0, 29.0, 31.0 ], "rotation": 270 },
										"up": { "texture": "#locust", "uv": [ 29.0, 29.0, 30.0, 31.0 ] },
										"down": { "texture": "#locust", "uv": [ 31.0, 29.0, 32.0, 31.0 ] }
									}
								}
							]
						}
					]
				},
				{
					"name": "Eyes",
					"from": [ -0.3, 1.05, 0.55 ],
					"to": [ 0.0, 1.45, 2.45 ],
					"unwrapMode": 2,
					"uv": [ 29.5, 0.0 ],
					"rotationOrigin": [ -0.5, 1.1, 0.5 ],
					"faces": {
						"north": { "texture": "#locust", "uv": [ 30.0, 0.5, 30.5, 1.0 ] },
						"east": { "texture": "#locust", "uv": [ 30.0, 0.5, 31.5, 1.0 ], "enabled": false },
						"south": { "texture": "#locust", "uv": [ 29.5, 0.5, 30.0, 1.0 ] },
						"west": { "texture": "#locust", "uv": [ 30.5, 0.5, 32.0, 1.0 ], "glow": 196 },
						"up": { "texture": "#locust", "uv": [ 30.0, 0.0, 31.5, 0.5 ], "rotation": 270 },
						"down": { "texture": "#locust", "uv": [ 30.0, 1.0, 31.5, 1.5 ], "rotation": 270 }
					}
				},
				{
					"name": "origin funnel",
					"from": [ -4.7, -8.7, -6.5 ],
					"to": [ -4.7, -8.7, -6.5 ],
					"uv": [ 0.0, 0.0 ],
					"rotationOrigin": [ 3.3, 1.3, 1.5 ],
					"rotationZ": -72.0,
					"faces": {
						"north": { "texture": "#locust", "uv": [ 0.0, 0.0, 0.0, 0.0 ], "enabled": false },
						"east": { "texture": "#locust", "uv": [ 0.0, 0.0, 0.0, 0.0 ], "enabled": false },
						"south": { "texture": "#locust", "uv": [ 0.0, 0.0, 0.0, 0.0 ], "enabled": false },
						"west": { "texture": "#locust", "uv": [ 0.0, 0.0, 0.0, 0.0 ], "enabled": false },
						"up": { "texture": "#locust", "uv": [ 0.0, 0.0, 0.0, 0.0 ], "enabled": false },
						"down": { "texture": "#locust", "uv": [ 0.0, 0.0, 0.0, 0.0 ], "enabled": false }
					},
					"children": [
						{
							"name": "vertebrae 1",
							"from": [ 6.8, 9.4, 9.0 ],
							"to": [ 10.8, 10.9, 9.5 ],
							"uv": [ 18.0, 20.5 ],
							"rotationOrigin": [ 6.8, 10.2, 9.0 ],
							"rotationY": 7.0,
							"rotationZ": -7.0,
							"faces": {
								"north": { "texture": "#locust", "uv": [ 18.0, 21.0, 22.0, 22.5 ] },
								"east": { "texture": "#locust", "uv": [ 22.0, 21.0, 22.5, 22.5 ] },
								"south": { "texture": "#locust", "uv": [ 22.5, 21.0, 26.5, 22.5 ] },
								"west": { "texture": "#locust", "uv": [ 26.5, 21.0, 27.0, 22.5 ] },
								"up": { "texture": "#locust", "uv": [ 18.0, 20.5, 22.0, 21.0 ] },
								"down": { "texture": "#locust", "uv": [ 22.0, 20.5, 26.0, 21.0 ] }
							}
						},
						{
							"name": "vetrebrae 2",
							"from": [ 6.8, 9.4, 6.5 ],
							"to": [ 10.8, 10.9, 7.0 ],
							"uv": [ 19.5, 20.5 ],
							"rotationOrigin": [ 6.8, 10.2, 7.0 ],
							"rotationY": -7.0,
							"rotationZ": -7.0,
							"faces": {
								"north": { "texture": "#locust", "uv": [ 19.5, 21.0, 23.5, 22.5 ] },
								"east": { "texture": "#locust", "uv": [ 23.5, 21.0, 24.0, 22.5 ] },
								"south": { "texture": "#locust", "uv": [ 24.0, 21.0, 28.0, 22.5 ] },
								"west": { "texture": "#locust", "uv": [ 28.0, 21.0, 28.5, 22.5 ] },
								"up": { "texture": "#locust", "uv": [ 19.5, 20.5, 23.5, 21.0 ] },
								"down": { "texture": "#locust", "uv": [ 23.5, 20.5, 27.5, 21.0 ] }
							}
						},
						{
							"name": "segment 1",
							"from": [ 9.6, 9.2, 7.2 ],
							"to": [ 12.6, 10.8, 8.8 ],
							"uv": [ 9.0, 27.0 ],
							"rotationOrigin": [ 9.6, 10.0, 8.0 ],
							"rotationZ": 10.0,
							"faces": {
								"north": { "texture": "#locust", "uv": [ 9.0, 28.5, 12.0, 30.0 ] },
								"east": { "texture": "#locust", "uv": [ 12.0, 28.5, 13.5, 30.0 ] },
								"south": { "texture": "#locust", "uv": [ 13.5, 28.5, 16.5, 30.0 ] },
								"west": { "texture": "#locust", "uv": [ 16.5, 28.5, 18.0, 30.0 ] },
								"up": { "texture": "#locust", "uv": [ 9.0, 27.0, 12.0, 28.5 ] },
								"down": { "texture": "#locust", "uv": [ 12.0, 27.0, 15.0, 28.5 ] }
							},
							"children": [
								{
									"name": "segment 2",
									"from": [ 1.5, 0.5, 0.1 ],
									"to": [ 4.0, 1.9, 1.5 ],
									"uv": [ 16.0, 27.5 ],
									"rotationOrigin": [ 1.5, 1.2, 0.8 ],
									"rotationZ": 12.0,
									"faces": {
										"north": { "texture": "#locust", "uv": [ 16.0, 28.5, 18.5, 29.5 ] },
										"east": { "texture": "#locust", "uv": [ 18.5, 28.5, 19.5, 29.5 ] },
										"south": { "texture": "#locust", "uv": [ 19.5, 28.5, 22.0, 29.5 ] },
										"west": { "texture": "#locust", "uv": [ 22.0, 28.5, 23.0, 29.5 ] },
										"up": { "texture": "#locust", "uv": [ 16.0, 27.5, 18.5, 28.5 ] },
										"down": { "texture": "#locust", "uv": [ 18.5, 27.5, 21.0, 28.5 ] }
									},
									"children": [
										{
											"name": "segment 3",
											"from": [ 1.7, 0.5, 0.1 ],
											"to": [ 3.7, 1.7, 1.3 ],
											"uv": [ 21.5, 29.0 ],
											"rotationOrigin": [ 1.7, 1.1, 0.7 ],
											"rotationZ": 14.0,
											"faces": {
												"north": { "texture": "#locust", "uv": [ 21.5, 30.0, 23.5, 31.0 ] },
												"east": { "texture": "#locust", "uv": [ 23.5, 30.0, 24.5, 31.0 ] },
												"south": { "texture": "#locust", "uv": [ 24.5, 30.0, 26.5, 31.0 ] },
												"west": { "texture": "#locust", "uv": [ 26.5, 30.0, 27.5, 31.0 ] },
												"up": { "texture": "#locust", "uv": [ 21.5, 29.0, 23.5, 30.0 ] },
												"down": { "texture": "#locust", "uv": [ 23.5, 29.0, 25.5, 30.0 ] }
											},
											"children": [
												{
													"name": "segment 4",
													"from": [ 1.3, 0.5, 0.3 ],
													"to": [ 3.8, 1.1, 0.9 ],
													"uv": [ 26.5, 29.0 ],
													"rotationOrigin": [ 1.3, 0.8, 0.6 ],
													"rotationZ": 53.0,
													"faces": {
														"north": { "texture": "#locust", "uv": [ 26.5, 29.5, 29.0, 30.0 ] },
														"east": { "texture": "#locust", "uv": [ 29.0, 29.5, 29.5, 30.0 ] },
														"south": { "texture": "#locust", "uv": [ 29.5, 29.5, 32.0, 30.0 ] },
														"west": { "texture": "#locust", "uv": [ 32.0, 29.5, 32.5, 30.0 ] },
														"up": { "texture": "#locust", "uv": [ 26.5, 29.0, 29.0, 29.5 ] },
														"down": { "texture": "#locust", "uv": [ 29.0, 29.0, 31.5, 29.5 ] }
													},
													"children": [
														{
															"name": "segment 5",
															"from": [ 2.2, 0.1, -0.2 ],
															"to": [ 10.2, 1.1, 0.8 ],
															"uv": [ 8.5, 21.5 ],
															"rotationOrigin": [ 2.2, 0.6, 0.3 ],
															"rotationZ": -100.0,
															"faces": {
																"north": { "texture": "#locust", "uv": [ 8.5, 22.5, 16.5, 23.5 ] },
																"east": { "texture": "#locust", "uv": [ 16.5, 22.5, 17.5, 23.5 ] },
																"south": { "texture": "#locust", "uv": [ 17.5, 22.5, 25.5, 23.5 ] },
																"west": { "texture": "#locust", "uv": [ 25.5, 22.5, 26.5, 23.5 ] },
																"up": { "texture": "#locust", "uv": [ 8.5, 21.5, 16.5, 22.5 ] },
																"down": { "texture": "#locust", "uv": [ 16.5, 21.5, 24.5, 22.5 ] }
															},
															"children": [
																{
																	"name": "segment 6",
																	"from": [ 7.3, 0.0, -0.1 ],
																	"to": [ 15.3, 1.2, 1.1 ],
																	"uv": [ 12.0, 29.0 ],
																	"rotationOrigin": [ 7.3, 0.6, 0.5 ],
																	"rotationZ": -95.0,
																	"faces": {
																		"north": { "texture": "#locust", "uv": [ 12.0, 30.0, 20.0, 31.0 ] },
																		"east": { "texture": "#locust", "uv": [ 20.0, 30.0, 21.0, 31.0 ] },
																		"south": { "texture": "#locust", "uv": [ 21.0, 30.0, 29.0, 31.0 ] },
																		"west": { "texture": "#locust", "uv": [ 29.0, 30.0, 30.0, 31.0 ] },
																		"up": { "texture": "#locust", "uv": [ 12.0, 29.0, 20.0, 30.0 ] },
																		"down": { "texture": "#locust", "uv": [ 20.0, 29.0, 28.0, 30.0 ] }
																	},
																	"children": [
																		{
																			"name": "needle",
																			"from": [ 7.4, 0.0, 0.3 ],
																			"to": [ 10.9, 0.6, 0.9 ],
																			"uv": [ 21.0, 28.0 ],
																			"rotationOrigin": [ 7.4, 0.3, 0.6 ],
																			"rotationZ": 47.0,
																			"faces": {
																				"north": { "texture": "#locust", "uv": [ 21.0, 28.5, 24.5, 29.0 ] },
																				"east": { "texture": "#locust", "uv": [ 24.5, 28.5, 25.0, 29.0 ] },
																				"south": { "texture": "#locust", "uv": [ 25.0, 28.5, 28.5, 29.0 ] },
																				"west": { "texture": "#locust", "uv": [ 28.5, 28.5, 29.0, 29.0 ] },
																				"up": { "texture": "#locust", "uv": [ 21.0, 28.0, 24.5, 28.5 ] },
																				"down": { "texture": "#locust", "uv": [ 24.5, 28.0, 28.0, 28.5 ] }
																			},
																			"children": [
																				{
																					"name": "sawblade base",
																					"from": [ 2.0, -1.0, 0.2 ],
																					"to": [ 4.5, 1.5, 0.4 ],
																					"autoUnwrap": false,
																					"uv": [ 24.5, 9.0 ],
																					"rotationOrigin": [ 3.3, 0.3, 0.2 ],
																					"rotationZ": -12.0,
																					"faces": {
																						"north": { "texture": "#locust", "uv": [ 25.0, 9.5, 28.0, 10.5 ], "autoUv": false },
																						"east": { "texture": "#locust", "uv": [ 1.0, 0.5, 1.5, 1.5 ], "autoUv": false },
																						"south": { "texture": "#locust", "uv": [ 25.0, 9.5, 27.5, 12.0 ] },
																						"west": { "texture": "#locust", "uv": [ 1.5, 0.5, 2.0, 1.5 ], "autoUv": false },
																						"up": { "texture": "#locust", "uv": [ 25.0, 9.0, 27.5, 9.5 ] },
																						"down": { "texture": "#locust", "uv": [ 25.0, 12.5, 27.5, 13.0 ] }
																					},
																					"children": [
																						{
																							"name": "sawblade",
																							"from": [ -1.0, -1.0, 0.1 ],
																							"to": [ 3.5, 3.5, 0.1 ],
																							"uv": [ 12.0, 9.0 ],
																							"rotationOrigin": [ 1.5, 1.5, 0.1 ],
																							"faces": {
																								"north": { "texture": "#locust", "uv": [ 0.0, 0.5, 4.5, 5.0 ], "enabled": false },
																								"east": { "texture": "#locust", "uv": [ 4.5, 0.5, 5.0, 5.0 ], "enabled": false },
																								"south": { "texture": "#locust", "uv": [ 12.0, 9.0, 16.5, 13.5 ] },
																								"west": { "texture": "#locust", "uv": [ 5.0, 0.5, 5.5, 5.0 ], "enabled": false },
																								"up": { "texture": "#locust", "uv": [ 0.0, 0.0, 4.5, 0.5 ], "enabled": false },
																								"down": { "texture": "#locust", "uv": [ 4.5, 0.0, 9.0, 0.5 ], "enabled": false }
																							}
																						}
																					]
																				}
																			]
																		}
																	]
																}
															]
														}
													]
												}
											]
										}
									]
								}
							]
						}
					]
				}
			],
			"attachmentpoints": [
				{
					"code": "Ceter",
					"posX": "5.0","posY": "2.0","posZ": "2.0",
					"rotationX": "0.0","rotationY": "0.0","rotationZ": "0.0"
				}
			]
		}
	]}
