[
  {
    "op": "replace",
    "path": "/durabilityByType/*-crude",
    "value": 250,
    "file": "itemtypes/tool/bow.json"
  },
  {
    "op": "replace",
    "path": "/durabilityByType/*-simple",
    "value": 640,
    "file": "itemtypes/tool/bow.json"
  },
  {
    "op": "replace",
    "path": "/attributes/damageByType/*-crude",
    "value": 3,
    "file": "itemtypes/tool/bow.json"
  },
  {
    "op": "replace",
    "path": "/attributes/damageByType/*-simple",
    "value": 4,
    "file": "itemtypes/tool/bow.json"
  },
    {
    "op": "replace",
    "path": "/durabilityByType/*-composite",
    "value": 1250,
    "file": "itemtypes/tool/bow.json"
  },
  {
    "op": "replace",
    "path": "/durabilityByType/*-recurve",
    "value": 1800,
    "file": "itemtypes/tool/bow.json"
  },
  {
    "op": "replace",
    "path": "/attributes/damageByType/*-composite",
    "value": 5,
    "file": "itemtypes/tool/bow.json"
  },
  {
    "op": "replace",
    "path": "/attributes/damageByType/*-recurve",
    "value": 6,
    "file": "itemtypes/tool/bow.json"
  }
]