{
	"code": "creature",
	"class": "ItemCreature",
	"maxstacksize": 64,
	"variantgroups": [
		{
		  "code": "type",
		  "states": [ "ampel-male", "ampel-female", "ampel-child" ]
		}
	],
	"shapeByType": {
		"*-ampel-male": {
			"base": "theneighbours:entity/land/ampel_male"
		},
		"*-ampel-female": {
			"base": "theneighbours:entity/land/ampel_female"
		},
		"*-ampel-child": {
			"base": "theneighbours:entity/land/ampel_child"
		}
	},
	"creativeinventory": {
		"general": [ "*" ],
		"items": [ "*" ],
		"creatures": [ "*" ]
	},
	guiTransformByType: {
		"*-ampel-female": {
			translation: { x: 2, y: 0, z: 0 },
			rotation: { x: 0, y: -120, z: -163 },
			origin: { x: 0.5, y: 0.8, z: 0.5 },
			scale: 0.85
		},
		"*-ampel-male": {
			translation: { x: 2, y: 0, z: 0 },
			rotation: { x: 0, y: -120, z: -163 },
			origin: { x: 0.5, y: 0.7, z: 0.3 },
			scale: 0.8
		},
		"*-ampel-child": {
			translation: { x: 2, y: 0, z: 0 },
			rotation: { x: 0, y: -120, z: -163 },
			origin: { x: 0.5, y: 0.4, z: 0.5 },
			scale: 1.02
		}
	},
	fpHandTransformByType: {
		"*-ampel-female": {
			translation: { x: 0, y: -0.1, z: 0 },
			rotation: { x: -2, y: 43, z: -41 },
			origin: { x: 0.5, y: 0.4, z: 0.5 },
			scale: 0.8
		}, 
		"*-ampel-male": {
			translation: { x: -0.2, y: 0.1, z: 0.4 },
			rotation: { x: -2, y: 51, z: -41 },
			origin: { x: 0.5, y: 0.4, z: 0.5 },
			scale: 0.8
		},
		"*-ampel-child": {
			translation: { x: -0.2, y: 0.1, z: 0.4 },
			rotation: { x: -2, y: 43, z: -59 },
			origin: { x: 0.5, y: 0.4, z: 0.5 },
			scale: 0.8
		}
	},
	tpHandTransformByType: {
		"*-ampel-female": {	
			translation: { x: -0.7, y: -0.4, z: -1.3 },
			rotation: { x: 87, y: -180, z: -5 },
			origin: { x: 0.5, y: 0.3, z: 0.5 },
			scale: 0.54
		},
		"*-ampel-male": {	
			translation: { x: -0.6, y: -0.4, z: -1.3 },
			rotation: { x: 87, y: -157, z: -5 },
			origin: { x: 0.5, y: 0.3, z: 0.5 },
			scale: 0.54
		},
		"*-ampel-child": {	
			translation: { x: -0.7, y: -0.4, z: -0.9 },
			rotation: { x: 87, y: -180, z: -5 },
			origin: { x: 0.5, y: 0.3, z: 0.5 },
			scale: 0.54
		}
	}
}