{
	"code": "creature",
	"class": "ItemCreature",
	"maxstacksize": 64,
	"variantgroups": [
		{
		  "code": "type",
		  "states": [ "tickling" ]
		}
	],
	"shape": {
		"base": "theneighbours:entity/land/tickling"
	},
	"creativeinventory": {
		"general": [ "*" ],
		"items": [ "*" ],
		"creatures": [ "*" ]
	},
	guiTransform: {
		translation: { x: 6, y: 0, z: 0 },
		rotation: { x: 0, y: -100, z: 180 },
		origin: { x: 0, y: 2, z: 0 },
		scale: 0.4
	},
	fpHandTransform: {
		translation: { x: 0.05, y: -0.4, z: 0 },
		rotation: { x: 180, y: 126, z: 180 },
		scale: 0.8
	},
	tpHandTransform: {
		translation: { x: -0.5, y: -1.6, z: -1.1 },
		rotation: { x: 0, y: -10, z: -78 }
	}
}