{
	"editor": {
		"allAngles": false,
		"singleTexture": false
	},
	"textureWidth": 16,
	"textureHeight": 16,
	"textures": {
		"flaxbreadcranberry": "item/food/grain/flaxbreadcranberry"
	},
	"elements": [
		{
			"name": "flaxbreadcranberry 1",
			"from": [ 6.25, 0.0, 5.5 ], 
			"to": [ 9.75, 1.5, 10.5 ], 
			"rotationOrigin": [ 8.0, 0.0, 8.0 ],
			"faces": {
				"north": { "texture": "#flaxbreadcranberry", "uv": [ 6.0, 10.0, 9.5, 11.5 ] },
				"east": { "texture": "#flaxbreadcranberry", "uv": [ 6.0, 11.0, 11.0, 12.5 ] },
				"south": { "texture": "#flaxbreadcranberry", "uv": [ 8.5, 11.5, 12.0, 13.0 ] },
				"west": { "texture": "#flaxbreadcranberry", "uv": [ 5.5, 12.0, 10.5, 13.5 ] },
				"up": { "texture": "#flaxbreadcranberry", "uv": [ 1.0, 10.0, 4.5, 15.0 ] },
				"down": { "texture": "#flaxbreadcranberry", "uv": [ 5.5, 10.0, 9.0, 15.0 ] }
			},
			"children": [
				{
					"name": "flaxbreadcranberry 1 top",
					"from": [ 0.5, 1.5, 0.5 ], 
					"to": [ 3.0, 2.0, 4.5 ], 
					"faces": {
						"north": { "texture": "#flaxbreadcranberry", "uv": [ 2.0, 10.0, 4.5, 10.5 ] },
						"east": { "texture": "#flaxbreadcranberry", "uv": [ 1.0, 10.5, 1.5, 14.5 ], "rotation": 90 },
						"south": { "texture": "#flaxbreadcranberry", "uv": [ 2.5, 8.5, 5.0, 9.0 ] },
						"west": { "texture": "#flaxbreadcranberry", "uv": [ 4.5, 10.5, 5.0, 14.5 ], "rotation": 90 },
						"up": { "texture": "#flaxbreadcranberry", "uv": [ 1.0, 10.0, 3.5, 14.0 ] },
						"down": { "texture": "#flaxbreadcranberry", "uv": [ 5.0, 2.0, 7.5, 6.0 ], "enabled": false }
					}
				}
			]
		}
	]}