{
	"editor": {
		"allAngles": false,
		"entityTextureMode": false
	},
	"textureWidth": 16,
	"textureHeight": 16,
	"textures": {
		"stipe": "game:block/plant/mushroom/flyagaric/stipe",
		"cap": "game:block/plant/mushroom/flyagaric/cap",
		"pores": "game:block/plant/mushroom/flyagaric/pores"
	},
	"elements": [
		{
			"name": "stem1",
			"from": [ 2.3, -0.2, 7.3 ], 
			"to": [ 3.8, 3.8, 7.8 ], 
			"rotationOrigin": [ 3.0, -0.2, 8.0 ],
			"rotationX": 90.0,
			"rotationZ": -16.0,
			"faces": {
				"north": { "texture": "#stipe", "uv": [ 3.0, 12.0, 4.5, 16.0 ] },
				"east": { "texture": "#stipe", "uv": [ 10.0, 12.0, 10.5, 16.0 ] },
				"south": { "texture": "#stipe", "uv": [ 12.0, 12.0, 13.5, 16.0 ] },
				"west": { "texture": "#stipe", "uv": [ 1.0, 12.0, 1.5, 16.0 ] },
				"up": { "texture": "#stipe", "uv": [ 4.0, 5.0, 5.5, 5.5 ] },
				"down": { "texture": "#stipe", "uv": [ 2.0, 14.0, 3.5, 14.5 ] }
			}
		},
		{
			"name": "Cube1",
			"from": [ 12.0, 0.0, 4.6 ], 
			"to": [ 16.5, 2.0, 5.1 ], 
			"rotationOrigin": [ 13.5, -1.0, 6.1 ],
			"rotationX": 90.0,
			"rotationZ": 39.0,
			"faces": {
				"north": { "texture": "#cap", "uv": [ 6.0, 10.0, 10.5, 12.0 ] },
				"east": { "texture": "#cap", "uv": [ 9.0, 4.0, 9.5, 6.0 ] },
				"south": { "texture": "#cap", "uv": [ 11.0, 14.0, 15.5, 16.0 ] },
				"west": { "texture": "#cap", "uv": [ 8.0, 12.0, 8.5, 14.0 ] },
				"up": { "texture": "#cap", "uv": [ 4.0, 11.0, 8.5, 11.5 ] },
				"down": { "texture": "#pores", "uv": [ 2.0, 11.0, 6.5, 11.5 ] }
			},
			"children": [
				{
					"name": "Cube23",
					"from": [ 4.0, 2.0, 0.0 ], 
					"to": [ 0.5, 2.5, 0.5 ], 
					"rotationOrigin": [ 0.0, 0.0, -4.0 ],
					"faces": {
						"north": { "texture": "#cap", "uv": [ 7.0, 12.0, 7.5, 12.5 ] },
						"east": { "texture": "#cap", "uv": [ 10.0, 12.0, 10.5, 12.5 ] },
						"south": { "texture": "#cap", "uv": [ 4.0, 12.0, 4.5, 12.5 ] },
						"west": { "texture": "#cap", "uv": [ 7.0, 12.0, 7.5, 12.5 ] },
						"up": { "texture": "#cap", "uv": [ 13.0, 6.0, 13.5, 6.5 ] },
						"down": { "texture": "#cap", "uv": [ 7.0, 12.0, 7.5, 12.5 ], "enabled": false }
					},
					"children": [
						{
							"name": "Cube24",
							"from": [ -3.0, 0.5, 0.0 ], 
							"to": [ -0.5, 1.0, 0.5 ], 
							"rotationOrigin": [ 0.0, 0.0, 3.0 ],
							"faces": {
								"north": { "texture": "#cap", "uv": [ 11.0, 4.0, 13.5, 4.5 ] },
								"east": { "texture": "#cap", "uv": [ 3.0, 10.0, 3.5, 10.5 ] },
								"south": { "texture": "#cap", "uv": [ 12.0, 1.0, 14.5, 1.5 ] },
								"west": { "texture": "#cap", "uv": [ 1.0, 12.0, 1.5, 12.5 ] },
								"up": { "texture": "#cap", "uv": [ 2.0, 13.0, 4.5, 13.5 ] },
								"down": { "texture": "#cap", "uv": [ 0.0, 0.0, 2.5, 0.5 ], "enabled": false }
							}
						}
					]
				}
			]
		},
		{
			"name": "stem2",
			"from": [ 8.7, -0.2, 1.2 ], 
			"to": [ 10.2, 3.8, 1.7 ], 
			"rotationOrigin": [ 9.4, -0.2, 1.9 ],
			"rotationX": 90.0,
			"rotationZ": -31.0,
			"faces": {
				"north": { "texture": "#stipe", "uv": [ 3.0, 12.0, 4.5, 16.0 ] },
				"east": { "texture": "#stipe", "uv": [ 10.0, 12.0, 10.5, 16.0 ] },
				"south": { "texture": "#stipe", "uv": [ 12.0, 12.0, 13.5, 16.0 ] },
				"west": { "texture": "#stipe", "uv": [ 1.0, 12.0, 1.5, 16.0 ] },
				"up": { "texture": "#stipe", "uv": [ 4.0, 5.0, 5.5, 5.5 ] },
				"down": { "texture": "#stipe", "uv": [ 2.0, 14.0, 3.5, 14.5 ] }
			}
		},
		{
			"name": "stem3",
			"from": [ 8.3, -0.2, 10.3 ], 
			"to": [ 9.8, 3.8, 10.8 ], 
			"rotationOrigin": [ 9.0, -0.2, 11.0 ],
			"rotationX": 90.0,
			"rotationZ": 5.0,
			"faces": {
				"north": { "texture": "#stipe", "uv": [ 3.0, 12.0, 4.5, 16.0 ] },
				"east": { "texture": "#stipe", "uv": [ 10.0, 12.0, 10.5, 16.0 ] },
				"south": { "texture": "#stipe", "uv": [ 12.0, 12.0, 13.5, 16.0 ] },
				"west": { "texture": "#stipe", "uv": [ 1.0, 12.0, 1.5, 16.0 ] },
				"up": { "texture": "#stipe", "uv": [ 4.0, 5.0, 5.5, 5.5 ] },
				"down": { "texture": "#stipe", "uv": [ 2.0, 14.0, 3.5, 14.5 ] }
			}
		},
		{
			"name": "Cube2",
			"from": [ 10.8, 0.0, 8.9 ], 
			"to": [ 15.3, 2.0, 9.4 ], 
			"rotationOrigin": [ 12.3, -1.0, 10.4 ],
			"rotationX": 90.0,
			"rotationZ": -7.0,
			"faces": {
				"north": { "texture": "#cap", "uv": [ 6.0, 10.0, 10.5, 12.0 ] },
				"east": { "texture": "#cap", "uv": [ 9.0, 4.0, 9.5, 6.0 ] },
				"south": { "texture": "#cap", "uv": [ 11.0, 14.0, 15.5, 16.0 ] },
				"west": { "texture": "#cap", "uv": [ 8.0, 12.0, 8.5, 14.0 ] },
				"up": { "texture": "#cap", "uv": [ 4.0, 11.0, 8.5, 11.5 ] },
				"down": { "texture": "#pores", "uv": [ 2.0, 11.0, 6.5, 11.5 ] }
			},
			"children": [
				{
					"name": "Cube80",
					"from": [ 4.0, 2.0, 0.0 ], 
					"to": [ 0.5, 2.5, 0.5 ], 
					"rotationOrigin": [ 0.0, 0.0, -4.0 ],
					"faces": {
						"north": { "texture": "#cap", "uv": [ 7.0, 12.0, 7.5, 12.5 ] },
						"east": { "texture": "#cap", "uv": [ 10.0, 12.0, 10.5, 12.5 ] },
						"south": { "texture": "#cap", "uv": [ 4.0, 12.0, 4.5, 12.5 ] },
						"west": { "texture": "#cap", "uv": [ 7.0, 12.0, 7.5, 12.5 ] },
						"up": { "texture": "#cap", "uv": [ 13.0, 6.0, 13.5, 6.5 ] },
						"down": { "texture": "#cap", "uv": [ 7.0, 12.0, 7.5, 12.5 ], "enabled": false }
					},
					"children": [
						{
							"name": "Cube90",
							"from": [ -3.0, 0.5, 0.0 ], 
							"to": [ -0.5, 1.0, 0.5 ], 
							"rotationOrigin": [ 0.0, 0.0, 3.0 ],
							"faces": {
								"north": { "texture": "#cap", "uv": [ 11.0, 4.0, 13.5, 4.5 ] },
								"east": { "texture": "#cap", "uv": [ 3.0, 10.0, 3.5, 10.5 ] },
								"south": { "texture": "#cap", "uv": [ 12.0, 1.0, 14.5, 1.5 ] },
								"west": { "texture": "#cap", "uv": [ 1.0, 12.0, 1.5, 12.5 ] },
								"up": { "texture": "#cap", "uv": [ 2.0, 13.0, 4.5, 13.5 ] },
								"down": { "texture": "#cap", "uv": [ 0.0, 0.0, 2.5, 0.5 ], "enabled": false }
							}
						}
					]
				}
			]
		},
		{
			"name": "Cube3",
			"from": [ 2.8, 0.0, 9.9 ], 
			"to": [ 7.3, 2.0, 10.4 ], 
			"rotationOrigin": [ 4.3, -1.0, 11.4 ],
			"rotationX": 90.0,
			"rotationZ": 3.0,
			"faces": {
				"north": { "texture": "#cap", "uv": [ 6.0, 10.0, 10.5, 12.0 ] },
				"east": { "texture": "#cap", "uv": [ 9.0, 4.0, 9.5, 6.0 ] },
				"south": { "texture": "#cap", "uv": [ 11.0, 14.0, 15.5, 16.0 ] },
				"west": { "texture": "#cap", "uv": [ 8.0, 12.0, 8.5, 14.0 ] },
				"up": { "texture": "#cap", "uv": [ 4.0, 11.0, 8.5, 11.5 ] },
				"down": { "texture": "#pores", "uv": [ 2.0, 11.0, 6.5, 11.5 ] }
			},
			"children": [
				{
					"name": "Cube11",
					"from": [ 4.0, 2.0, 0.0 ], 
					"to": [ 0.5, 2.5, 0.5 ], 
					"rotationOrigin": [ 0.0, 0.0, -4.0 ],
					"faces": {
						"north": { "texture": "#cap", "uv": [ 7.0, 12.0, 7.5, 12.5 ] },
						"east": { "texture": "#cap", "uv": [ 10.0, 12.0, 10.5, 12.5 ] },
						"south": { "texture": "#cap", "uv": [ 4.0, 12.0, 4.5, 12.5 ] },
						"west": { "texture": "#cap", "uv": [ 7.0, 12.0, 7.5, 12.5 ] },
						"up": { "texture": "#cap", "uv": [ 13.0, 6.0, 13.5, 6.5 ] },
						"down": { "texture": "#cap", "uv": [ 7.0, 12.0, 7.5, 12.5 ], "enabled": false }
					},
					"children": [
						{
							"name": "Cube12",
							"from": [ -3.0, 0.5, 0.0 ], 
							"to": [ -0.5, 1.0, 0.5 ], 
							"rotationOrigin": [ 0.0, 0.0, 3.0 ],
							"faces": {
								"north": { "texture": "#cap", "uv": [ 11.0, 4.0, 13.5, 4.5 ] },
								"east": { "texture": "#cap", "uv": [ 3.0, 10.0, 3.5, 10.5 ] },
								"south": { "texture": "#cap", "uv": [ 12.0, 1.0, 14.5, 1.5 ] },
								"west": { "texture": "#cap", "uv": [ 1.0, 12.0, 1.5, 12.5 ] },
								"up": { "texture": "#cap", "uv": [ 2.0, 13.0, 4.5, 13.5 ] },
								"down": { "texture": "#cap", "uv": [ 0.0, 0.0, 2.5, 0.5 ], "enabled": false }
							}
						}
					]
				}
			]
		},
		{
			"name": "Cube13",
			"from": [ 0.8, 0.0, 1.8 ], 
			"to": [ 5.3, 2.0, 2.3 ], 
			"rotationOrigin": [ 2.3, -1.0, 3.3 ],
			"rotationX": 90.0,
			"rotationZ": 14.0,
			"faces": {
				"north": { "texture": "#cap", "uv": [ 6.0, 10.0, 10.5, 12.0 ] },
				"east": { "texture": "#cap", "uv": [ 9.0, 4.0, 9.5, 6.0 ] },
				"south": { "texture": "#cap", "uv": [ 11.0, 14.0, 15.5, 16.0 ] },
				"west": { "texture": "#cap", "uv": [ 8.0, 12.0, 8.5, 14.0 ] },
				"up": { "texture": "#cap", "uv": [ 4.0, 11.0, 8.5, 11.5 ] },
				"down": { "texture": "#pores", "uv": [ 2.0, 11.0, 6.5, 11.5 ] }
			},
			"children": [
				{
					"name": "Cube14",
					"from": [ 4.0, 2.0, 0.0 ], 
					"to": [ 0.5, 2.5, 0.5 ], 
					"rotationOrigin": [ 0.0, 0.0, -4.0 ],
					"faces": {
						"north": { "texture": "#cap", "uv": [ 7.0, 12.0, 7.5, 12.5 ] },
						"east": { "texture": "#cap", "uv": [ 10.0, 12.0, 10.5, 12.5 ] },
						"south": { "texture": "#cap", "uv": [ 4.0, 12.0, 4.5, 12.5 ] },
						"west": { "texture": "#cap", "uv": [ 7.0, 12.0, 7.5, 12.5 ] },
						"up": { "texture": "#cap", "uv": [ 13.0, 6.0, 13.5, 6.5 ] },
						"down": { "texture": "#cap", "uv": [ 7.0, 12.0, 7.5, 12.5 ], "enabled": false }
					},
					"children": [
						{
							"name": "Cube15",
							"from": [ -3.0, 0.5, 0.0 ], 
							"to": [ -0.5, 1.0, 0.5 ], 
							"rotationOrigin": [ 0.0, 0.0, 3.0 ],
							"faces": {
								"north": { "texture": "#cap", "uv": [ 11.0, 4.0, 13.5, 4.5 ] },
								"east": { "texture": "#cap", "uv": [ 3.0, 10.0, 3.5, 10.5 ] },
								"south": { "texture": "#cap", "uv": [ 12.0, 1.0, 14.5, 1.5 ] },
								"west": { "texture": "#cap", "uv": [ 1.0, 12.0, 1.5, 12.5 ] },
								"up": { "texture": "#cap", "uv": [ 2.0, 13.0, 4.5, 13.5 ] },
								"down": { "texture": "#cap", "uv": [ 0.0, 0.0, 2.5, 0.5 ], "enabled": false }
							}
						}
					]
				}
			]
		},
		{
			"name": "Cube16",
			"from": [ 1.3, 0.0, -1.1 ], 
			"to": [ 5.8, 2.0, -0.6 ], 
			"rotationOrigin": [ 2.8, -1.0, 0.4 ],
			"rotationX": 90.0,
			"rotationZ": -18.0,
			"faces": {
				"north": { "texture": "#cap", "uv": [ 6.0, 10.0, 10.5, 12.0 ] },
				"east": { "texture": "#cap", "uv": [ 9.0, 4.0, 9.5, 6.0 ] },
				"south": { "texture": "#cap", "uv": [ 11.0, 14.0, 15.5, 16.0 ] },
				"west": { "texture": "#cap", "uv": [ 8.0, 12.0, 8.5, 14.0 ] },
				"up": { "texture": "#cap", "uv": [ 4.0, 11.0, 8.5, 11.5 ] },
				"down": { "texture": "#pores", "uv": [ 2.0, 11.0, 6.5, 11.5 ] }
			},
			"children": [
				{
					"name": "Cube17",
					"from": [ 4.0, 2.0, 0.0 ], 
					"to": [ 0.5, 2.5, 0.5 ], 
					"rotationOrigin": [ 0.0, 0.0, -4.0 ],
					"faces": {
						"north": { "texture": "#cap", "uv": [ 7.0, 12.0, 7.5, 12.5 ] },
						"east": { "texture": "#cap", "uv": [ 10.0, 12.0, 10.5, 12.5 ] },
						"south": { "texture": "#cap", "uv": [ 4.0, 12.0, 4.5, 12.5 ] },
						"west": { "texture": "#cap", "uv": [ 7.0, 12.0, 7.5, 12.5 ] },
						"up": { "texture": "#cap", "uv": [ 13.0, 6.0, 13.5, 6.5 ] },
						"down": { "texture": "#cap", "uv": [ 7.0, 12.0, 7.5, 12.5 ], "enabled": false }
					},
					"children": [
						{
							"name": "Cube18",
							"from": [ -3.0, 0.5, 0.0 ], 
							"to": [ -0.5, 1.0, 0.5 ], 
							"rotationOrigin": [ 0.0, 0.0, 3.0 ],
							"faces": {
								"north": { "texture": "#cap", "uv": [ 11.0, 4.0, 13.5, 4.5 ] },
								"east": { "texture": "#cap", "uv": [ 3.0, 10.0, 3.5, 10.5 ] },
								"south": { "texture": "#cap", "uv": [ 12.0, 1.0, 14.5, 1.5 ] },
								"west": { "texture": "#cap", "uv": [ 1.0, 12.0, 1.5, 12.5 ] },
								"up": { "texture": "#cap", "uv": [ 2.0, 13.0, 4.5, 13.5 ] },
								"down": { "texture": "#cap", "uv": [ 0.0, 0.0, 2.5, 0.5 ], "enabled": false }
							}
						}
					]
				}
			]
		},
		{
			"name": "Cube19",
			"from": [ 11.5, 0.0, -1.8 ], 
			"to": [ 16.0, 2.0, -1.3 ], 
			"rotationOrigin": [ 13.0, -1.0, -0.3 ],
			"rotationX": 90.0,
			"rotationZ": 13.0,
			"faces": {
				"north": { "texture": "#cap", "uv": [ 6.0, 10.0, 10.5, 12.0 ] },
				"east": { "texture": "#cap", "uv": [ 9.0, 4.0, 9.5, 6.0 ] },
				"south": { "texture": "#cap", "uv": [ 11.0, 14.0, 15.5, 16.0 ] },
				"west": { "texture": "#cap", "uv": [ 8.0, 12.0, 8.5, 14.0 ] },
				"up": { "texture": "#cap", "uv": [ 4.0, 11.0, 8.5, 11.5 ] },
				"down": { "texture": "#pores", "uv": [ 2.0, 11.0, 6.5, 11.5 ] }
			},
			"children": [
				{
					"name": "Cube20",
					"from": [ 4.0, 2.0, 0.0 ], 
					"to": [ 0.5, 2.5, 0.5 ], 
					"rotationOrigin": [ 0.0, 0.0, -4.0 ],
					"faces": {
						"north": { "texture": "#cap", "uv": [ 7.0, 12.0, 7.5, 12.5 ] },
						"east": { "texture": "#cap", "uv": [ 10.0, 12.0, 10.5, 12.5 ] },
						"south": { "texture": "#cap", "uv": [ 4.0, 12.0, 4.5, 12.5 ] },
						"west": { "texture": "#cap", "uv": [ 7.0, 12.0, 7.5, 12.5 ] },
						"up": { "texture": "#cap", "uv": [ 13.0, 6.0, 13.5, 6.5 ] },
						"down": { "texture": "#cap", "uv": [ 7.0, 12.0, 7.5, 12.5 ], "enabled": false }
					},
					"children": [
						{
							"name": "Cube21",
							"from": [ -3.0, 0.5, 0.0 ], 
							"to": [ -0.5, 1.0, 0.5 ], 
							"rotationOrigin": [ 0.0, 0.0, 3.0 ],
							"faces": {
								"north": { "texture": "#cap", "uv": [ 11.0, 4.0, 13.5, 4.5 ] },
								"east": { "texture": "#cap", "uv": [ 3.0, 10.0, 3.5, 10.5 ] },
								"south": { "texture": "#cap", "uv": [ 12.0, 1.0, 14.5, 1.5 ] },
								"west": { "texture": "#cap", "uv": [ 1.0, 12.0, 1.5, 12.5 ] },
								"up": { "texture": "#cap", "uv": [ 2.0, 13.0, 4.5, 13.5 ] },
								"down": { "texture": "#cap", "uv": [ 0.0, 0.0, 2.5, 0.5 ], "enabled": false }
							}
						}
					]
				}
			]
		},
		{
			"name": "Cube22",
			"from": [ 4.2, 0.0, 4.5 ], 
			"to": [ 8.7, 2.0, 5.0 ], 
			"rotationOrigin": [ 5.7, -1.0, 6.0 ],
			"rotationX": 90.0,
			"rotationZ": -28.0,
			"faces": {
				"north": { "texture": "#cap", "uv": [ 6.0, 10.0, 10.5, 12.0 ] },
				"east": { "texture": "#cap", "uv": [ 9.0, 4.0, 9.5, 6.0 ] },
				"south": { "texture": "#cap", "uv": [ 11.0, 14.0, 15.5, 16.0 ] },
				"west": { "texture": "#cap", "uv": [ 8.0, 12.0, 8.5, 14.0 ] },
				"up": { "texture": "#cap", "uv": [ 4.0, 11.0, 8.5, 11.5 ] },
				"down": { "texture": "#pores", "uv": [ 2.0, 11.0, 6.5, 11.5 ] }
			},
			"children": [
				{
					"name": "Cube25",
					"from": [ 4.0, 2.0, 0.0 ], 
					"to": [ 0.5, 2.5, 0.5 ], 
					"rotationOrigin": [ 0.0, 0.0, -4.0 ],
					"faces": {
						"north": { "texture": "#cap", "uv": [ 7.0, 12.0, 7.5, 12.5 ] },
						"east": { "texture": "#cap", "uv": [ 10.0, 12.0, 10.5, 12.5 ] },
						"south": { "texture": "#cap", "uv": [ 4.0, 12.0, 4.5, 12.5 ] },
						"west": { "texture": "#cap", "uv": [ 7.0, 12.0, 7.5, 12.5 ] },
						"up": { "texture": "#cap", "uv": [ 13.0, 6.0, 13.5, 6.5 ] },
						"down": { "texture": "#cap", "uv": [ 7.0, 12.0, 7.5, 12.5 ], "enabled": false }
					},
					"children": [
						{
							"name": "Cube25",
							"from": [ -3.0, 0.5, 0.0 ], 
							"to": [ -0.5, 1.0, 0.5 ], 
							"rotationOrigin": [ 0.0, 0.0, 3.0 ],
							"faces": {
								"north": { "texture": "#cap", "uv": [ 11.0, 4.0, 13.5, 4.5 ] },
								"east": { "texture": "#cap", "uv": [ 3.0, 10.0, 3.5, 10.5 ] },
								"south": { "texture": "#cap", "uv": [ 12.0, 1.0, 14.5, 1.5 ] },
								"west": { "texture": "#cap", "uv": [ 1.0, 12.0, 1.5, 12.5 ] },
								"up": { "texture": "#cap", "uv": [ 2.0, 13.0, 4.5, 13.5 ] },
								"down": { "texture": "#cap", "uv": [ 0.0, 0.0, 2.5, 0.5 ], "enabled": false }
							}
						}
					]
				}
			]
		}
	]}