{
	"editor": {
		"allAngles": false,
		"entityTextureMode": false
	},
	"textureWidth": 16,
	"textureHeight": 16,
	"textureSizes": {
	},
	"textures": {
		"iron": "game:block/metal/plate/iron"
	},
	"elements": [
		{
			"name": "Stand",
			"from": [ 7.0, 0.0, 7.0 ], 
			"to": [ 9.0, 16.0, 9.0 ], 
			"rotationOrigin": [ 7.0, 0.0, 7.0 ],
			"faces": {
				"north": { "texture": "#iron", "uv": [ 0.0, 0.0, 2.0, 16.0 ] },
				"east": { "texture": "#iron", "uv": [ 0.0, 0.0, 2.0, 16.0 ] },
				"south": { "texture": "#iron", "uv": [ 0.0, 0.0, 2.0, 16.0 ] },
				"west": { "texture": "#iron", "uv": [ 0.0, 0.0, 2.0, 16.0 ] },
				"up": { "texture": "#iron", "uv": [ 0.0, 0.0, 2.0, 2.0 ] },
				"down": { "texture": "#iron", "uv": [ 0.0, 0.0, 2.0, 2.0 ] }
			},
			"children": [
				{
					"name": "Dummy",
					"from": [ 0.0, 0.0, 0.0 ], 
					"to": [ 1.0, 1.0, 1.0 ], 
					"faces": {
						"north": { "texture": "#iron", "uv": [ 0.0, 0.0, 1.0, 1.0 ] },
						"east": { "texture": "#iron", "uv": [ 0.0, 0.0, 1.0, 1.0 ] },
						"south": { "texture": "#iron", "uv": [ 0.0, 0.0, 1.0, 1.0 ] },
						"west": { "texture": "#iron", "uv": [ 0.0, 0.0, 1.0, 1.0 ] },
						"up": { "texture": "#iron", "uv": [ 0.0, 0.0, 1.0, 1.0 ] },
						"down": { "texture": "#iron", "uv": [ 0.0, 0.0, 1.0, 1.0 ] }
					},
					"children": [
						{
							"name": "Cube1",
							"from": [ -3.5, 0.0, 0.0 ], 
							"to": [ -3.0, 7.0, 2.0 ], 
							"rotationOrigin": [ -3.0, 0.0, 0.0 ],
							"rotationZ": -29.5,
							"faces": {
								"north": { "texture": "#iron", "uv": [ 0.0, 0.0, 0.5, 7.0 ] },
								"east": { "texture": "#iron", "uv": [ 0.0, 0.0, 2.0, 7.0 ] },
								"south": { "texture": "#iron", "uv": [ 0.0, 0.0, 0.5, 7.0 ] },
								"west": { "texture": "#iron", "uv": [ 0.0, 0.0, 2.0, 7.0 ] },
								"up": { "texture": "#iron", "uv": [ 0.0, 0.0, 0.5, 2.0 ] },
								"down": { "texture": "#iron", "uv": [ 0.0, 0.0, 0.5, 2.0 ] }
							}
						},
						{
							"name": "Cube3",
							"from": [ 5.0, 0.0, 0.0 ], 
							"to": [ 5.5, 7.0, 2.0 ], 
							"rotationOrigin": [ 5.0, 0.0, 0.0 ],
							"rotationZ": 29.5,
							"faces": {
								"north": { "texture": "#iron", "uv": [ 0.0, 0.0, 0.5, 7.0 ] },
								"east": { "texture": "#iron", "uv": [ 0.0, 0.0, 2.0, 7.0 ] },
								"south": { "texture": "#iron", "uv": [ 0.0, 0.0, 0.5, 7.0 ] },
								"west": { "texture": "#iron", "uv": [ 0.0, 0.0, 2.0, 7.0 ] },
								"up": { "texture": "#iron", "uv": [ 0.0, 0.0, 0.5, 2.0 ] },
								"down": { "texture": "#iron", "uv": [ 0.0, 0.0, 0.5, 2.0 ] }
							}
						},
						{
							"name": "Cube4",
							"from": [ 0.0, 0.0, -3.5 ], 
							"to": [ 2.0, 7.0, -3.0 ], 
							"rotationOrigin": [ 0.0, 0.0, -3.0 ],
							"rotationX": 29.5,
							"faces": {
								"north": { "texture": "#iron", "uv": [ 0.0, 0.0, 2.0, 7.0 ] },
								"east": { "texture": "#iron", "uv": [ 0.0, 0.0, 0.5, 7.0 ] },
								"south": { "texture": "#iron", "uv": [ 0.0, 0.0, 2.0, 7.0 ] },
								"west": { "texture": "#iron", "uv": [ 0.0, 0.0, 0.5, 7.0 ] },
								"up": { "texture": "#iron", "uv": [ 0.0, 0.0, 2.0, 0.5 ] },
								"down": { "texture": "#iron", "uv": [ 0.0, 0.0, 2.0, 0.5 ] }
							}
						},
						{
							"name": "Cube5",
							"from": [ 0.0, 0.0, 5.0 ], 
							"to": [ 2.0, 7.0, 5.5 ], 
							"rotationOrigin": [ 0.0, 0.0, 5.0 ],
							"rotationX": -29.5,
							"faces": {
								"north": { "texture": "#iron", "uv": [ 0.0, 0.0, 2.0, 7.0 ] },
								"east": { "texture": "#iron", "uv": [ 0.0, 0.0, 0.5, 7.0 ] },
								"south": { "texture": "#iron", "uv": [ 0.0, 0.0, 2.0, 7.0 ] },
								"west": { "texture": "#iron", "uv": [ 0.0, 0.0, 0.5, 7.0 ] },
								"up": { "texture": "#iron", "uv": [ 0.0, 0.0, 2.0, 0.5 ] },
								"down": { "texture": "#iron", "uv": [ 0.0, 0.0, 2.0, 0.5 ] }
							}
						}
					]
				},
				{
					"name": "Dummy7",
					"from": [ 0.0, 0.0, 0.0 ], 
					"to": [ 1.0, 1.0, 1.0 ], 
					"rotationOrigin": [ 1.0, 0.0, 1.0 ],
					"rotationY": 45.0,
					"faces": {
						"north": { "texture": "#iron", "uv": [ 0.0, 0.0, 1.0, 1.0 ] },
						"east": { "texture": "#iron", "uv": [ 0.0, 0.0, 1.0, 1.0 ] },
						"south": { "texture": "#iron", "uv": [ 0.0, 0.0, 1.0, 1.0 ] },
						"west": { "texture": "#iron", "uv": [ 0.0, 0.0, 1.0, 1.0 ] },
						"up": { "texture": "#iron", "uv": [ 0.0, 0.0, 1.0, 1.0 ] },
						"down": { "texture": "#iron", "uv": [ 0.0, 0.0, 1.0, 1.0 ] }
					},
					"children": [
						{
							"name": "Cube8",
							"from": [ -3.5, 0.0, 0.0 ], 
							"to": [ -3.0, 7.0, 2.0 ], 
							"rotationOrigin": [ -3.0, 0.0, 0.0 ],
							"rotationZ": -29.5,
							"faces": {
								"north": { "texture": "#iron", "uv": [ 0.0, 0.0, 0.5, 7.0 ] },
								"east": { "texture": "#iron", "uv": [ 0.0, 0.0, 2.0, 7.0 ] },
								"south": { "texture": "#iron", "uv": [ 0.0, 0.0, 0.5, 7.0 ] },
								"west": { "texture": "#iron", "uv": [ 0.0, 0.0, 2.0, 7.0 ] },
								"up": { "texture": "#iron", "uv": [ 0.0, 0.0, 0.5, 2.0 ] },
								"down": { "texture": "#iron", "uv": [ 0.0, 0.0, 0.5, 2.0 ] }
							}
						},
						{
							"name": "Cube9",
							"from": [ 5.0, 0.0, 0.0 ], 
							"to": [ 5.5, 7.0, 2.0 ], 
							"rotationOrigin": [ 5.0, 0.0, 0.0 ],
							"rotationZ": 29.5,
							"faces": {
								"north": { "texture": "#iron", "uv": [ 0.0, 0.0, 0.5, 7.0 ] },
								"east": { "texture": "#iron", "uv": [ 0.0, 0.0, 2.0, 7.0 ] },
								"south": { "texture": "#iron", "uv": [ 0.0, 0.0, 0.5, 7.0 ] },
								"west": { "texture": "#iron", "uv": [ 0.0, 0.0, 2.0, 7.0 ] },
								"up": { "texture": "#iron", "uv": [ 0.0, 0.0, 0.5, 2.0 ] },
								"down": { "texture": "#iron", "uv": [ 0.0, 0.0, 0.5, 2.0 ] }
							}
						},
						{
							"name": "Cube10",
							"from": [ 0.0, 0.0, -3.5 ], 
							"to": [ 2.0, 7.0, -3.0 ], 
							"rotationOrigin": [ 0.0, 0.0, -3.0 ],
							"rotationX": 29.5,
							"faces": {
								"north": { "texture": "#iron", "uv": [ 0.0, 0.0, 2.0, 7.0 ] },
								"east": { "texture": "#iron", "uv": [ 0.0, 0.0, 0.5, 7.0 ] },
								"south": { "texture": "#iron", "uv": [ 0.0, 0.0, 2.0, 7.0 ] },
								"west": { "texture": "#iron", "uv": [ 0.0, 0.0, 0.5, 7.0 ] },
								"up": { "texture": "#iron", "uv": [ 0.0, 0.0, 2.0, 0.5 ] },
								"down": { "texture": "#iron", "uv": [ 0.0, 0.0, 2.0, 0.5 ] }
							}
						},
						{
							"name": "Cube11",
							"from": [ 0.0, 0.0, 5.0 ], 
							"to": [ 2.0, 7.0, 5.5 ], 
							"rotationOrigin": [ 0.0, 0.0, 5.0 ],
							"rotationX": -29.5,
							"faces": {
								"north": { "texture": "#iron", "uv": [ 0.0, 0.0, 2.0, 7.0 ] },
								"east": { "texture": "#iron", "uv": [ 0.0, 0.0, 0.5, 7.0 ] },
								"south": { "texture": "#iron", "uv": [ 0.0, 0.0, 2.0, 7.0 ] },
								"west": { "texture": "#iron", "uv": [ 0.0, 0.0, 0.5, 7.0 ] },
								"up": { "texture": "#iron", "uv": [ 0.0, 0.0, 2.0, 0.5 ] },
								"down": { "texture": "#iron", "uv": [ 0.0, 0.0, 2.0, 0.5 ] }
							}
						}
					]
				},
				{
					"name": "StandUpper",
					"from": [ 0.2, 16.0, 0.2 ], 
					"to": [ 1.8, 30.0, 1.8 ], 
					"rotationOrigin": [ 0.2, 16.0, 0.2 ],
					"faces": {
						"north": { "texture": "#iron", "uv": [ 0.0, 0.0, 1.5, 14.0 ] },
						"east": { "texture": "#iron", "uv": [ 0.0, 0.0, 1.5, 14.0 ] },
						"south": { "texture": "#iron", "uv": [ 0.0, 0.0, 1.5, 14.0 ] },
						"west": { "texture": "#iron", "uv": [ 0.0, 0.0, 1.5, 14.0 ] },
						"up": { "texture": "#iron", "uv": [ 0.0, 0.0, 1.5, 1.5 ] },
						"down": { "texture": "#iron", "uv": [ 0.0, 0.0, 1.5, 1.5 ] }
					},
					"children": [
						{
							"name": "Cube81",
							"from": [ -0.7, 14.0, -0.7 ], 
							"to": [ 2.3, 14.2, 2.3 ], 
							"rotationOrigin": [ -0.7, 14.0, -0.7 ],
							"faces": {
								"north": { "texture": "#iron", "uv": [ 0.0, 0.0, 3.0, 0.5 ] },
								"east": { "texture": "#iron", "uv": [ 0.0, 0.0, 3.0, 0.5 ] },
								"south": { "texture": "#iron", "uv": [ 0.0, 0.0, 3.0, 0.5 ] },
								"west": { "texture": "#iron", "uv": [ 0.0, 0.0, 3.0, 0.5 ] },
								"up": { "texture": "#iron", "uv": [ 0.0, 0.0, 3.0, 3.0 ] },
								"down": { "texture": "#iron", "uv": [ 0.0, 0.0, 3.0, 3.0 ] }
							},
							"children": [
								{
									"name": "Cube86",
									"from": [ 1.0, 0.2, 0.0 ], 
									"to": [ 2.0, 1.7, 0.5 ], 
									"rotationOrigin": [ 1.0, 0.2, 0.0 ],
									"faces": {
										"north": { "texture": "#iron", "uv": [ 0.0, 0.0, 1.0, 1.5 ] },
										"east": { "texture": "#iron", "uv": [ 0.0, 0.0, 0.5, 1.5 ] },
										"south": { "texture": "#iron", "uv": [ 0.0, 0.0, 1.0, 1.5 ] },
										"west": { "texture": "#iron", "uv": [ 0.0, 0.0, 0.5, 1.5 ] },
										"up": { "texture": "#iron", "uv": [ 0.0, 0.0, 1.0, 0.5 ] },
										"down": { "texture": "#iron", "uv": [ 0.0, 0.0, 1.0, 0.5 ] }
									}
								},
								{
									"name": "Cube87",
									"from": [ 1.0, 0.2, 2.5 ], 
									"to": [ 2.0, 1.7, 3.0 ], 
									"rotationOrigin": [ 1.0, 0.2, 2.5 ],
									"faces": {
										"north": { "texture": "#iron", "uv": [ 0.0, 0.0, 1.0, 1.5 ] },
										"east": { "texture": "#iron", "uv": [ 0.0, 0.0, 0.5, 1.5 ] },
										"south": { "texture": "#iron", "uv": [ 0.0, 0.0, 1.0, 1.5 ] },
										"west": { "texture": "#iron", "uv": [ 0.0, 0.0, 0.5, 1.5 ] },
										"up": { "texture": "#iron", "uv": [ 0.0, 0.0, 1.0, 0.5 ] },
										"down": { "texture": "#iron", "uv": [ 0.0, 0.0, 1.0, 0.5 ] }
									}
								},
								{
									"name": "Cube84",
									"from": [ 2.5, 0.2, 0.0 ], 
									"to": [ 3.0, 1.2, 0.5 ], 
									"rotationOrigin": [ 2.5, 0.2, 0.0 ],
									"faces": {
										"north": { "texture": "#iron", "uv": [ 0.0, 0.0, 0.5, 1.0 ] },
										"east": { "texture": "#iron", "uv": [ 0.0, 0.0, 0.5, 1.0 ] },
										"south": { "texture": "#iron", "uv": [ 0.0, 0.0, 0.5, 1.0 ] },
										"west": { "texture": "#iron", "uv": [ 0.0, 0.0, 0.5, 1.0 ] },
										"up": { "texture": "#iron", "uv": [ 0.0, 0.0, 0.5, 0.5 ] },
										"down": { "texture": "#iron", "uv": [ 0.0, 0.0, 0.5, 0.5 ] }
									}
								},
								{
									"name": "Cube85",
									"from": [ 2.5, 0.2, 2.5 ], 
									"to": [ 3.0, 1.2, 3.0 ], 
									"rotationOrigin": [ 2.5, 0.2, 2.5 ],
									"faces": {
										"north": { "texture": "#iron", "uv": [ 0.0, 0.0, 0.5, 1.0 ] },
										"east": { "texture": "#iron", "uv": [ 0.0, 0.0, 0.5, 1.0 ] },
										"south": { "texture": "#iron", "uv": [ 0.0, 0.0, 0.5, 1.0 ] },
										"west": { "texture": "#iron", "uv": [ 0.0, 0.0, 0.5, 1.0 ] },
										"up": { "texture": "#iron", "uv": [ 0.0, 0.0, 0.5, 0.5 ] },
										"down": { "texture": "#iron", "uv": [ 0.0, 0.0, 0.5, 0.5 ] }
									}
								},
								{
									"name": "Cube88",
									"from": [ 0.0, 0.2, 2.5 ], 
									"to": [ 0.5, 1.2, 3.0 ], 
									"rotationOrigin": [ 0.0, 0.2, 2.5 ],
									"faces": {
										"north": { "texture": "#iron", "uv": [ 0.0, 0.0, 0.5, 1.0 ] },
										"east": { "texture": "#iron", "uv": [ 0.0, 0.0, 0.5, 1.0 ] },
										"south": { "texture": "#iron", "uv": [ 0.0, 0.0, 0.5, 1.0 ] },
										"west": { "texture": "#iron", "uv": [ 0.0, 0.0, 0.5, 1.0 ] },
										"up": { "texture": "#iron", "uv": [ 0.0, 0.0, 0.5, 0.5 ] },
										"down": { "texture": "#iron", "uv": [ 0.0, 0.0, 0.5, 0.5 ] }
									}
								},
								{
									"name": "Cube89",
									"from": [ 0.0, 0.2, 0.0 ], 
									"to": [ 0.5, 1.2, 0.5 ], 
									"rotationOrigin": [ 0.0, 0.2, 0.0 ],
									"faces": {
										"north": { "texture": "#iron", "uv": [ 0.0, 0.0, 0.5, 1.0 ] },
										"east": { "texture": "#iron", "uv": [ 0.0, 0.0, 0.5, 1.0 ] },
										"south": { "texture": "#iron", "uv": [ 0.0, 0.0, 0.5, 1.0 ] },
										"west": { "texture": "#iron", "uv": [ 0.0, 0.0, 0.5, 1.0 ] },
										"up": { "texture": "#iron", "uv": [ 0.0, 0.0, 0.5, 0.5 ] },
										"down": { "texture": "#iron", "uv": [ 0.0, 0.0, 0.5, 0.5 ] }
									}
								},
								{
									"name": "Cube90",
									"from": [ 0.0, 0.2, 1.0 ], 
									"to": [ 0.5, 1.7, 2.0 ], 
									"rotationOrigin": [ 0.0, 0.2, 1.0 ],
									"faces": {
										"north": { "texture": "#iron", "uv": [ 0.0, 0.0, 0.5, 1.5 ] },
										"east": { "texture": "#iron", "uv": [ 0.0, 0.0, 1.0, 1.5 ] },
										"south": { "texture": "#iron", "uv": [ 0.0, 0.0, 0.5, 1.5 ] },
										"west": { "texture": "#iron", "uv": [ 0.0, 0.0, 1.0, 1.5 ] },
										"up": { "texture": "#iron", "uv": [ 0.0, 0.0, 0.5, 1.0 ] },
										"down": { "texture": "#iron", "uv": [ 0.0, 0.0, 0.5, 1.0 ] }
									}
								},
								{
									"name": "Cube91",
									"from": [ 2.5, 0.2, 1.0 ], 
									"to": [ 3.0, 1.7, 2.0 ], 
									"rotationOrigin": [ 2.5, 0.2, 1.0 ],
									"faces": {
										"north": { "texture": "#iron", "uv": [ 0.0, 0.0, 0.5, 1.5 ] },
										"east": { "texture": "#iron", "uv": [ 0.0, 0.0, 1.0, 1.5 ] },
										"south": { "texture": "#iron", "uv": [ 0.0, 0.0, 0.5, 1.5 ] },
										"west": { "texture": "#iron", "uv": [ 0.0, 0.0, 1.0, 1.5 ] },
										"up": { "texture": "#iron", "uv": [ 0.0, 0.0, 0.5, 1.0 ] },
										"down": { "texture": "#iron", "uv": [ 0.0, 0.0, 0.5, 1.0 ] }
									}
								}
							]
						}
					]
				}
			]
		},
		{
			"name": "Extender",
			"from": [ 7.5, 28.0, 5.7 ], 
			"to": [ 8.5, 29.0, 7.2 ], 
			"rotationOrigin": [ 8.0, 28.0, 8.0 ],
			"faces": {
				"north": { "texture": "#iron", "uv": [ 0.0, 0.0, 1.0, 1.0 ] },
				"east": { "texture": "#iron", "uv": [ 0.0, 0.0, 1.5, 1.0 ] },
				"south": { "texture": "#iron", "uv": [ 0.0, 0.0, 1.0, 1.0 ] },
				"west": { "texture": "#iron", "uv": [ 0.0, 0.0, 1.5, 1.0 ] },
				"up": { "texture": "#iron", "uv": [ 0.0, 0.0, 1.0, 1.5 ] },
				"down": { "texture": "#iron", "uv": [ 0.0, 0.0, 1.0, 1.5 ] }
			},
			"children": [
				{
					"name": "Cube27",
					"from": [ -1.0, 0.1, 0.1 ], 
					"to": [ 2.0, 0.9, 0.6 ], 
					"rotationOrigin": [ -1.0, 0.1, 0.1 ],
					"faces": {
						"north": { "texture": "#iron", "uv": [ 0.0, 0.0, 3.0, 0.5 ] },
						"east": { "texture": "#iron", "uv": [ 0.0, 0.0, 0.5, 0.5 ] },
						"south": { "texture": "#iron", "uv": [ 0.0, 0.0, 3.0, 0.5 ] },
						"west": { "texture": "#iron", "uv": [ 0.0, 0.0, 0.5, 0.5 ] },
						"up": { "texture": "#iron", "uv": [ 0.0, 0.0, 3.0, 0.5 ] },
						"down": { "texture": "#iron", "uv": [ 0.0, 0.0, 3.0, 0.5 ] }
					},
					"children": [
						{
							"name": "Cube28",
							"from": [ 0.4, 0.0, -1.8 ], 
							"to": [ 0.9, 0.7, 0.2 ], 
							"rotationOrigin": [ 0.4, 0.35, 0.2 ],
							"rotationX": 22.5,
							"faces": {
								"north": { "texture": "#iron", "uv": [ 0.0, 0.0, 0.5, 0.5 ] },
								"east": { "texture": "#iron", "uv": [ 0.0, 0.0, 2.0, 0.5 ] },
								"south": { "texture": "#iron", "uv": [ 0.0, 0.0, 0.5, 0.5 ] },
								"west": { "texture": "#iron", "uv": [ 0.0, 0.0, 2.0, 0.5 ] },
								"up": { "texture": "#iron", "uv": [ 0.0, 0.0, 0.5, 2.0 ] },
								"down": { "texture": "#iron", "uv": [ 0.0, 0.0, 0.5, 2.0 ] }
							}
						},
						{
							"name": "Cube29",
							"from": [ 2.1, 0.0, -1.8 ], 
							"to": [ 2.6, 0.7, 0.2 ], 
							"rotationOrigin": [ 2.1, 0.35, 0.2 ],
							"rotationX": 22.5,
							"faces": {
								"north": { "texture": "#iron", "uv": [ 0.0, 0.0, 0.5, 0.5 ] },
								"east": { "texture": "#iron", "uv": [ 0.0, 0.0, 2.0, 0.5 ] },
								"south": { "texture": "#iron", "uv": [ 0.0, 0.0, 0.5, 0.5 ] },
								"west": { "texture": "#iron", "uv": [ 0.0, 0.0, 2.0, 0.5 ] },
								"up": { "texture": "#iron", "uv": [ 0.0, 0.0, 0.5, 2.0 ] },
								"down": { "texture": "#iron", "uv": [ 0.0, 0.0, 0.5, 2.0 ] }
							}
						}
					]
				}
			]
		},
		{
			"name": "Extender30",
			"from": [ 7.5, 28.0, 5.7 ], 
			"to": [ 8.5, 29.0, 7.2 ], 
			"rotationOrigin": [ 8.0, 28.0, 8.0 ],
			"rotationY": -180.0,
			"faces": {
				"north": { "texture": "#iron", "uv": [ 0.0, 0.0, 1.0, 1.0 ] },
				"east": { "texture": "#iron", "uv": [ 0.0, 0.0, 1.5, 1.0 ] },
				"south": { "texture": "#iron", "uv": [ 0.0, 0.0, 1.0, 1.0 ] },
				"west": { "texture": "#iron", "uv": [ 0.0, 0.0, 1.5, 1.0 ] },
				"up": { "texture": "#iron", "uv": [ 0.0, 0.0, 1.0, 1.5 ] },
				"down": { "texture": "#iron", "uv": [ 0.0, 0.0, 1.0, 1.5 ] }
			},
			"children": [
				{
					"name": "Cube31",
					"from": [ -1.0, 0.1, 0.1 ], 
					"to": [ 2.0, 0.9, 0.6 ], 
					"rotationOrigin": [ -1.0, 0.1, 0.1 ],
					"faces": {
						"north": { "texture": "#iron", "uv": [ 0.0, 0.0, 3.0, 0.5 ] },
						"east": { "texture": "#iron", "uv": [ 0.0, 0.0, 0.5, 0.5 ] },
						"south": { "texture": "#iron", "uv": [ 0.0, 0.0, 3.0, 0.5 ] },
						"west": { "texture": "#iron", "uv": [ 0.0, 0.0, 0.5, 0.5 ] },
						"up": { "texture": "#iron", "uv": [ 0.0, 0.0, 3.0, 0.5 ] },
						"down": { "texture": "#iron", "uv": [ 0.0, 0.0, 3.0, 0.5 ] }
					},
					"children": [
						{
							"name": "Cube32",
							"from": [ 0.4, 0.0, -1.8 ], 
							"to": [ 0.9, 0.7, 0.2 ], 
							"rotationOrigin": [ 0.4, 0.35, 0.2 ],
							"rotationX": 22.5,
							"faces": {
								"north": { "texture": "#iron", "uv": [ 0.0, 0.0, 0.5, 0.5 ] },
								"east": { "texture": "#iron", "uv": [ 0.0, 0.0, 2.0, 0.5 ] },
								"south": { "texture": "#iron", "uv": [ 0.0, 0.0, 0.5, 0.5 ] },
								"west": { "texture": "#iron", "uv": [ 0.0, 0.0, 2.0, 0.5 ] },
								"up": { "texture": "#iron", "uv": [ 0.0, 0.0, 0.5, 2.0 ] },
								"down": { "texture": "#iron", "uv": [ 0.0, 0.0, 0.5, 2.0 ] }
							}
						},
						{
							"name": "Cube33",
							"from": [ 2.1, 0.0, -1.8 ], 
							"to": [ 2.6, 0.7, 0.2 ], 
							"rotationOrigin": [ 2.1, 0.35, 0.2 ],
							"rotationX": 22.5,
							"faces": {
								"north": { "texture": "#iron", "uv": [ 0.0, 0.0, 0.5, 0.5 ] },
								"east": { "texture": "#iron", "uv": [ 0.0, 0.0, 2.0, 0.5 ] },
								"south": { "texture": "#iron", "uv": [ 0.0, 0.0, 0.5, 0.5 ] },
								"west": { "texture": "#iron", "uv": [ 0.0, 0.0, 2.0, 0.5 ] },
								"up": { "texture": "#iron", "uv": [ 0.0, 0.0, 0.5, 2.0 ] },
								"down": { "texture": "#iron", "uv": [ 0.0, 0.0, 0.5, 2.0 ] }
							}
						}
					]
				}
			]
		},
		{
			"name": "Extender34",
			"from": [ 7.5, 28.0, 5.7 ], 
			"to": [ 8.5, 29.0, 7.2 ], 
			"rotationOrigin": [ 8.0, 28.0, 8.0 ],
			"rotationY": -90.0,
			"faces": {
				"north": { "texture": "#iron", "uv": [ 0.0, 0.0, 1.0, 1.0 ] },
				"east": { "texture": "#iron", "uv": [ 0.0, 0.0, 1.5, 1.0 ] },
				"south": { "texture": "#iron", "uv": [ 0.0, 0.0, 1.0, 1.0 ] },
				"west": { "texture": "#iron", "uv": [ 0.0, 0.0, 1.5, 1.0 ] },
				"up": { "texture": "#iron", "uv": [ 0.0, 0.0, 1.0, 1.5 ] },
				"down": { "texture": "#iron", "uv": [ 0.0, 0.0, 1.0, 1.5 ] }
			},
			"children": [
				{
					"name": "Cube35",
					"from": [ -1.0, 0.1, 0.1 ], 
					"to": [ 2.0, 0.9, 0.6 ], 
					"rotationOrigin": [ -1.0, 0.1, 0.1 ],
					"faces": {
						"north": { "texture": "#iron", "uv": [ 0.0, 0.0, 3.0, 0.5 ] },
						"east": { "texture": "#iron", "uv": [ 0.0, 0.0, 0.5, 0.5 ] },
						"south": { "texture": "#iron", "uv": [ 0.0, 0.0, 3.0, 0.5 ] },
						"west": { "texture": "#iron", "uv": [ 0.0, 0.0, 0.5, 0.5 ] },
						"up": { "texture": "#iron", "uv": [ 0.0, 0.0, 3.0, 0.5 ] },
						"down": { "texture": "#iron", "uv": [ 0.0, 0.0, 3.0, 0.5 ] }
					},
					"children": [
						{
							"name": "Cube36",
							"from": [ 0.4, 0.0, -1.8 ], 
							"to": [ 0.9, 0.7, 0.2 ], 
							"rotationOrigin": [ 0.4, 0.35, 0.2 ],
							"rotationX": 22.5,
							"faces": {
								"north": { "texture": "#iron", "uv": [ 0.0, 0.0, 0.5, 0.5 ] },
								"east": { "texture": "#iron", "uv": [ 0.0, 0.0, 2.0, 0.5 ] },
								"south": { "texture": "#iron", "uv": [ 0.0, 0.0, 0.5, 0.5 ] },
								"west": { "texture": "#iron", "uv": [ 0.0, 0.0, 2.0, 0.5 ] },
								"up": { "texture": "#iron", "uv": [ 0.0, 0.0, 0.5, 2.0 ] },
								"down": { "texture": "#iron", "uv": [ 0.0, 0.0, 0.5, 2.0 ] }
							}
						},
						{
							"name": "Cube37",
							"from": [ 2.1, 0.0, -1.8 ], 
							"to": [ 2.6, 0.7, 0.2 ], 
							"rotationOrigin": [ 2.1, 0.35, 0.2 ],
							"rotationX": 22.5,
							"faces": {
								"north": { "texture": "#iron", "uv": [ 0.0, 0.0, 0.5, 0.5 ] },
								"east": { "texture": "#iron", "uv": [ 0.0, 0.0, 2.0, 0.5 ] },
								"south": { "texture": "#iron", "uv": [ 0.0, 0.0, 0.5, 0.5 ] },
								"west": { "texture": "#iron", "uv": [ 0.0, 0.0, 2.0, 0.5 ] },
								"up": { "texture": "#iron", "uv": [ 0.0, 0.0, 0.5, 2.0 ] },
								"down": { "texture": "#iron", "uv": [ 0.0, 0.0, 0.5, 2.0 ] }
							}
						}
					]
				}
			]
		},
		{
			"name": "Extender38",
			"from": [ 7.5, 28.0, 5.7 ], 
			"to": [ 8.5, 29.0, 7.2 ], 
			"rotationOrigin": [ 8.0, 28.0, 8.0 ],
			"rotationY": 90.0,
			"faces": {
				"north": { "texture": "#iron", "uv": [ 0.0, 0.0, 1.0, 1.0 ] },
				"east": { "texture": "#iron", "uv": [ 0.0, 0.0, 1.5, 1.0 ] },
				"south": { "texture": "#iron", "uv": [ 0.0, 0.0, 1.0, 1.0 ] },
				"west": { "texture": "#iron", "uv": [ 0.0, 0.0, 1.5, 1.0 ] },
				"up": { "texture": "#iron", "uv": [ 0.0, 0.0, 1.0, 1.5 ] },
				"down": { "texture": "#iron", "uv": [ 0.0, 0.0, 1.0, 1.5 ] }
			},
			"children": [
				{
					"name": "Cube39",
					"from": [ -1.0, 0.1, 0.1 ], 
					"to": [ 2.0, 0.9, 0.6 ], 
					"rotationOrigin": [ -1.0, 0.1, 0.1 ],
					"faces": {
						"north": { "texture": "#iron", "uv": [ 0.0, 0.0, 3.0, 0.5 ] },
						"east": { "texture": "#iron", "uv": [ 0.0, 0.0, 0.5, 0.5 ] },
						"south": { "texture": "#iron", "uv": [ 0.0, 0.0, 3.0, 0.5 ] },
						"west": { "texture": "#iron", "uv": [ 0.0, 0.0, 0.5, 0.5 ] },
						"up": { "texture": "#iron", "uv": [ 0.0, 0.0, 3.0, 0.5 ] },
						"down": { "texture": "#iron", "uv": [ 0.0, 0.0, 3.0, 0.5 ] }
					},
					"children": [
						{
							"name": "Cube40",
							"from": [ 0.4, 0.0, -1.8 ], 
							"to": [ 0.9, 0.7, 0.2 ], 
							"rotationOrigin": [ 0.4, 0.35, 0.2 ],
							"rotationX": 22.5,
							"faces": {
								"north": { "texture": "#iron", "uv": [ 0.0, 0.0, 0.5, 0.5 ] },
								"east": { "texture": "#iron", "uv": [ 0.0, 0.0, 2.0, 0.5 ] },
								"south": { "texture": "#iron", "uv": [ 0.0, 0.0, 0.5, 0.5 ] },
								"west": { "texture": "#iron", "uv": [ 0.0, 0.0, 2.0, 0.5 ] },
								"up": { "texture": "#iron", "uv": [ 0.0, 0.0, 0.5, 2.0 ] },
								"down": { "texture": "#iron", "uv": [ 0.0, 0.0, 0.5, 2.0 ] }
							}
						},
						{
							"name": "Cube41",
							"from": [ 2.1, 0.0, -1.8 ], 
							"to": [ 2.6, 0.7, 0.2 ], 
							"rotationOrigin": [ 2.1, 0.35, 0.2 ],
							"rotationX": 22.5,
							"faces": {
								"north": { "texture": "#iron", "uv": [ 0.0, 0.0, 0.5, 0.5 ] },
								"east": { "texture": "#iron", "uv": [ 0.0, 0.0, 2.0, 0.5 ] },
								"south": { "texture": "#iron", "uv": [ 0.0, 0.0, 0.5, 0.5 ] },
								"west": { "texture": "#iron", "uv": [ 0.0, 0.0, 2.0, 0.5 ] },
								"up": { "texture": "#iron", "uv": [ 0.0, 0.0, 0.5, 2.0 ] },
								"down": { "texture": "#iron", "uv": [ 0.0, 0.0, 0.5, 2.0 ] }
							}
						}
					]
				}
			]
		}
	]}