{
	code: "acornbreadedfishnugget",
	
	maxstacksize: 64,
	variantgroups: [
	
		{ code: "type", states: ["spelt", "rye", "flax", "rice" ] },	
		{ code: "state", states: ["smashed", "raw", "cooked", "tender" ] },
	],
	
	shapebytype:	{
		"acornbreadedfishnugget-*-tender": {base: "item/food/primitivesurvival/fish-tender"},
		"acornbreadedfishnugget-*-smashed": {base: "item/food/primitivesurvival/fish-smash"},
		"acornbreadedfishnugget-*-raw": {base: "item/food/meat/poultry-nugget"},
		"acornbreadedfishnugget-*-cooked":   {base: "item/food/meat/poultry-cooked"},
	},
	textures: {

		"cooked": {base: "item/food/grain/breading/acorn-cooked" },
		"meat": {base: "item/food/grain/breading/acorn-raw" },
		"raw": {base: "item/food/grain/breading/acorn-raw" },
	},

	creativeinventory: { "general": ["*"], "items": ["*"] },

	nutritionPropsByType: {
		"*-flax-cooked": { satiety: 460, foodcategory: "Protein" },

		"*-rice-cooked": { satiety: 660, foodcategory: "Protein" },
		"*-cooked": { satiety: 640, foodcategory: "Protein" },
		"*-flax-tender": { satiety: 450, foodcategory: "Protein" },
		"*-rice-tender": { satiety: 650, foodcategory: "Protein" },
		"*-tender": { satiety: 630, foodcategory: "Protein" },
	},

	transitionablePropsByType: {

		"*-smashed": [
{
		
			type: "Perish",

			freshHours: { avg: 24 },
	
			transitionHours: { avg: 48 },
	
			transitionedStack: { type: "item", code: "game:rot" },

			transitionRatio: 1

			}

		],

		"*-tender": [{

			type: "Perish",

			freshHours: { avg: 100 },

			transitionHours: { avg: 72 },

			transitionedStack: { type: "item", code: "game:rot" },

			transitionRatio: 1
		
		}],
		"*-raw": [
{
		
			type: "Perish",

			freshHours: { avg: 18 },
	
			transitionHours: { avg: 72 },
	
			transitionedStack: { type: "item", code: "game:rot" },

			transitionRatio: 1

			}

		],

		"*-cooked": [{

			type: "Perish",

			freshHours: { avg: 60 },

			transitionHours: { avg: 96 },

			transitionedStack: { type: "item", code: "game:rot" },

			transitionRatio: 1
		
		}],
	},

	materialDensity: 600,

	guiTransformByType: {

		"*-cooked": {

			rotate: false,
			translation: { x: 0.0, y: 0, z: 0 },

			rotation: { x: 171, y: -122, z: 28 },

			origin: { x: 0.43, y: 0.04, z: 0.53 },

			scale: 7
		},

		"*-raw": {

			rotate: false,
			translation: { x: 0.0, y: 0, z: 0 },

			rotation: { x: 171, y: -122, z: 28 },

			origin: { x: 0.43, y: 0.04, z: 0.53 },

			scale: 7
		},

		"*-tender": {

			rotate: false,

			translation: { x: 0, y: 0, z: 0 },

			rotation: { x: -60, y: -158, z: -180 },
			origin: { x: 0.45, y: 0, z: 0.55 },

			scale: 1.54
		}
,
		"*-smashed": {

			rotate: false,

			translation: { x: 0, y: 0, z: 0 },

			rotation: { x: -60, y: -158, z: -180 },
			origin: { x: 0.45, y: 0, z: 0.55 },

			scale: 1.54
		}

	},

	fpHandTransformByType: {

		"*-tender": {
			translation: { x: -0.06, y: 0.36, z: 0.23 },

			rotation: { x: 45, y: 0, z: 0 },

			origin: { x: 0.5, y: 0.1, z: 0.5 },

			scale: 1
		},
		"*-smashed": {
			translation: { x: -0.06, y: 0.36, z: 0.23 },

			rotation: { x: 45, y: 0, z: 0 },

			origin: { x: 0.5, y: 0.1, z: 0.5 },

			scale: 1
		},
		"*": {
			translation: { x: -0.06, y: 0.36, z: 0.23 },

			rotation: { x: 86, y: -83, z: 24 },

			origin: { x: 0.5, y: 0.1, z: 0.5 },

		scale: 5
		},
	},

	tpHandTransformByType: {

		"*-tender": {
			translation: { x: 0, y: 0, z: 0 },

			rotation: { x: 0, y: 0, z: -13 },

			origin: { x: 0.13, y: 0, z: 0.14 },

			scale: 0.4	
		},
		"*-smashed": {
			translation: { x: 0, y: 0, z: 0 },

			rotation: { x: 0, y: 0, z: -13 },

			origin: { x: 0.13, y: 0, z: 0.14 },

			scale: 0.4	
		},
		"*": {
			translation: { x: 0, y: 0, z: 0 },

			rotation: { x: 5, y: 41, z: -31 },

			origin: { x: 0.23, y: 0, z: 0.13 },

			scale: 1.5	
		},
	},

	groundTransformByType: {

		"*-tender": {
			translation: { x: 0, y: 0, z: 0 },

			rotation: { x: 0, y: 0, z: 0 },

			origin: { x: 0, y: 0, z: 0. },

			scale: 2		},
		"*-smashed": {
			translation: { x: 0, y: 0, z: 0 },

			rotation: { x: 0, y: 0, z: 0 },

			origin: { x: 0, y: 0, z: 0. },

			scale: 2		},
		"*": {
			translation: { x: 0, y: 0, z: 0 },

			rotation: { x: 180, y: 33, z: -180 },

			origin: { x: 0.5, y: 0, z: 0.5 },

			scale: 10

		},
	},

	combustiblePropsByType: {

		"acornbreadedfishnugget-*-raw": {

			meltingPoint: 150,

			meltingDuration: 30,

			smeltedRatio: 1,

			smeltingType: "cook",

			smeltedStack: { type: "item", code: "acornbreadedfishnugget-{type}-cooked" },

			requiresContainer: false

		},
		"acornbreadedfishnugget-*-smashed": {

			meltingPoint: 150,

			meltingDuration: 30,

			smeltedRatio: 1,

			smeltingType: "cook",

			smeltedStack: { type: "item", code: "acornbreadedfishnugget-{type}-tender" },

			requiresContainer: false

		},
	}
}