{
	code: "fishyfishnugget",
	
	maxstacksize: 64,
	variantgroups: [
	
		{ code: "type", states: ["spelt", "rye", "flax", "rice" ] },	
		{ code: "state", states: ["cooked", "tender" ] },
	],
	
	shapebytype:	{
		"fishyfishnugget-*-tender": {base: "item/food/primitivesurvival/fish-tender"},
		"fishyfishnugget-*-cooked":   {base: "item/food/meat/poultry-cooked"},
	},
	textures: {

		"cooked": {base: "item/food/grain/breading/{type}-fish" },
	},

	creativeinventory: { "general": ["*"], "items": ["*"] },

	nutritionPropsByType: {
		"*-flax-cooked": { satiety: 570, foodcategory: "Protein" },

		"*-rice-cooked": { satiety: 730, foodcategory: "Protein" },
		"*-cooked": { satiety: 710, foodcategory: "Protein" },
		"*-flax-tender": { satiety: 560, foodcategory: "Protein" },
		"*-rice-tender": { satiety: 720, foodcategory: "Protein" },
		"*-tender": { satiety: 700, foodcategory: "Protein" },
	},

	transitionablePropsByType: {

		"*-tender": [{

			type: "Perish",

			freshHours: { avg: 100 },

			transitionHours: { avg: 72 },

			transitionedStack: { type: "item", code: "game:rot" },

			transitionRatio: 1
		
		}],
		"*-cooked": [{

			type: "Perish",

			freshHours: { avg: 60 },

			transitionHours: { avg: 96 },

			transitionedStack: { type: "item", code: "game:rot" },

			transitionRatio: 1
		
		}],
	},

	materialDensity: 600,

	guiTransformByType: {

		"*-cooked": {

			rotate: false,
			translation: { x: 0.0, y: 0, z: 0 },

			rotation: { x: 171, y: -122, z: 28 },

			origin: { x: 0.43, y: 0.04, z: 0.53 },

			scale: 7
		},

		"*-tender": {

			rotate: false,

			translation: { x: 0, y: 0, z: 0 },

			rotation: { x: -60, y: -158, z: -180 },
			origin: { x: 0.45, y: 0, z: 0.55 },

			scale: 1.54
		}
,
	},

	fpHandTransformByType: {

		"*-tender": {
			translation: { x: -0.06, y: 0.36, z: 0.23 },

			rotation: { x: 45, y: 0, z: 0 },

			origin: { x: 0.5, y: 0.1, z: 0.5 },

			scale: 1
		},
		"*": {
			translation: { x: -0.06, y: 0.36, z: 0.23 },

			rotation: { x: 86, y: -83, z: 24 },

			origin: { x: 0.5, y: 0.1, z: 0.5 },

		scale: 5
		},
	},

	tpHandTransformByType: {

		"*-tender": {
			translation: { x: 0, y: 0, z: 0 },

			rotation: { x: 0, y: 0, z: -13 },

			origin: { x: 0.13, y: 0, z: 0.14 },

			scale: 0.4	
		},
		"*": {
			translation: { x: 0, y: 0, z: 0 },

			rotation: { x: 5, y: 41, z: -31 },

			origin: { x: 0.23, y: 0, z: 0.13 },

			scale: 1.5	
		},
	},

	groundTransformByType: {

		"*-tender": {
			translation: { x: 0, y: 0, z: 0 },

			rotation: { x: 0, y: 0, z: 0 },

			origin: { x: 0, y: 0, z: 0. },

			scale: 2		},
		"*": {
			translation: { x: 0, y: 0, z: 0 },

			rotation: { x: 180, y: 33, z: -180 },

			origin: { x: 0.5, y: 0, z: 0.5 },

			scale: 10

		},
	},


}