{
	code: "fishnugget",
	
	maxstacksize: 64,
	attributes: {
		nutritionPropsWhenInMealByType: { 
			"fishnugget-raw": {satiety: 90, foodcategory: "Protein"},
			"fishnugget-smashed": {satiety: 81, foodcategory: "Protein"},
			},

	},
	variantgroups: [
	
		{ code: "type", states: ["smashed", "raw", "cooked", "tender" ] },
	],
	
	shapebytype:	{
		"fishnugget-tender": {base: "item/food/primitivesurvival/fish-tender"},
		"fishnugget-smashed": {base: "item/food/primitivesurvival/fish-smash"},
		"fishnugget-raw": {base: "item/food/meat/poultry-nugget"},
		"fishnugget-cooked":   {base: "item/food/meat/poultry-cooked"},
	},
	textures: {

		"cooked": {base: "primitivesurvival:item/fishing/fillet-cooked" },
		"meat": {base: "primitivesurvival:item/fishing/fillet-raw" },
		"raw": {base: "primitivesurvival:item/fishing/fillet-raw" },
	},

	creativeinventory: { "general": ["*"], "items": ["*"] },

	nutritionPropsByType: {
			"fishnugget-cooked": {satiety: 60, foodcategory: "Protein"},
			"fishnugget-tender": {satiety: 54, foodcategory: "Protein"},
	},

	transitionablePropsByType: {

		"*-smashed": [
{
		
			type: "Perish",

			freshHours: { avg: 24 },
	
			transitionHours: { avg: 48 },
	
			transitionedStack: { type: "item", code: "game:rot" },

			transitionRatio: 1

			}

		],

		"*-tender": [{

			type: "Perish",

			freshHours: { avg: 100 },

			transitionHours: { avg: 72 },

			transitionedStack: { type: "item", code: "game:rot" },

			transitionRatio: 1
		
		}],
		"*-raw": [
{
		
			type: "Perish",

			freshHours: { avg: 18 },
	
			transitionHours: { avg: 72 },
	
			transitionedStack: { type: "item", code: "game:rot" },

			transitionRatio: 1

			}

		],

		"*-cooked": [{

			type: "Perish",

			freshHours: { avg: 60 },

			transitionHours: { avg: 96 },

			transitionedStack: { type: "item", code: "game:rot" },

			transitionRatio: 1
		
		}],
	},

	materialDensity: 600,

	guiTransformByType: {

		"*-cooked": {

			rotate: false,
			translation: { x: 0.0, y: 0, z: 0 },

			rotation: { x: 171, y: -122, z: 28 },

			origin: { x: 0.43, y: 0.04, z: 0.53 },

			scale: 7
		},

		"*-raw": {

			rotate: false,
			translation: { x: 0.0, y: 0, z: 0 },

			rotation: { x: 171, y: -122, z: 28 },

			origin: { x: 0.43, y: 0.04, z: 0.53 },

			scale: 7
		},

		"*-tender": {

			rotate: false,

			translation: { x: 0, y: 0, z: 0 },

			rotation: { x: -60, y: -158, z: -180 },
			origin: { x: 0.45, y: 0, z: 0.55 },

			scale: 1.54
		}
,
		"*-smashed": {

			rotate: false,

			translation: { x: 0, y: 0, z: 0 },

			rotation: { x: -60, y: -158, z: -180 },
			origin: { x: 0.45, y: 0, z: 0.55 },

			scale: 1.54
		}

	},

	fpHandTransformByType: {

		"*-tender": {
			translation: { x: -0.06, y: 0.36, z: 0.23 },

			rotation: { x: 45, y: 0, z: 0 },

			origin: { x: 0.5, y: 0.1, z: 0.5 },

			scale: 1
		},
		"*-smashed": {
			translation: { x: -0.06, y: 0.36, z: 0.23 },

			rotation: { x: 45, y: 0, z: 0 },

			origin: { x: 0.5, y: 0.1, z: 0.5 },

			scale: 1
		},
		"*": {
			translation: { x: -0.06, y: 0.36, z: 0.23 },

			rotation: { x: 86, y: -83, z: 24 },

			origin: { x: 0.5, y: 0.1, z: 0.5 },

		scale: 5
		},
	},

	tpHandTransformByType: {

		"*-tender": {
			translation: { x: 0, y: 0, z: 0 },

			rotation: { x: 0, y: 0, z: -13 },

			origin: { x: 0.13, y: 0, z: 0.14 },

			scale: 0.4	
		},
		"*-smashed": {
			translation: { x: 0, y: 0, z: 0 },

			rotation: { x: 0, y: 0, z: -13 },

			origin: { x: 0.13, y: 0, z: 0.14 },

			scale: 0.4	
		},
		"*": {
			translation: { x: 0, y: 0, z: 0 },

			rotation: { x: 5, y: 41, z: -31 },

			origin: { x: 0.23, y: 0, z: 0.13 },

			scale: 1.5	
		},
	},

	groundTransformByType: {

		"*-tender": {
			translation: { x: 0, y: 0, z: 0 },

			rotation: { x: 0, y: 0, z: 0 },

			origin: { x: 0, y: 0, z: 0. },

			scale: 2		},
		"*-smashed": {
			translation: { x: 0, y: 0, z: 0 },

			rotation: { x: 0, y: 0, z: 0 },

			origin: { x: 0, y: 0, z: 0. },

			scale: 2		},
		"*": {
			translation: { x: 0, y: 0, z: 0 },

			rotation: { x: 180, y: 33, z: -180 },

			origin: { x: 0.5, y: 0, z: 0.5 },

			scale: 10

		},
	},

	combustiblePropsByType: {

		"fishnugget-raw": {

			meltingPoint: 150,

			meltingDuration: 30,

			smeltedRatio: 1,

			smeltingType: "cook",

			smeltedStack: { type: "item", code: "fishnugget-cooked" },

			requiresContainer: false

		},
		"fishnugget-smashed": {

			meltingPoint: 150,

			meltingDuration: 30,

			smeltedRatio: 1,

			smeltingType: "cook",

			smeltedStack: { type: "item", code: "fishnugget-tender" },

			requiresContainer: false

		},
	}
}