{
	code: "fishdumpling",
	
	maxstacksize: 32,
	attributes: {
		nutritionPropsWhenInMealByType: { 
			"fishdumpling-flax-raw": {satiety: 735, foodcategory: "Protein"},
			"fishdumpling-rice-raw": {satiety: 990, foodcategory: "Protein"},
			"fishdumpling-*-raw": {satiety: 945, foodcategory: "Protein"},
			},

		displaycaseable: true,
		
		shelvable: true
,
		},		
	variantgroups: [

		{ code: "grain", states: ["spelt", "rye", "flax", "rice"]},	
		{ code: "state", states: ["raw", "cooked"] },
	],
	
	shapebytype:	{
		"fishdumpling-flax-raw": {base: "item/food/dumpling/dumplingflaxraw"},
		"fishdumpling-flax-cooked": {base: "item/food/dumpling/dumplingflaxcooked"},
		"fishdumpling-rice-raw": {base: "item/food/dumpling/dumplingriceraw"},
		"fishdumpling-rice-cooked": {base: "item/food/dumpling/dumplingricecooked"},
		"fishdumpling-rye-raw": {base: "item/food/dumpling/dumplingryeraw"},
		"fishdumpling-rye-cooked": {base: "item/food/dumpling/dumplingryecooked"},
		"fishdumpling-spelt-raw": {base: "item/food/dumpling/dumplingspeltraw"},
		"fishdumpling-spelt-cooked": {base: "item/food/dumpling/dumplingspeltcooked"},
	},
	creativeinventory: { "general": ["*"], "items": ["*"] },

	nutritionPropsByType: {
			"*-flax-cooked": {satiety: 490, foodcategory: "Protein"},
			"*-rice-cooked": {satiety: 660, foodcategory: "Protein"},
			"*-cooked": {satiety: 630, foodcategory: "Protein"},
	},

	transitionablePropsByType: {

		"*-raw": [
{
		
			type: "Perish",

			freshHours: { avg: 96 },
	
			transitionHours: { avg: 24 },
	
			transitionedStack: { type: "item", code: "game:rot" },

			transitionRatio: 1

			}

		],

		"*-cooked": [{

			type: "Perish",

			freshHours: { avg: 192 },

			transitionHours: { avg: 24 },

			transitionedStack: { type: "item", code: "game:rot" },

			transitionRatio: 1
		
		}],
	},

	materialDensity: 600,

	guiTransform: {
translation: { x: 0, y: 0, z: 0 },
rotation: { x: -37, y: 142, z: -180 },
	origin: { x: 0.46, y: 0, z: 0.55 },
scale: 4.2
},
	fpHandTransform: {
translation: { x: -0.06, y: 0.36, z: 0.23 },
 rotation: { x: 53, y: 15, z: 11 },
 origin: { x: 0.5, y: 0.1, z: 0.5 },
 scale: 1.77
 },
	tpHandTransform: {
translation: { x: 0.1, y: -0.1, z: -0.25 },
 rotation: { x: -19, y: 61, z: -34 },
 origin: { x: 0.23, y: 0, z: 0.13 },
 scale: 0.57
 },
	groundTransform: {
translation: { x: 0, y: 0, z: 0 },
 rotation: { x: 0, y: 0, z: 0 },
 origin: { x: 0, y: 0, z: 0 },
 scale: 4
},
	combustiblePropsByType: {

		"fishdumpling-*-raw": {

			meltingPoint: 150,

			meltingDuration: 30,

			smeltedRatio: 1,

			smeltingType: "cook",

			smeltedStack: { type: "item", code: "fishdumpling-{grain}-cooked" },

			requiresContainer: false

		},
	}
}