{
	code: "pemmicanfish",
	maxstacksize: 64,
	attributes: {
		displaycaseable: true,
		shelvable: true
	},
	variantgroups: [
		{ code: "type", states: ["plain", "ball", "block" ] }
	],
	shapebytype: {
		"pemmicanfish-ball": { base: "item/food/pemmican-ball"},
		"pemmicanfish-*": { base: "item/food/pemmican-block"},
	},
	textures: { 
		all: { base: "item/food/pemmican/fish/pemmicanfish-{type}"},
},
	creativeinventory: { "general": ["*"], "items": ["*"] },
	nutritionPropsByType: {
		"*-plain": { saturation: 220, foodcategory: "Protein" },
		"*-ball": { saturation: 160, foodcategory: "Protein" },
	},
	combustiblePropsByType: {
		"pemmicanfish-ball": {
			meltingPoint: 110,
			meltingDuration: 20,
			smeltedRatio: 1,
			smeltingType: "cook",
			smeltedStack: { type: "item", code: "pemmicanfish-plain" },
			requiresContainer: false
		},
	},
	transitionableProps: [{
		type: "Perish",
		freshHours: { avg: 3160 },
		transitionHours: { avg: 112 },
		transitionedStack: { type: "item", code: "game:rot" },
		transitionRatio: 1
		}],
	guiTransform: {
		translation: { x: 3, y: 0, z: 0 },
		rotation: { x: -28, y: 203, z: 180 },
		origin: { x: 0.5, y: 0.07, z: 0.5 },
		scale: 5
	},
	groundTransform: {
		translation: { x: 0, y: 0, z: 0 },
		rotation: { x: 0, y: 0, z: 1 },
		origin: { x: 0.5, y: 0, z: 0.5 },
		scale: 4.5
	},
	tpHandTransform: {
		translation: { x: -0.54, y: -0.16, z: -0.4 },
		rotation: { x: 44, y: -69, z: 2 },
		origin: { x: 0.5, y: 0.13, z: 0.5 },
		scale: 1
	},
	fpHandTransform: {
		translation: { x: 0, y: 0.24, z: 0.3 },
		rotation: { x: 104, y: 0, z: 71 },
		origin: { x: 0.5, y: 0.1, z: 0.5 },
		scale: 2.5
	}

	
}