{
	code: "sushi",
	maxstacksize: 32,
	attributes: {
		displaycaseable: true,
		shelvable: true
	},
	variantgroups: [
		{ code: "type", states: ["salted", "saltless"] },
		{ code: "veggie", states: ["cabbage", "carrot", "onion", "parsnip", "bolete", "fieldmushroom", "soybean", "turnip", "noveggie"] },
		{ code: "oiled", states: ["nooil", "oil", "honey"]},
	],
	skipVariants: ["*-saltless-soybean-*"],
	materialDensity: 150,
        shapebytype: { 
		"sushi-*-cabbage-nooil": {base: "item/food/primitivesurvival/sushi-cabbage"},
		"sushi-*-cabbage-oil": {base: "item/food/primitivesurvival/sushi-cabbage-sauce"},
		"sushi-*-cabbage-honey": {base: "item/food/primitivesurvival/sushi-cabbage-honey"},
		"sushi-*-carrot-nooil": {base: "item/food/primitivesurvival/sushi-carrot"},
		"sushi-*-carrot-oil": {base: "item/food/primitivesurvival/sushi-carrot-sauce"},	
		"sushi-*-carrot-honey": {base: "item/food/primitivesurvival/sushi-carrot-honey"},	
		"sushi-*-onion-nooil": {base: "item/food/primitivesurvival/sushi-onion"},
		"sushi-*-onion-oil": {base: "item/food/primitivesurvival/sushi-onion-sauce"},
		"sushi-*-onion-honey": {base: "item/food/primitivesurvival/sushi-onion-honey"},
		"sushi-*-parsnip-nooil": {base: "item/food/primitivesurvival/sushi-parsnip"},
		"sushi-*-parsnip-oil": {base: "item/food/primitivesurvival/sushi-parsnip-sauce"},
		"sushi-*-parsnip-honey": {base: "item/food/primitivesurvival/sushi-parsnip-honey"},
		"sushi-*-bolete-nooil": {base: "item/food/primitivesurvival/sushi-bolete"},
		"sushi-*-bolete-oil": {base: "item/food/primitivesurvival/sushi-bolete-sauce"},
		"sushi-*-bolete-honey": {base: "item/food/primitivesurvival/sushi-bolete-honey"},		
		"sushi-*-fieldmushroom-nooil": {base: "item/food/primitivesurvival/sushi-fieldmushroom"},
		"sushi-*-fieldmushroom-oil": {base: "item/food/primitivesurvival/sushi-fieldmushroom-sauce"},
		"sushi-*-fieldmushroom-honey": {base: "item/food/primitivesurvival/sushi-fieldmushroom-honey"},
		"sushi-*-soybean-nooil": {base: "item/food/primitivesurvival/sushi-soybean"},
		"sushi-*-soybean-oil": {base: "item/food/primitivesurvival/sushi-soybean-sauce"},
		"sushi-*-soybean-honey": {base: "item/food/primitivesurvival/sushi-soybean-honey"},
		"sushi-*-turnip-nooil": {base: "item/food/primitivesurvival/sushi-turnip"},
		"sushi-*-turnip-oil": {base: "item/food/primitivesurvival/sushi-turnip-sauce"},
		"sushi-*-turnip-honey": {base: "item/food/primitivesurvival/sushi-turnip-honey"},
		"sushi-*-noveggie-nooil": {base: "item/food/primitivesurvival/sushi-noveggie"},
		"sushi-*-noveggie-oil": {base: "item/food/primitivesurvival/sushi-noveggie-sauce"},
		"sushi-*-noveggie-honey": {base: "item/food/primitivesurvival/sushi-noveggie-honey"},	
	},
	creativeinventory: { "general": ["*"], "items": ["*"] },
	nutritionPropsByType: {
		"*-saltless-noveggie-oil": { satiety: 380, foodcategory: "Protein" },
		"*-salted-noveggie-oil": { satiety: 500, foodcategory: "Protein" },
		"*-saltless-cabbage-oil": { satiety: 700, foodcategory: "Protein" },
		"*-salted-cabbage-oil": { satiety: 885, foodcategory: "Protein" },
		"*-saltless-cabbage-nooil": { satiety: 550, foodcategory: "Protein" },
		"*-salted-cabbage-nooil": { satiety: 700, foodcategory: "Protein" },
		"*-saltless-soybean-oil": { satiety: 530, foodcategory: "Protein" },
		"*-salted-soybean-oil": { satiety: 685, foodcategory: "Protein" },
		"*-saltless-soybean-nooil": { satiety: 380, foodcategory: "Protein" },
		"*-salted-soybean-nooil": { satiety: 500, foodcategory: "Protein" },
		"*-saltless-*-oil": { satiety: 500, foodcategory: "Protein" },
		"*-salted-*-oil": { satiety: 645, foodcategory: "Protein" },
		"*-saltless-noveggie-nooil": { satiety: 230, foodcategory: "Protein" },
		"*-salted-noveggie-nooil": { satiety: 315, foodcategory: "Protein" },
		"*-saltless-*-nooil": { satiety: 350, foodcategory: "Protein" },
		"*-salted-*-nooil": { satiety: 455, foodcategory: "Protein" },
		"*-saltless-cabbage-honey": { satiety: 610, foodcategory: "Protein" },
		"*-salted-cabbage-honey": { satiety: 795, foodcategory: "Protein" },
		"*-saltless-soybean-honey": { satiety: 440, foodcategory: "Protein" },
		"*-salted-soybean-honey": { satiety: 595, foodcategory: "Protein" },
		"*-saltless-*-honey": { satiety: 410, foodcategory: "Protein" },
		"*-salted-*-honey": { satiety: 555, foodcategory: "Protein" },
		"*-saltless-noveggie-honey": { satiety: 290, foodcategory: "Protein" },
		"*-salted-noveggie-honey": { satiety: 410, foodcategory: "Protein" },
	},
	guiTransform: {
		translation: { x: 3, y: 0, z: 0 },
		rotation: { x: -23, y: 23, z: 90 },
		origin: { x: 0.47, y: 0.10, z: 0.5 },
		scale: 4.5
	},
	groundTransform: {
		translation: { x: 0, y: 0, z: 0 },
		rotation: { x: 0, y: 0, z: 1 },
		origin: { x: 0.5, y: 0, z: 0.5 },
		scale: 4.5
	},
	tpHandTransform: {
		translation: { x: -0.54, y: -0.16, z: -0.4 },
		rotation: { x: 44, y: -69, z: 2 },
		origin: { x: 0.5, y: 0.13, z: 0.5 },
		scale: 1
	},
	fpHandTransform: {
		translation: { x: 0, y: 0.24, z: 0.3 },
		rotation: { x: 104, y: 0, z: 71 },
		origin: { x: 0.5, y: 0.1, z: 0.5 },
		scale: 2.5
	},
	transitionablePropsByType: {
		"*-saltless-*-honey": [{
			type: "Perish",
			freshHours: { avg: 192 },
			transitionHours: { avg: 48 },
			transitionedStack: { type: "item", code: "game:rot" },
			transitionRatio: 0.25
		}],
		"*-salted-*-honey": [{
			type: "Perish",
			freshHours: { avg: 288 },
			transitionHours: { avg: 72 },
			transitionedStack: { type: "item", code: "game:rot" },
			transitionRatio: 0.125
		}],
		"*-salted-*-nooil": [{
			type: "Perish",
			freshHours: { avg: 96 },
			transitionHours: { avg: 24 },
			transitionedStack: { type: "item", code: "game:rot" },
			transitionRatio: 0.5
		}],
		"*-saltless-*-nooil": [{
			type: "Perish",
			freshHours: { avg: 48 },
			transitionHours: { avg: 12 },
			transitionedStack: { type: "item", code: "game:rot" },
			transitionRatio: 1
		}],
		"*-salted-*-oil": [{
			type: "Perish",
			freshHours: { avg: 144 },
			transitionHours: { avg: 36 },
			transitionedStack: { type: "item", code: "game:rot" },
			transitionRatio: 0.25
		}],
		"*-saltless-*-oil": [{
			type: "Perish",
			freshHours: { avg: 96 },
			transitionHours: { avg: 24 },
			transitionedStack: { type: "item", code: "game:rot" },
			transitionRatio: 0.5
		}]
	}
}