{
	"editor": {
		"allAngles": false,
		"entityTextureMode": false
	},
	"textureWidth": 16,
	"textureHeight": 16,
	"textureSizes": {
	},
	"textures": {
		"onion": "item/food/veggie/onion"
	},
	"elements": [
		{
			"name": "onion 2",
			"from": [ 6.9, 0.5, 6.8 ], 
			"to": [ 9.4, 2.0, 9.3 ], 
			"rotationOrigin": [ 8.0, 0.0, 8.0 ],
			"faces": {
				"north": { "texture": "#onion", "uv": [ 5.5, 12.5, 8.0, 14.0 ] },
				"east": { "texture": "#onion", "uv": [ 12.0, 12.5, 14.5, 14.0 ] },
				"south": { "texture": "#onion", "uv": [ 7.0, 12.5, 9.5, 14.0 ] },
				"west": { "texture": "#onion", "uv": [ 11.0, 13.0, 13.5, 14.5 ] },
				"up": { "texture": "#onion", "uv": [ 11.5, 4.0, 14.0, 6.5 ] },
				"down": { "texture": "#onion", "uv": [ 5.0, 8.0, 7.5, 10.5 ] }
			},
			"children": [
				{
					"name": "onion 2 top",
					"from": [ 0.5, 1.5, 0.5 ], 
					"to": [ 2.0, 2.0, 2.0 ], 
					"faces": {
						"north": { "texture": "#onion", "uv": [ 7.0, 4.0, 8.5, 4.5 ] },
						"east": { "texture": "#onion", "uv": [ 7.0, 4.5, 8.5, 5.0 ] },
						"south": { "texture": "#onion", "uv": [ 11.0, 4.5, 12.5, 5.0 ] },
						"west": { "texture": "#onion", "uv": [ 0.5, 4.0, 2.0, 4.5 ] },
						"up": { "texture": "#onion", "uv": [ 11.5, 4.5, 13.0, 6.0 ] },
						"down": { "texture": "#onion", "uv": [ 9.0, 7.0, 10.5, 8.5 ], "enabled": false }
					}
				},
				{
					"name": "onion bottom",
					"from": [ 0.5, -0.5, 0.5 ], 
					"to": [ 2.0, 0.0, 2.0 ], 
					"faces": {
						"north": { "texture": "#onion", "uv": [ 12.5, 6.5, 14.0, 7.0 ] },
						"east": { "texture": "#onion", "uv": [ 0.5, 6.0, 2.0, 6.5 ] },
						"south": { "texture": "#onion", "uv": [ 9.5, 6.0, 11.0, 6.5 ] },
						"west": { "texture": "#onion", "uv": [ 3.0, 6.5, 4.5, 7.0 ] },
						"up": { "texture": "#onion", "uv": [ 3.0, 8.0, 4.5, 9.5 ], "enabled": false },
						"down": { "texture": "#onion", "uv": [ 10.0, 5.5, 11.5, 7.0 ] }
					}
				}
			]
		}
	]}