{
	"editor": {
		"allAngles": true,
		"entityTextureMode": false
	},
	"textureWidth": 16,
	"textureHeight": 16,
	"textureSizes": {
	},
	"textures": {
		"pumpkin": "item/food/veggie/pumpkin"
	},
	"elements": [
		{
			"name": "center",
			"from": [ 0.0, 0.0, 1.0 ], 
			"to": [ 0.0, 0.0, 1.0 ], 
			"rotationOrigin": [ 0.0, 0.0, 1.0 ],
			"faces": {
				"north": { "texture": "#pumpkin", "uv": [ 0.0, 0.0, 0.5, 0.5 ], "enabled": false },
				"east": { "texture": "#pumpkin", "uv": [ 0.0, 0.0, 0.5, 0.5 ], "enabled": false },
				"south": { "texture": "#pumpkin", "uv": [ 0.0, 0.0, 0.5, 0.5 ], "enabled": false },
				"west": { "texture": "#pumpkin", "uv": [ 0.0, 0.0, 0.5, 0.5 ], "enabled": false },
				"up": { "texture": "#pumpkin", "uv": [ 0.0, 0.0, 0.5, 0.5 ], "enabled": false },
				"down": { "texture": "#pumpkin", "uv": [ 0.0, 0.0, 0.5, 0.5 ], "enabled": false }
			},
			"children": [
				{
					"name": "Cube1",
					"from": [ 5.0, 0.0, 5.0 ], 
					"to": [ 11.0, 1.0, 9.0 ], 
					"rotationOrigin": [ 8.0, 0.5, 7.0 ],
					"faces": {
						"north": { "texture": "#pumpkin", "uv": [ 0.0, 4.0, 6.0, 5.0 ] },
						"east": { "texture": "#pumpkin", "uv": [ 12.0, 0.0, 13.0, 4.0 ], "rotation": 90 },
						"south": { "texture": "#pumpkin", "uv": [ 6.5, 3.0, 12.5, 4.0 ] },
						"west": { "texture": "#pumpkin", "uv": [ 12.0, 0.0, 13.0, 4.0 ], "rotation": 90 },
						"up": { "texture": "#pumpkin", "uv": [ 0.0, 0.0, 6.0, 4.0 ] },
						"down": { "texture": "#pumpkin", "uv": [ 6.0, 0.0, 12.0, 4.0 ] }
					}
				}
			]
		}
	]}