{
	code: "ore",
	"__comment": "ItemOre is just for displaying the yield in units in the tooltip",
	class: "ItemOre",
	maxstacksize: 64,
	storageFlags: 5,
	attributes: {
		handbook: {
			groupBy: ["ore-{ore}-*"],
			groupedName: ["ore-{ore}"],
			excludeFromList: true
		},
		metalUnitsByType: {
			"ore-poor-cassiterite-*": 5,
			"ore-medium-cassiterite-*": 10,
			"ore-rich-cassiterite-*": 15,
			"ore-bountiful-cassiterite-*": 20,
			
			"ore-poor-hematite-*": 20,
			"ore-medium-hematite-*": 25,
			"ore-rich-hematite-*": 30,
			"ore-bountiful-hematite-*": 40,

			"ore-poor-quartz_nativesilver-*": 10,
			"ore-medium-quartz_nativesilver-*": 15,
			"ore-rich-quartz_nativesilver-*": 20,
			"ore-bountiful-quartz_nativesilver-*": 25,
			
			"ore-poor-quartz_nativegold-*": 5,
			"ore-medium-quartz_nativegold-*": 10,
			"ore-rich-quartz_nativegold-*": 15,
			"ore-bountiful-quartz_nativegold-*": 20,
			
			"ore-poor-*": 15,
			"ore-medium-*": 20,
			"ore-rich-*": 25,
			"ore-bountiful-*": 35
		},
		displaycaseable: true,
		shelvable: true
	},
	variantgroups: [
		{ code: "grade", states: ["poor", "medium", "rich", "bountiful"] },
		{ code: "ore", loadFromProperties: "block/ore-graded" },
		{ code: "rock", loadFromProperties: "block/rockwithdeposit" }
	],
	allowedVariants: [
"ore-poor-bismuthinite-andesite",
"ore-medium-bismuthinite-andesite",
"ore-rich-bismuthinite-andesite",
"ore-poor-bismuthinite-granite",
"ore-medium-bismuthinite-granite",
"ore-rich-bismuthinite-granite",
"ore-poor-bismuthinite-basalt",
"ore-medium-bismuthinite-basalt",
"ore-rich-bismuthinite-basalt",
"ore-bountiful-bismuthinite-basalt",
"ore-poor-bismuthinite-peridotite",
"ore-medium-bismuthinite-peridotite",
"ore-rich-bismuthinite-peridotite",
"ore-poor-bismuthinite-phyllite",
"ore-medium-bismuthinite-phyllite",
"ore-poor-bismuthinite-slate",
"ore-medium-bismuthinite-slate",
"ore-poor-cassiterite-andesite",
"ore-medium-cassiterite-andesite",
"ore-poor-cassiterite-granite",
"ore-medium-cassiterite-granite",
"ore-rich-cassiterite-granite",
"ore-bountiful-cassiterite-granite",
"ore-poor-cassiterite-basalt",
"ore-medium-cassiterite-basalt",
"ore-poor-cassiterite-peridotite",
"ore-medium-cassiterite-peridotite",
"ore-poor-cassiterite-phyllite",
"ore-medium-cassiterite-phyllite",
"ore-poor-cassiterite-slate",
"ore-medium-cassiterite-slate",
"ore-poor-sphalerite-andesite",
"ore-medium-sphalerite-andesite",
"ore-poor-sphalerite-granite",
"ore-medium-sphalerite-granite",
"ore-poor-sphalerite-basalt",
"ore-medium-sphalerite-basalt",
"ore-poor-sphalerite-peridotite",
"ore-medium-sphalerite-peridotite",
"ore-poor-sphalerite-claystone",
"ore-medium-sphalerite-claystone",
"ore-rich-sphalerite-claystone",
"ore-poor-sphalerite-sandstone",
"ore-medium-sphalerite-sandstone",
"ore-rich-sphalerite-sandstone",
"ore-poor-sphalerite-shale",
"ore-medium-sphalerite-shale",
"ore-rich-sphalerite-shale",
"ore-poor-sphalerite-chalk",
"ore-medium-sphalerite-chalk",
"ore-rich-sphalerite-chalk",
"ore-poor-sphalerite-limestone",
"ore-medium-sphalerite-limestone",
"ore-rich-sphalerite-limestone",
"ore-poor-sphalerite-chert",
"ore-medium-sphalerite-chert",
"ore-rich-sphalerite-chert",
"ore-poor-sphalerite-conglomerate",
"ore-medium-sphalerite-conglomerate",
"ore-rich-sphalerite-conglomerate",
"ore-poor-sphalerite-phyllite",
"ore-medium-sphalerite-phyllite",
"ore-rich-sphalerite-phyllite",
"ore-bountiful-sphalerite-phyllite",
"ore-poor-sphalerite-slate",
"ore-medium-sphalerite-slate",
"ore-rich-sphalerite-slate",
"ore-bountiful-sphalerite-slate",
"ore-poor-nativecopper-granite",
"ore-medium-nativecopper-granite",
"ore-rich-nativecopper-granite",
"ore-poor-nativecopper-basalt",
"ore-medium-nativecopper-basalt",
"ore-rich-nativecopper-basalt",
"ore-bountiful-nativecopper-basalt",
"ore-poor-nativecopper-slate",
"ore-medium-nativecopper-slate",
"ore-rich-nativecopper-slate",
"ore-poor-nativecopper-andesite",
"ore-medium-nativecopper-andesite",
"ore-rich-nativecopper-andesite",
"ore-poor-nativecopper-peridotite",
"ore-medium-nativecopper-peridotite",
"ore-rich-nativecopper-peridotite",
"ore-poor-nativecopper-claystone",
"ore-medium-nativecopper-claystone",
"ore-poor-nativecopper-sandstone",
"ore-medium-nativecopper-sandstone",
"ore-poor-nativecopper-shale",
"ore-medium-nativecopper-shale",
"ore-poor-nativecopper-chalk",
"ore-medium-nativecopper-chalk",
"ore-poor-nativecopper-chert",
"ore-medium-nativecopper-chert",
"ore-poor-nativecopper-conglomerate",
"ore-medium-nativecopper-conglomerate",
"ore-poor-nativecopper-phyllite",
"ore-medium-nativecopper-phyllite",
"ore-rich-nativecopper-phyllite",
"ore-poor-malachite-limestone",
"ore-medium-malachite-limestone",
"ore-rich-malachite-limestone",
"ore-bountiful-malachite-limestone",
"ore-poor-malachite-whitemarble",
"ore-medium-malachite-whitemarble",
"ore-rich-malachite-whitemarble",
"ore-poor-malachite-redmarble",
"ore-medium-malachite-redmarble",
"ore-rich-malachite-redmarble",
"ore-poor-malachite-greenmarble",
"ore-medium-malachite-greenmarble",
"ore-rich-malachite-greenmarble",
"ore-poor-galena-claystone",
"ore-medium-galena-claystone",
"ore-rich-galena-claystone",
"ore-poor-galena-sandstone",
"ore-medium-galena-sandstone",
"ore-rich-galena-sandstone",
"ore-poor-galena-shale",
"ore-medium-galena-shale",
"ore-rich-galena-shale",
"ore-bountiful-galena-shale",
"ore-poor-galena-chalk",
"ore-medium-galena-chalk",
"ore-poor-galena-limestone",
"ore-medium-galena-limestone",
"ore-poor-galena-chert",
"ore-medium-galena-chert",
"ore-rich-galena-chert",
"ore-bountiful-galena-chert",
"ore-poor-galena-conglomerate",
"ore-medium-galena-conglomerate",
"ore-poor-galena_nativesilver-claystone",
"ore-medium-galena_nativesilver-claystone",
"ore-poor-galena_nativesilver-sandstone",
"ore-medium-galena_nativesilver-sandstone",
"ore-poor-galena_nativesilver-shale",
"ore-medium-galena_nativesilver-shale",
"ore-poor-galena_nativesilver-chalk",
"ore-medium-galena_nativesilver-chalk",
"ore-poor-galena_nativesilver-limestone",
"ore-medium-galena_nativesilver-limestone",
"ore-poor-galena_nativesilver-chert",
"ore-medium-galena_nativesilver-chert",
"ore-poor-galena_nativesilver-conglomerate",
"ore-medium-galena_nativesilver-conglomerate",
"ore-poor-quartz_nativesilver-andesite",
"ore-medium-quartz_nativesilver-andesite",
"ore-rich-quartz_nativesilver-andesite",
"ore-bountiful-quartz_nativesilver-andesite",
"ore-poor-quartz_nativesilver-granite",
"ore-medium-quartz_nativesilver-granite",
"ore-rich-quartz_nativesilver-granite",
"ore-bountiful-quartz_nativesilver-granite",
"ore-poor-quartz_nativesilver-basalt",
"ore-medium-quartz_nativesilver-basalt",
"ore-rich-quartz_nativesilver-basalt",
"ore-bountiful-quartz_nativesilver-basalt",
"ore-poor-quartz_nativesilver-peridotite",
"ore-medium-quartz_nativesilver-peridotite",
"ore-rich-quartz_nativesilver-peridotite",
"ore-bountiful-quartz_nativesilver-peridotite",
"ore-poor-quartz_nativesilver-claystone",
"ore-medium-quartz_nativesilver-claystone",
"ore-rich-quartz_nativesilver-claystone",
"ore-bountiful-quartz_nativesilver-claystone",
"ore-poor-quartz_nativesilver-sandstone",
"ore-medium-quartz_nativesilver-sandstone",
"ore-rich-quartz_nativesilver-sandstone",
"ore-bountiful-quartz_nativesilver-sandstone",
"ore-poor-quartz_nativesilver-shale",
"ore-medium-quartz_nativesilver-shale",
"ore-rich-quartz_nativesilver-shale",
"ore-bountiful-quartz_nativesilver-shale",
"ore-poor-quartz_nativesilver-chalk",
"ore-medium-quartz_nativesilver-chalk",
"ore-rich-quartz_nativesilver-chalk",
"ore-bountiful-quartz_nativesilver-chalk",
"ore-poor-quartz_nativesilver-limestone",
"ore-medium-quartz_nativesilver-limestone",
"ore-rich-quartz_nativesilver-limestone",
"ore-bountiful-quartz_nativesilver-limestone",
"ore-poor-quartz_nativesilver-chert",
"ore-medium-quartz_nativesilver-chert",
"ore-rich-quartz_nativesilver-chert",
"ore-bountiful-quartz_nativesilver-chert",
"ore-poor-quartz_nativesilver-conglomerate",
"ore-medium-quartz_nativesilver-conglomerate",
"ore-rich-quartz_nativesilver-conglomerate",
"ore-bountiful-quartz_nativesilver-conglomerate",
"ore-poor-quartz_nativesilver-phyllite",
"ore-medium-quartz_nativesilver-phyllite",
"ore-rich-quartz_nativesilver-phyllite",
"ore-bountiful-quartz_nativesilver-phyllite",
"ore-poor-quartz_nativesilver-slate",
"ore-medium-quartz_nativesilver-slate",
"ore-rich-quartz_nativesilver-slate",
"ore-bountiful-quartz_nativesilver-slate",
"ore-poor-quartz_nativegold-andesite",
"ore-medium-quartz_nativegold-andesite",
"ore-rich-quartz_nativegold-andesite",
"ore-bountiful-quartz_nativegold-andesite",
"ore-poor-quartz_nativegold-granite",
"ore-medium-quartz_nativegold-granite",
"ore-rich-quartz_nativegold-granite",
"ore-bountiful-quartz_nativegold-granite",
"ore-poor-quartz_nativegold-basalt",
"ore-medium-quartz_nativegold-basalt",
"ore-rich-quartz_nativegold-basalt",
"ore-bountiful-quartz_nativegold-basalt",
"ore-poor-quartz_nativegold-peridotite",
"ore-medium-quartz_nativegold-peridotite",
"ore-rich-quartz_nativegold-peridotite",
"ore-bountiful-quartz_nativegold-peridotite",
"ore-poor-quartz_nativegold-claystone",
"ore-medium-quartz_nativegold-claystone",
"ore-rich-quartz_nativegold-claystone",
"ore-bountiful-quartz_nativegold-claystone",
"ore-poor-quartz_nativegold-sandstone",
"ore-medium-quartz_nativegold-sandstone",
"ore-rich-quartz_nativegold-sandstone",
"ore-bountiful-quartz_nativegold-sandstone",
"ore-poor-quartz_nativegold-shale",
"ore-medium-quartz_nativegold-shale",
"ore-rich-quartz_nativegold-shale",
"ore-bountiful-quartz_nativegold-shale",
"ore-poor-quartz_nativegold-chalk",
"ore-medium-quartz_nativegold-chalk",
"ore-rich-quartz_nativegold-chalk",
"ore-bountiful-quartz_nativegold-chalk",
"ore-poor-quartz_nativegold-limestone",
"ore-medium-quartz_nativegold-limestone",
"ore-rich-quartz_nativegold-limestone",
"ore-bountiful-quartz_nativegold-limestone",
"ore-poor-quartz_nativegold-chert",
"ore-medium-quartz_nativegold-chert",
"ore-rich-quartz_nativegold-chert",
"ore-bountiful-quartz_nativegold-chert",
"ore-poor-quartz_nativegold-conglomerate",
"ore-medium-quartz_nativegold-conglomerate",
"ore-rich-quartz_nativegold-conglomerate",
"ore-bountiful-quartz_nativegold-conglomerate",
"ore-poor-quartz_nativegold-phyllite",
"ore-medium-quartz_nativegold-phyllite",
"ore-rich-quartz_nativegold-phyllite",
"ore-bountiful-quartz_nativegold-phyllite",
"ore-poor-quartz_nativegold-slate",
"ore-medium-quartz_nativegold-slate",
"ore-rich-quartz_nativegold-slate",
"ore-bountiful-quartz_nativegold-slate",
"ore-poor-limonite-basalt",
"ore-medium-limonite-basalt",
"ore-poor-limonite-shale",
"ore-medium-limonite-shale",
"ore-rich-limonite-shale",
"ore-bountiful-limonite-shale",
"ore-poor-limonite-chert",
"ore-medium-limonite-chert",
"ore-rich-limonite-chert",
"ore-bountiful-limonite-chert",
"ore-poor-hematite-granite",
"ore-medium-hematite-granite",
"ore-rich-hematite-granite",
"ore-bountiful-hematite-granite",
"ore-poor-hematite-peridotite",
"ore-medium-hematite-peridotite",
"ore-rich-hematite-peridotite",
"ore-bountiful-hematite-peridotite",
"ore-poor-hematite-sandstone",
"ore-medium-hematite-sandstone",
"ore-rich-hematite-sandstone",
"ore-poor-hematite-limestone",
"ore-medium-hematite-limestone",
"ore-rich-hematite-limestone",
"ore-poor-hematite-phyllite",
"ore-medium-hematite-phyllite",
"ore-poor-magnetite-andesite",
"ore-medium-magnetite-andesite",
"ore-rich-magnetite-andesite",
"ore-poor-magnetite-claystone",
"ore-medium-magnetite-claystone",
"ore-poor-magnetite-chalk",
"ore-medium-magnetite-chalk",
"ore-poor-magnetite-conglomerate",
"ore-medium-magnetite-conglomerate",
"ore-poor-magnetite-slate",
"ore-medium-magnetite-slate",
"ore-rich-magnetite-slate",
"ore-bountiful-magnetite-slate",
"ore-poor-chromite-andesite",
"ore-medium-chromite-andesite",
"ore-poor-chromite-granite",
"ore-medium-chromite-granite",
"ore-poor-chromite-basalt",
"ore-medium-chromite-basalt",
"ore-rich-chromite-basalt",
"ore-poor-chromite-peridotite",
"ore-medium-chromite-peridotite",
"ore-rich-chromite-peridotite",
"ore-poor-chromite-kimberlite",
"ore-medium-chromite-kimberlite",
"ore-rich-chromite-kimberlite",
"ore-bountiful-chromite-kimberlite",
"ore-poor-rhodochrosite-claystone",
"ore-medium-rhodochrosite-claystone",
"ore-rich-rhodochrosite-claystone",
"ore-poor-rhodochrosite-sandstone",
"ore-medium-rhodochrosite-sandstone",
"ore-rich-rhodochrosite-sandstone",
"ore-poor-rhodochrosite-shale",
"ore-medium-rhodochrosite-shale",
"ore-rich-rhodochrosite-shale",
"ore-poor-rhodochrosite-chalk",
"ore-medium-rhodochrosite-chalk",
"ore-poor-rhodochrosite-limestone",
"ore-medium-rhodochrosite-limestone",
"ore-poor-rhodochrosite-chert",
"ore-medium-rhodochrosite-chert",
"ore-poor-rhodochrosite-conglomerate",
"ore-medium-rhodochrosite-conglomerate",
"ore-rich-rhodochrosite-conglomerate",
"ore-poor-rhodochrosite-phyllite",
"ore-medium-rhodochrosite-phyllite",
"ore-rich-rhodochrosite-phyllite",
"ore-bountiful-rhodochrosite-phyllite",
"ore-poor-rhodochrosite-slate",
"ore-medium-rhodochrosite-slate",
"ore-rich-rhodochrosite-slate",
"ore-bountiful-rhodochrosite-slate",
"ore-poor-ilmenite-andesite",
"ore-medium-ilmenite-andesite",
"ore-poor-ilmenite-granite",
"ore-medium-ilmenite-granite",
"ore-poor-ilmenite-basalt",
"ore-medium-ilmenite-basalt",
"ore-rich-ilmenite-basalt",
"ore-poor-ilmenite-peridotite",
"ore-medium-ilmenite-peridotite",
"ore-rich-ilmenite-peridotite",
"ore-poor-ilmenite-kimberlite",
"ore-medium-ilmenite-kimberlite",
"ore-rich-ilmenite-kimberlite",
"ore-bountiful-ilmenite-kimberlite",
"ore-poor-ilmenite-phyllite",
"ore-medium-ilmenite-phyllite",
"ore-rich-ilmenite-phyllite",
"ore-poor-ilmenite-slate",
"ore-medium-ilmenite-slate",
"ore-rich-ilmenite-slate",
"ore-poor-stibnite-andesite",
"ore-medium-stibnite-andesite",
"ore-poor-stibnite-granite",
"ore-medium-stibnite-granite",
"ore-rich-stibnite-granite",
"ore-poor-stibnite-basalt",
"ore-medium-stibnite-basalt",
"ore-rich-stibnite-basalt",
"ore-bountiful-stibnite-basalt",
"ore-poor-uranium-andesite",
"ore-medium-uranium-andesite",
"ore-rich-uranium-andesite",
"ore-poor-uranium-granite",
"ore-medium-uranium-granite",
"ore-rich-uranium-granite",
"ore-poor-uranium-basalt",
"ore-medium-uranium-basalt",
"ore-poor-uranium-peridotite",
"ore-medium-uranium-peridotite",
"ore-poor-uranium-kimberlite",
"ore-medium-uranium-kimberlite",
"ore-rich-uranium-kimberlite",
"ore-bountiful-uranium-kimberlite",
"ore-poor-uranium-claystone",
"ore-medium-uranium-claystone",
"ore-poor-uranium-sandstone",
"ore-medium-uranium-sandstone",
"ore-poor-uranium-shale",
"ore-medium-uranium-shale",
"ore-poor-uranium-chalk",
"ore-medium-uranium-chalk",
"ore-rich-uranium-chalk",
"ore-poor-uranium-limestone",
"ore-medium-uranium-limestone",
"ore-rich-uranium-limestone",
"ore-poor-uranium-chert",
"ore-medium-uranium-chert",
"ore-rich-uranium-chert",
"ore-poor-uranium-conglomerate",
"ore-medium-uranium-conglomerate",
"ore-poor-uranium-phyllite",
"ore-medium-uranium-phyllite",
"ore-rich-uranium-phyllite",
"ore-bountiful-uranium-phyllite",
"ore-poor-uranium-slate",
"ore-medium-uranium-slate",
"ore-rich-uranium-slate",
"ore-bountiful-uranium-slate",
"ore-poor-pentlandite-andesite",
"ore-medium-pentlandite-andesite",
"ore-poor-pentlandite-granite",
"ore-medium-pentlandite-granite",
"ore-poor-pentlandite-basalt",
"ore-medium-pentlandite-basalt",
"ore-poor-pentlandite-peridotite",
"ore-medium-pentlandite-peridotite",
"ore-rich-pentlandite-peridotite",
"ore-bountiful-pentlandite-peridotite"
	],
	shape: { base: "item/ore/{grade}/{ore}" },
	textures: {
		ore: {
			base: "block/stone/rock/{rock}1",
			overlays: ["inherit"]
		}
	},	
	creativeinventory: { "general": ["*"], "items": ["*"] },
	
	crushingPropsByType: {
		"ore-poor-ilmenite-*": { 
			crushedStack: { type: "item", code: "crushed-ilmenite", stacksize: 1 },
			hardnessTier: 4
		},
		"ore-medium-ilmenite-*": { 
			crushedStack: { type: "item", code: "crushed-ilmenite", stacksize: 2 },
			hardnessTier: 4
		},
		"ore-rich-ilmenite-*": { 
			crushedStack: { type: "item", code: "crushed-ilmenite", stacksize: 3 },
			hardnessTier: 4
		},
		"ore-bountiful-ilmenite-*": { 
			crushedStack: { type: "item", code: "crushed-ilmenite", stacksize: 4 },
			hardnessTier: 4
		},
		
		"ore-poor-cassiterite-*": { 
			crushedStack: { type: "item", code: "nugget-cassiterite", stacksize: 3 },
			hardnessTier: 2
		},
		"ore-medium-cassiterite-*": { 
			crushedStack: { type: "item", code: "nugget-cassiterite", stacksize: 4 },
			hardnessTier: 2
		},
		"ore-rich-cassiterite-*": { 
			crushedStack: { type: "item", code: "nugget-cassiterite", stacksize: 5 },
			hardnessTier: 2
		},
		"ore-bountiful-cassiterite-*": { 
			crushedStack: { type: "item", code: "nugget-cassiterite", stacksize: 6 },
			hardnessTier: 2
		},
		
		"ore-poor-quartz_nativegold-*": { 
			crushedStack: { type: "item", code: "nugget-nativegold", stacksize: 3 },
			hardnessTier: 2
		},
		"ore-medium-quartz_nativegold-*": { 
			crushedStack: { type: "item", code: "nugget-nativegold", stacksize: 4 },
			hardnessTier: 2
		},
		"ore-rich-quartz_nativegold-*": { 
			crushedStack: { type: "item", code: "nugget-nativegold", stacksize: 5 },
			hardnessTier: 2
		},
		"ore-bountiful-quartz_nativegold-*": { 
			crushedStack: { type: "item", code: "nugget-nativegold", stacksize: 6 },
			hardnessTier: 2
		},
		
		"ore-poor-quartz_nativesilver-*": { 
			crushedStack: { type: "item", code: "nugget-nativesilver", stacksize: 4 },
			hardnessTier: 2
		},
		"ore-medium-quartz_nativesilver-*": { 
			crushedStack: { type: "item", code: "nugget-nativesilver", stacksize: 5 },
			hardnessTier: 2
		},
		"ore-rich-quartz_nativesilver-*": { 
			crushedStack: { type: "item", code: "nugget-nativesilver", stacksize: 6 },
			hardnessTier: 2
		},
		"ore-bountiful-quartz_nativesilver-*": { 
			crushedStack: { type: "item", code: "nugget-nativesilver", stacksize: 7 },
			hardnessTier: 2
		},
		
		"ore-poor-hematite-*": { 
			crushedStack: { type: "item", code: "nugget-hematite", stacksize: 6 },
			hardnessTier: 3
		},
		"ore-medium-hematite-*": { 
			crushedStack: { type: "item", code: "nugget-hematite", stacksize: 7 },
			hardnessTier: 3
		},
		"ore-rich-hematite-*": { 
			crushedStack: { type: "item", code: "nugget-hematite", stacksize: 8 },
			hardnessTier: 3
		},
		"ore-bountiful-hematite-*": { 
			crushedStack: { type: "item", code: "nugget-hematite", stacksize: 10 },
			hardnessTier: 3
		},
		
		"ore-poor-bismuthinite-*": { 
			crushedStack: { type: "item", code: "nugget-bismuthinite", stacksize: 5 },
			hardnessTier: 2
		},
		"ore-medium-bismuthinite-*": { 
			crushedStack: { type: "item", code: "nugget-bismuthinite", stacksize: 6 },
			hardnessTier: 2
		},
		"ore-rich-bismuthinite-*": { 
			crushedStack: { type: "item", code: "nugget-bismuthinite", stacksize: 7 },
			hardnessTier: 2
		},
		"ore-bountiful-bismuthinite-*": { 
			crushedStack: { type: "item", code: "nugget-bismuthinite", stacksize: 9 },
			hardnessTier: 2
		},
		
		"ore-poor-sphalerite-*": { 
			crushedStack: { type: "item", code: "nugget-sphalerite", stacksize: 5 },
			hardnessTier: 2
		},
		"ore-medium-sphalerite-*": { 
			crushedStack: { type: "item", code: "nugget-sphalerite", stacksize: 6 },
			hardnessTier: 2
		},
		"ore-rich-sphalerite-*": { 
			crushedStack: { type: "item", code: "nugget-sphalerite", stacksize: 7 },
			hardnessTier: 2
		},
		"ore-bountiful-sphalerite-*": { 
			crushedStack: { type: "item", code: "nugget-sphalerite", stacksize: 9 },
			hardnessTier: 2
		},
		
		"ore-poor-nativecopper-*": { 
			crushedStack: { type: "item", code: "nugget-nativecopper", stacksize: 5 },
			hardnessTier: 2
		},
		"ore-medium-nativecopper-*": { 
			crushedStack: { type: "item", code: "nugget-nativecopper", stacksize: 6 },
			hardnessTier: 2
		},
		"ore-rich-nativecopper-*": { 
			crushedStack: { type: "item", code: "nugget-nativecopper", stacksize: 7 },
			hardnessTier: 2
		},
		"ore-bountiful-nativecopper-*": { 
			crushedStack: { type: "item", code: "nugget-nativecopper", stacksize: 9 },
			hardnessTier: 2
		},
		
		"ore-poor-malachite-*": { 
			crushedStack: { type: "item", code: "nugget-malachite", stacksize: 5 },
			hardnessTier: 2
		},
		"ore-medium-malachite-*": { 
			crushedStack: { type: "item", code: "nugget-malachite", stacksize: 6 },
			hardnessTier: 2
		},
		"ore-rich-malachite-*": { 
			crushedStack: { type: "item", code: "nugget-malachite", stacksize: 7 },
			hardnessTier: 2
		},
		"ore-bountiful-malachite-*": { 
			crushedStack: { type: "item", code: "nugget-malachite", stacksize: 9 },
			hardnessTier: 2
		},
		
		"ore-poor-galena-*": { 
			crushedStack: { type: "item", code: "nugget-galena", stacksize: 5 },
			hardnessTier: 2
		},
		"ore-medium-galena-*": { 
			crushedStack: { type: "item", code: "nugget-galena", stacksize: 6 },
			hardnessTier: 2
		},
		"ore-rich-galena-*": { 
			crushedStack: { type: "item", code: "nugget-galena", stacksize: 7 },
			hardnessTier: 2
		},
		"ore-bountiful-galena-*": { 
			crushedStack: { type: "item", code: "nugget-galena", stacksize: 9 },
			hardnessTier: 2
		},
		
		"ore-poor-limonite-*": { 
			crushedStack: { type: "item", code: "nugget-limonite", stacksize: 6 },
			hardnessTier: 3
		},
		"ore-medium-limonite-*": { 
			crushedStack: { type: "item", code: "nugget-limonite", stacksize: 7 },
			hardnessTier: 3
		},
		"ore-rich-limonite-*": { 
			crushedStack: { type: "item", code: "nugget-limonite", stacksize: 8 },
			hardnessTier: 3
		},
		"ore-bountiful-limonite-*": { 
			crushedStack: { type: "item", code: "nugget-limonite", stacksize: 10 },
			hardnessTier: 3
		},
		
		"ore-poor-magnetite-*": { 
			crushedStack: { type: "item", code: "nugget-magnetite", stacksize: 6 },
			hardnessTier: 3
		},
		"ore-medium-magnetite-*": { 
			crushedStack: { type: "item", code: "nugget-magnetite", stacksize: 7 },
			hardnessTier: 3
		},
		"ore-rich-magnetite-*": { 
			crushedStack: { type: "item", code: "nugget-magnetite", stacksize: 8 },
			hardnessTier: 3
		},
		"ore-bountiful-magnetite-*": { 
			crushedStack: { type: "item", code: "nugget-magnetite", stacksize: 10 },
			hardnessTier: 3
		}
	},
	fpHandTransform: {
		translation: { x: 0, y: 0, z: 0 },
		rotation: { x: 1, y: 90, z: 0 },
		scale: 1.67
	},
	guiTransform: {
		translation: { x: 3, y: 2, z: 0 },
		rotation: { x: 150, y: -38, z: 0 },
		origin: { x: 0.5, y: 0.1, z: 0.5 },
		scale: 3.8
	},
	tpHandTransform: {
		translation: { x: -0.93, y: -0.19, z: -0.77 },
		rotation: { x: -48, y: -180, z: 23 },
		origin: { x: 0.5, y: 0.12, z: 0.5 },
		scale: 0.6
	},
	groundTransform: {
		translation: { x: 0, y: 0, z: 0 },
		rotation: { x: 0, y: 0, z: 0 },
		origin: { x: 0.5, y: 0, z: 0.5 },
		scale: 4.5
	}
}