[
  {
    "op": "replace",
    "path": "/0/ingredients/0/consumeQuantity",
    "value": 1,
    "file": "recipes/barrel/preparedhide.json"
  },
  {
    "op": "replace",
    "path": "/0/ingredients/0/quantity",
    "value": 1,
    "file": "recipes/barrel/preparedhide.json"
  },
  {
    "op": "replace",
    "path": "/0/sealHours",
    "value": 8,
    "file": "recipes/barrel/preparedhide.json"
  },
  {
    "op": "replace",
    "path": "/1/ingredients/0/consumeQuantity",
    "value": 2,
    "file": "recipes/barrel/preparedhide.json"
  },
  {
    "op": "replace",
    "path": "/1/ingredients/0/quantity",
    "value": 2,
    "file": "recipes/barrel/preparedhide.json"
  },
  {
    "op": "replace",
    "path": "/1/sealHours",
    "value": 8,
    "file": "recipes/barrel/preparedhide.json"
  },
  {
    "op": "replace",
    "path": "/2/ingredients/0/consumeQuantity",
    "value": 3,
    "file": "recipes/barrel/preparedhide.json"
  },
  {
    "op": "replace",
    "path": "/2/ingredients/0/quantity",
    "value": 3,
    "file": "recipes/barrel/preparedhide.json"
  },
  {
    "op": "replace",
    "path": "/2/sealHours",
    "value": 8,
    "file": "recipes/barrel/preparedhide.json"
  },
  {
    "op": "replace",
    "path": "/3/ingredients/0/consumeQuantity",
    "value": 4,
    "file": "recipes/barrel/preparedhide.json"
  },
  {
    "op": "replace",
    "path": "/3/ingredients/0/quantity",
    "value": 4,
    "file": "recipes/barrel/preparedhide.json"
  },
  {
    "op": "replace",
    "path": "/3/sealHours",
    "value": 8,
    "file": "recipes/barrel/preparedhide.json"
  }
]