 [
   {
    "op": "add",
    "path": "/server/behaviors/8/aitasks/0/entityCodes/1",
    "value": "bandit-*",
    "file": "entities/land/drifter.json"
  },
  {
    "op": "add",
    "path": "/server/behaviors/8/aitasks/1/entityCodes/1",
    "value": "bandit-*",
    "file": "entities/land/drifter.json"
  },
  {
    "op": "add",
    "path": "/server/behaviors/8/aitasks/2/entityCodes/1",
    "value": "bandit-*",
    "file": "entities/land/drifter.json"
  },
  {
    "op": "add",
    "path": "/server/behaviors/8/aitasks/3/entityCodes/1",
    "value": "bandit-*",
    "file": "entities/land/drifter.json"
  },
  {
    "op": "add",
    "path": "/server/behaviors/10/aitasks/0/entityCodes/1",
    "value": "bandit-*",
    "file": "entities/land/hyena-female.json"
  },
  {
    "op": "add",
    "path": "/server/behaviors/10/aitasks/1/entityCodes/1",
    "value": "bandit-*",
    "file": "entities/land/hyena-female.json"
  },
  {
    "op": "add",
    "path": "/server/behaviors/10/aitasks/2/stopOnNearbyEntityCodes/1",
    "value": "bandit-*",
    "file": "entities/land/hyena-female.json"
  },
  {
    "op": "add",
    "path": "/server/behaviors/10/aitasks/3/entityCodes/1",
    "value": "bandit-*",
    "file": "entities/land/hyena-female.json"
  },
  {
    "op": "add",
    "path": "/server/behaviors/10/aitasks/8/stopOnNearbyEntityCodes/1",
    "value": "bandit-*",
    "file": "entities/land/hyena-female.json"
  },
  {
    "op": "add",
    "path": "/server/behaviors/9/aitasks/0/entityCodes/1",
    "value": "bandit-*",
    "file": "entities/land/hyena-male.json"
  },
  {
    "op": "add",
    "path": "/server/behaviors/9/aitasks/1/entityCodes/1",
    "value": "bandit-*",
    "file": "entities/land/hyena-male.json"
  },
  {
    "op": "add",
    "path": "/server/behaviors/9/aitasks/2/stopOnNearbyEntityCodes/1",
    "value": "bandit-*",
    "file": "entities/land/hyena-male.json"
  },
  {
    "op": "add",
    "path": "/server/behaviors/9/aitasks/3/entityCodes/1",
    "value": "bandit-*",
    "file": "entities/land/hyena-male.json"
  },
  {
    "op": "add",
    "path": "/server/behaviors/9/aitasks/7/stopOnNearbyEntityCodes/1",
    "value": "bandit-*",
    "file": "entities/land/hyena-male.json"
  },
  {
    "op": "add",
    "path": "/server/behaviors/7/aitasks/0/entityCodes/1",
    "value": "bandit-*",
    "file": "entities/land/locust.json"
  },
  {
    "op": "add",
    "path": "/server/behaviors/7/aitasks/2/entityCodes/1",
    "value": "bandit-*",
    "file": "entities/land/locust.json"
  },
  {
    "op": "add",
    "path": "/server/behaviors/10/aitasks/0/entityCodes/5",
    "value": "bandit-*",
    "file": "entities/land/wolf-female.json"
  },
  {
    "op": "add",
    "path": "/server/behaviors/10/aitasks/1/entityCodes/1",
    "value": "bandit-*",
    "file": "entities/land/wolf-female.json"
  },
  {
    "op": "add",
    "path": "/server/behaviors/10/aitasks/2/entityCodes/5",
    "value": "bandit-*",
    "file": "entities/land/wolf-female.json"
  },
  {
    "op": "add",
    "path": "/server/behaviors/10/aitasks/3/entityCodes/1",
    "value": "bandit-*",
    "file": "entities/land/wolf-female.json"
  },
  {
    "op": "add",
    "path": "/server/behaviors/10/aitasks/4/stopOnNearbyEntityCodes/1",
    "value": "bandit-*",
    "file": "entities/land/wolf-female.json"
  },
  {
    "op": "add",
    "path": "/server/behaviors/10/aitasks/10/stopOnNearbyEntityCodes/1",
    "value": "bandit-*",
    "file": "entities/land/wolf-female.json"
  },
  {
    "op": "add",
    "path": "/server/behaviors/9/aitasks/0/entityCodes/5",
    "value": "bandit-*",
    "file": "entities/land/wolf-male.json"
  },
  {
    "op": "add",
    "path": "/server/behaviors/9/aitasks/1/entityCodes/1",
    "value": "bandit-*",
    "file": "entities/land/wolf-male.json"
  },
  {
    "op": "add",
    "path": "/server/behaviors/9/aitasks/2/entityCodes/5",
    "value": "bandit-*",
    "file": "entities/land/wolf-male.json"
  },
  {
    "op": "add",
    "path": "/server/behaviors/9/aitasks/3/entityCodes/1",
    "value": "bandit-*",
    "file": "entities/land/wolf-male.json"
  },
  {
    "op": "add",
    "path": "/server/behaviors/9/aitasks/4/stopOnNearbyEntityCodes/1",
    "value": "bandit-*",
    "file": "entities/land/wolf-male.json"
  },
  {
    "op": "add",
    "path": "/server/behaviors/9/aitasks/9/stopOnNearbyEntityCodes/1",
    "value": "bandit-*",
    "file": "entities/land/wolf-male.json"
  }
]