[
  {
    "file": "game:entities/mobs/bandit-knive",
    "op": "add",
    "path": "/server/behaviors/-",
    "value": {
      "code": "XSkillsEntity",
      "xp": 1.0
    }
  },
  {
    "file": "game:entities/mobs/bandit-knive",
    "op": "add",
    "path": "/client/behaviors/-",
    "value": {
      "code": "XSkillsEntity",
      "xp": 1.0
    }
  },
  {
    "file": "game:entities/mobs/bandit-axe",
    "op": "add",
    "path": "/server/behaviors/-",
    "value": {
      "code": "XSkillsEntity",
      "xp": 1.5
    }
  },
  {
    "file": "game:entities/mobs/bandit-axe",
    "op": "add",
    "path": "/client/behaviors/-",
    "value": {
      "code": "XSkillsEntity",
      "xp": 1.5
    }
  },
  {
    "file": "game:entities/mobs/bandit-sword",
    "op": "add",
    "path": "/server/behaviors/-",
    "value": {
      "code": "XSkillsEntity",
      "xp": 2.0
    }
  },
  {
    "file": "game:entities/mobs/bandit-sword",
    "op": "add",
    "path": "/client/behaviors/-",
    "value": {
      "code": "XSkillsEntity",
      "xp": 2.0
    }
  }
]