{
	"editor": {
		"allAngles": false,
		"entityTextureMode": false
	},
	"textureWidth": 16,
	"textureHeight": 16,
	"textureSizes": {
	},
	"textures": {
		"cabbage": "item/food/veggie/chopped/cabbage"
	},
	"elements": [
		{
			"name": "center",
			"from": [ 1.0, 0.1, 1.0 ], 
			"to": [ 15.0, 0.1, 15.0 ], 
			"rotationOrigin": [ 1.0, 0.0, 1.0 ],
			"faces": {
				"north": { "texture": "#cabbage", "uv": [ 0.0, 0.0, 14.0, 0.5 ], "enabled": false },
				"east": { "texture": "#cabbage", "uv": [ 0.0, 0.0, 14.0, 0.5 ], "enabled": false },
				"south": { "texture": "#cabbage", "uv": [ 0.0, 0.0, 14.0, 0.5 ], "enabled": false },
				"west": { "texture": "#cabbage", "uv": [ 0.0, 0.0, 14.0, 0.5 ], "enabled": false },
				"up": { "texture": "#cabbage", "uv": [ 1.0, 1.0, 15.0, 15.0 ] },
				"down": { "texture": "#cabbage", "uv": [ 0.0, 0.0, 14.0, 14.0 ], "enabled": false }
			},
			"children": [
				{
					"name": "main",
					"from": [ 4.0, 0.0, 4.0 ], 
					"to": [ 10.0, 2.0, 10.0 ], 
					"rotationOrigin": [ 4.0, 0.0, 4.0 ],
					"faces": {
						"north": { "texture": "#cabbage", "uv": [ 3.5, 5.5, 9.5, 7.5 ] },
						"east": { "texture": "#cabbage", "uv": [ 6.0, 7.0, 12.0, 9.0 ] },
						"south": { "texture": "#cabbage", "uv": [ 4.5, 7.0, 10.5, 9.0 ] },
						"west": { "texture": "#cabbage", "uv": [ 4.5, 7.5, 10.5, 9.5 ] },
						"up": { "texture": "#cabbage", "uv": [ 4.0, 4.0, 10.0, 10.0 ] },
						"down": { "texture": "#cabbage", "uv": [ 5.0, 5.0, 11.0, 11.0 ], "enabled": false }
					}
				},
				{
					"name": "w",
					"from": [ 0.6, 0.0, 4.0 ], 
					"to": [ 4.6, 0.0, 10.0 ], 
					"rotationOrigin": [ 0.6, 0.0, 4.0 ],
					"rotationZ": 30.0,
					"faces": {
						"north": { "texture": "#cabbage", "uv": [ 0.0, 0.0, 4.0, 0.5 ], "enabled": false },
						"east": { "texture": "#cabbage", "uv": [ 0.0, 0.0, 6.0, 0.5 ], "enabled": false },
						"south": { "texture": "#cabbage", "uv": [ 0.0, 0.0, 4.0, 0.5 ], "enabled": false },
						"west": { "texture": "#cabbage", "uv": [ 0.0, 0.0, 6.0, 0.5 ], "enabled": false },
						"up": { "texture": "#cabbage", "uv": [ 1.0, 4.5, 5.0, 10.5 ] },
						"down": { "texture": "#cabbage", "uv": [ 0.0, 0.0, 4.0, 6.0 ], "enabled": false }
					}
				},
				{
					"name": "e",
					"from": [ 10.0, 2.0, 4.0 ], 
					"to": [ 14.0, 2.0, 10.0 ], 
					"rotationOrigin": [ 10.0, 2.0, 4.0 ],
					"rotationZ": -30.0,
					"faces": {
						"north": { "texture": "#cabbage", "uv": [ 0.0, 0.0, 4.0, 0.5 ], "enabled": false },
						"east": { "texture": "#cabbage", "uv": [ 0.0, 0.0, 6.0, 0.5 ], "enabled": false },
						"south": { "texture": "#cabbage", "uv": [ 0.0, 0.0, 4.0, 0.5 ], "enabled": false },
						"west": { "texture": "#cabbage", "uv": [ 0.0, 0.0, 6.0, 0.5 ], "enabled": false },
						"up": { "texture": "#cabbage", "uv": [ 11.0, 5.0, 15.0, 11.0 ] },
						"down": { "texture": "#cabbage", "uv": [ 0.0, 0.0, 4.0, 6.0 ], "enabled": false }
					}
				},
				{
					"name": "s",
					"from": [ 4.0, 2.0, 10.0 ], 
					"to": [ 10.0, 2.0, 14.0 ], 
					"rotationOrigin": [ 4.0, 2.0, 10.0 ],
					"rotationX": 30.0,
					"faces": {
						"north": { "texture": "#cabbage", "uv": [ 0.0, 0.0, 6.0, 0.5 ], "enabled": false },
						"east": { "texture": "#cabbage", "uv": [ 0.0, 0.0, 4.0, 0.5 ], "enabled": false },
						"south": { "texture": "#cabbage", "uv": [ 0.0, 0.0, 6.0, 0.5 ], "enabled": false },
						"west": { "texture": "#cabbage", "uv": [ 0.0, 0.0, 4.0, 0.5 ], "enabled": false },
						"up": { "texture": "#cabbage", "uv": [ 5.5, 11.0, 11.5, 15.0 ] },
						"down": { "texture": "#cabbage", "uv": [ 0.0, 0.0, 6.0, 4.0 ], "enabled": false }
					}
				},
				{
					"name": "n",
					"from": [ 4.0, 0.0, 0.6 ], 
					"to": [ 10.0, 0.0, 4.6 ], 
					"rotationOrigin": [ 4.0, 0.0, 0.6 ],
					"rotationX": -30.0,
					"faces": {
						"north": { "texture": "#cabbage", "uv": [ 0.0, 0.0, 6.0, 0.5 ], "enabled": false },
						"east": { "texture": "#cabbage", "uv": [ 0.0, 0.0, 4.0, 0.5 ], "enabled": false },
						"south": { "texture": "#cabbage", "uv": [ 0.0, 0.0, 6.0, 0.5 ], "enabled": false },
						"west": { "texture": "#cabbage", "uv": [ 0.0, 0.0, 4.0, 0.5 ], "enabled": false },
						"up": { "texture": "#cabbage", "uv": [ 4.5, 0.5, 10.5, 4.5 ] },
						"down": { "texture": "#cabbage", "uv": [ 0.0, 0.0, 6.0, 4.0 ], "enabled": false }
					}
				},
				{
					"name": "ne",
					"from": [ 7.6, 2.0, 3.6 ], 
					"to": [ 11.6, 2.0, 7.6 ], 
					"rotationOrigin": [ 7.6, 2.0, 3.6 ],
					"rotationY": 45.0,
					"rotationZ": -30.0,
					"faces": {
						"north": { "texture": "#cabbage", "uv": [ 0.0, 0.0, 4.0, 0.5 ], "enabled": false },
						"east": { "texture": "#cabbage", "uv": [ 0.0, 0.0, 4.0, 0.5 ], "enabled": false },
						"south": { "texture": "#cabbage", "uv": [ 0.0, 0.0, 4.0, 0.5 ], "enabled": false },
						"west": { "texture": "#cabbage", "uv": [ 0.0, 0.0, 4.0, 0.5 ], "enabled": false },
						"up": { "texture": "#cabbage", "uv": [ 11.5, 6.0, 15.5, 10.0 ] },
						"down": { "texture": "#cabbage", "uv": [ 0.0, 0.0, 4.0, 4.0 ], "enabled": false }
					}
				},
				{
					"name": "se",
					"from": [ 10.6, 2.0, 7.6 ], 
					"to": [ 14.6, 2.0, 11.6 ], 
					"rotationOrigin": [ 10.6, 2.0, 7.6 ],
					"rotationY": -45.0,
					"rotationZ": -30.0,
					"faces": {
						"north": { "texture": "#cabbage", "uv": [ 0.0, 0.0, 4.0, 0.5 ], "enabled": false },
						"east": { "texture": "#cabbage", "uv": [ 0.0, 0.0, 4.0, 0.5 ], "enabled": false },
						"south": { "texture": "#cabbage", "uv": [ 0.0, 0.0, 4.0, 0.5 ], "enabled": false },
						"west": { "texture": "#cabbage", "uv": [ 0.0, 0.0, 4.0, 0.5 ], "enabled": false },
						"up": { "texture": "#cabbage", "uv": [ 10.0, 1.5, 14.0, 5.5 ] },
						"down": { "texture": "#cabbage", "uv": [ 0.0, 0.0, 4.0, 4.0 ], "enabled": false }
					}
				},
				{
					"name": "nw",
					"from": [ 3.6, 0.0, 0.6 ], 
					"to": [ 7.6, 0.0, 4.6 ], 
					"rotationOrigin": [ 3.6, 0.0, 0.6 ],
					"rotationY": -45.0,
					"rotationZ": 30.0,
					"faces": {
						"north": { "texture": "#cabbage", "uv": [ 0.0, 0.0, 4.0, 0.5 ], "enabled": false },
						"east": { "texture": "#cabbage", "uv": [ 0.0, 0.0, 4.0, 0.5 ], "enabled": false },
						"south": { "texture": "#cabbage", "uv": [ 0.0, 0.0, 4.0, 0.5 ], "enabled": false },
						"west": { "texture": "#cabbage", "uv": [ 0.0, 0.0, 4.0, 0.5 ], "enabled": false },
						"up": { "texture": "#cabbage", "uv": [ 2.5, 2.0, 6.5, 6.0 ] },
						"down": { "texture": "#cabbage", "uv": [ 0.0, 0.0, 4.0, 4.0 ], "enabled": false }
					}
				},
				{
					"name": "sw",
					"from": [ 0.6, 0.0, 10.6 ], 
					"to": [ 4.6, 0.0, 14.6 ], 
					"rotationOrigin": [ 0.6, 0.0, 10.6 ],
					"rotationY": 45.0,
					"rotationZ": 30.0,
					"faces": {
						"north": { "texture": "#cabbage", "uv": [ 0.0, 0.0, 4.0, 0.5 ], "enabled": false },
						"east": { "texture": "#cabbage", "uv": [ 0.0, 0.0, 4.0, 0.5 ], "enabled": false },
						"south": { "texture": "#cabbage", "uv": [ 0.0, 0.0, 4.0, 0.5 ], "enabled": false },
						"west": { "texture": "#cabbage", "uv": [ 0.0, 0.0, 4.0, 0.5 ], "enabled": false },
						"up": { "texture": "#cabbage", "uv": [ 2.0, 9.5, 6.0, 13.5 ] },
						"down": { "texture": "#cabbage", "uv": [ 0.0, 0.0, 4.0, 4.0 ], "enabled": false }
					}
				}
			]
		}
	]}